parent_demand,child_segment,market_size_score,growth_score,competition_score,expansion_score,seasonality_score,product_fit_score,total_score,recommended_priority,explanation
Teacher Gift,Christmas Teacher Gift,68.65,88.53,72.0,87.68,84.5,100.0,80.87,★★★★☆,Christmas Teacher Gift has high opportunity score. Strongest signal is product fit (100.0); main constraint is market size (68.7). Parent demand is Large with medium inferred competition.
Husband Gift,Christmas Husband Gift,65.6,87.28,80.0,80.35,84.5,100.0,80.36,★★★★☆,Christmas Husband Gift has high opportunity score. Strongest signal is product fit (100.0); main constraint is market size (65.6). Parent demand is Large with medium inferred competition.
Teacher Gift,Teacher Appreciation Gift,65.13,85.67,80.0,85.04,80.0,98.0,79.97,★★★☆☆,Teacher Appreciation Gift has moderate opportunity score. Strongest signal is product fit (98.0); main constraint is market size (65.1). Parent demand is Large with medium inferred competition.
Mom Gift,Christmas Mom Gift,78.98,90.4,50.0,90.42,84.5,100.0,79.84,★★★☆☆,Christmas Mom Gift has moderate opportunity score. Strongest signal is product fit (100.0); main constraint is competition (50.0). Parent demand is Mega with high inferred competition.
Mom Gift,Dog Lover Mom Gift,72.97,87.78,58.0,88.0,84.5,100.0,79.05,★★★☆☆,Dog Lover Mom Gift has moderate opportunity score. Strongest signal is product fit (100.0); main constraint is competition (58.0). Parent demand is Mega with high inferred competition.
Dad Gift,Christmas Dad Gift,77.11,89.24,50.0,89.36,84.5,100.0,78.98,★★★☆☆,Christmas Dad Gift has moderate opportunity score. Strongest signal is product fit (100.0); main constraint is competition (50.0). Parent demand is Mega with high inferred competition.
Wife Gift,Christmas Wife Gift,66.48,87.6,80.0,68.34,84.5,100.0,78.84,★★★☆☆,Christmas Wife Gift has moderate opportunity score. Strongest signal is product fit (100.0); main constraint is market size (66.5). Parent demand is Large with medium inferred competition.
Girl Gift,Christmas Girl Gift,73.27,86.52,58.0,86.84,84.5,95.0,78.2,★★★☆☆,Christmas Girl Gift has moderate opportunity score. Strongest signal is product fit (95.0); main constraint is competition (58.0). Parent demand is Mega with high inferred competition.
Teacher Gift,Funny Teacher Gift,61.04,82.42,80.0,82.04,80.0,100.0,78.05,★★★☆☆,Funny Teacher Gift has moderate opportunity score. Strongest signal is product fit (100.0); main constraint is market size (61.0). Parent demand is Large with medium inferred competition.
Boy Gift,Christmas Boy Gift,72.96,86.26,58.0,84.7,84.5,95.0,77.75,★★★☆☆,Christmas Boy Gift has moderate opportunity score. Strongest signal is product fit (95.0); main constraint is competition (58.0). Parent demand is Mega with high inferred competition.
Dad Gift,Cat Lover Dad Gift,71.1,86.17,58.0,86.53,80.0,100.0,77.59,★★★☆☆,Cat Lover Dad Gift has moderate opportunity score. Strongest signal is product fit (100.0); main constraint is competition (58.0). Parent demand is Mega with high inferred competition.
Mom Gift,Cat Lover Mom Gift,71.28,85.77,58.0,86.16,80.0,100.0,77.5,★★★☆☆,Cat Lover Mom Gift has moderate opportunity score. Strongest signal is product fit (100.0); main constraint is competition (58.0). Parent demand is Mega with high inferred competition.
Dad Gift,Cat Dad Gift,71.1,85.85,58.0,86.23,80.0,100.0,77.48,★★★☆☆,Cat Dad Gift has moderate opportunity score. Strongest signal is product fit (100.0); main constraint is competition (58.0). Parent demand is Mega with high inferred competition.
Dog Gift,Christmas Dog Gift,68.14,88.67,72.0,62.94,84.5,100.0,77.06,★★★☆☆,Christmas Dog Gift has moderate opportunity score. Strongest signal is product fit (100.0); main constraint is expansion (62.9). Parent demand is Large with medium inferred competition.
Boy Gift,Soccer Boy Gift,71.65,86.07,58.0,84.52,80.0,95.0,76.9,★★★☆☆,Soccer Boy Gift has moderate opportunity score. Strongest signal is product fit (95.0); main constraint is competition (58.0). Parent demand is Mega with high inferred competition.
Dog Gift,Dog Lover Dog Gift,64.19,87.17,80.0,61.56,80.0,100.0,76.72,★★★☆☆,Dog Lover Dog Gift has moderate opportunity score. Strongest signal is product fit (100.0); main constraint is expansion (61.6). Parent demand is Large with medium inferred competition.
Grandma Gift,Christmas Grandma Gift,73.06,86.98,58.0,72.97,84.5,100.0,76.66,★★★☆☆,Christmas Grandma Gift has moderate opportunity score. Strongest signal is product fit (100.0); main constraint is competition (58.0). Parent demand is Mega with high inferred competition.
Dad Gift,Dog Lover Dad Gift,69.43,84.11,58.0,84.63,80.0,100.0,76.47,★★★☆☆,Dog Lover Dad Gift has moderate opportunity score. Strongest signal is product fit (100.0); main constraint is competition (58.0). Parent demand is Mega with high inferred competition.
Dad Gift,Dog Dad Gift,69.43,83.98,58.0,84.5,80.0,100.0,76.43,★★★☆☆,Dog Dad Gift has moderate opportunity score. Strongest signal is product fit (100.0); main constraint is competition (58.0). Parent demand is Mega with high inferred competition.
Mom Gift,Funny Mom Gift,68.75,82.69,58.0,83.31,84.5,98.0,76.07,★★★☆☆,Funny Mom Gift has moderate opportunity score. Strongest signal is product fit (98.0); main constraint is competition (58.0). Parent demand is Mega with high inferred competition.
Mom Gift,Dog Mom Gift,72.97,87.62,46.0,82.59,84.5,100.0,75.81,★★★☆☆,Dog Mom Gift has moderate opportunity score. Strongest signal is product fit (100.0); main constraint is competition (46.0). Parent demand is Mega with high inferred competition.
Girl Gift,Soccer Girl Gift,69.05,83.65,58.0,84.2,80.0,95.0,75.72,★★★☆☆,Soccer Girl Gift has moderate opportunity score. Strongest signal is product fit (95.0); main constraint is competition (58.0). Parent demand is Mega with high inferred competition.
Dad Gift,Funny Dad Gift,70.64,84.45,58.0,84.94,80.0,88.0,75.69,★★★☆☆,Funny Dad Gift has moderate opportunity score. Strongest signal is product fit (88.0); main constraint is competition (58.0). Parent demand is Mega with high inferred competition.
Teacher Gift,Halloween Teacher Gift,60.96,73.09,80.0,81.27,76.0,100.0,75.65,★★★☆☆,Halloween Teacher Gift has moderate opportunity score. Strongest signal is product fit (100.0); main constraint is market size (61.0). Parent demand is Large with medium inferred competition.
Boy Gift,Gaming Boy Gift,68.57,83.39,58.0,82.05,80.0,97.0,75.43,★★★☆☆,Gaming Boy Gift has moderate opportunity score. Strongest signal is product fit (97.0); main constraint is competition (58.0). Parent demand is Mega with high inferred competition.
Grandpa Gift,Christmas Grandpa Gift,62.0,80.02,80.0,65.27,80.5,100.0,75.34,★★★☆☆,Christmas Grandpa Gift has moderate opportunity score. Strongest signal is product fit (100.0); main constraint is market size (62.0). Parent demand is Large with medium inferred competition.
Boy Gift,Fishing Boy Gift,67.78,83.27,58.0,81.94,80.0,97.0,75.19,★★★☆☆,Fishing Boy Gift has moderate opportunity score. Strongest signal is product fit (97.0); main constraint is competition (58.0). Parent demand is Mega with high inferred competition.
Girl Gift,Cat Girl Gift,67.64,83.11,58.0,83.69,80.0,95.0,75.19,★★★☆☆,Cat Girl Gift has moderate opportunity score. Strongest signal is product fit (95.0); main constraint is competition (58.0). Parent demand is Mega with high inferred competition.
Mom Gift,Cat Mom Gift,71.28,86.03,46.0,81.11,80.0,100.0,74.39,★★★☆☆,Cat Mom Gift has moderate opportunity score. Strongest signal is product fit (100.0); main constraint is competition (46.0). Parent demand is Mega with high inferred competition.
Cat Gift,Cat Lover Cat Gift,54.94,87.07,80.0,60.66,80.0,100.0,74.25,★★★☆☆,Cat Lover Cat Gift has moderate opportunity score. Strongest signal is product fit (100.0); main constraint is market size (54.9). Parent demand is Mid with medium inferred competition.
Teacher Gift,Teacher Christmas Gift,56.47,67.94,80.0,76.52,76.0,100.0,72.78,★★★☆☆,Teacher Christmas Gift has moderate opportunity score. Strongest signal is product fit (100.0); main constraint is market size (56.5). Parent demand is Large with medium inferred competition.
Teacher Gift,Faith Teacher Gift,56.87,68.59,80.0,77.12,71.5,98.0,72.45,★★★☆☆,Faith Teacher Gift has moderate opportunity score. Strongest signal is product fit (98.0); main constraint is market size (56.9). Parent demand is Large with medium inferred competition.
Girl Gift,Hunting Girl Gift,65.76,75.8,58.0,80.64,76.0,95.0,72.4,★★★☆☆,Hunting Girl Gift has moderate opportunity score. Strongest signal is product fit (95.0); main constraint is competition (58.0). Parent demand is Mega with high inferred competition.
Coffee Gift,Coffee Lover Coffee Gift,54.29,86.19,68.0,66.07,80.0,100.0,72.32,★★★☆☆,Coffee Lover Coffee Gift has moderate opportunity score. Strongest signal is product fit (100.0); main constraint is market size (54.3). Parent demand is Mid with low-medium inferred competition.
Cat Gift,Christmas Cat Gift,53.84,79.99,80.0,57.82,80.5,100.0,72.18,★★★☆☆,Christmas Cat Gift has moderate opportunity score. Strongest signal is product fit (100.0); main constraint is market size (53.8). Parent demand is Mid with medium inferred competition.
Girl Gift,Faith Girl Gift,66.05,81.09,58.0,81.84,80.0,74.0,72.01,★★★☆☆,Faith Girl Gift has moderate opportunity score. Strongest signal is expansion (81.8); main constraint is competition (58.0). Parent demand is Mega with high inferred competition.
Cat Gift,Funny Cat Gift,51.66,83.89,80.0,57.72,80.0,95.0,71.85,★★★☆☆,Funny Cat Gift has moderate opportunity score. Strongest signal is product fit (95.0); main constraint is market size (51.7). Parent demand is Mid with medium inferred competition.
Mom Gift,Soccer Mom Gift,64.51,73.5,58.0,78.52,76.0,100.0,71.81,★★★☆☆,Soccer Mom Gift has moderate opportunity score. Strongest signal is product fit (100.0); main constraint is competition (58.0). Parent demand is Mega with high inferred competition.
Girl Gift,Country Girl Girl Gift,66.87,82.24,58.0,82.9,80.0,66.0,71.8,★★★☆☆,Country Girl Girl Gift has moderate opportunity score. Strongest signal is expansion (82.9); main constraint is competition (58.0). Parent demand is Mega with high inferred competition.
Husband Gift,Funny Husband Gift,58.43,70.2,80.0,72.43,71.5,88.0,71.46,★★★☆☆,Funny Husband Gift has moderate opportunity score. Strongest signal is product fit (88.0); main constraint is market size (58.4). Parent demand is Large with medium inferred competition.
Husband Gift,Gaming Husband Gift,56.26,67.95,80.0,70.36,71.5,100.0,71.36,★★★☆☆,Gaming Husband Gift has moderate opportunity score. Strongest signal is product fit (100.0); main constraint is market size (56.3). Parent demand is Large with medium inferred competition.
Mom Gift,Faith Mom Gift,67.04,76.01,58.0,80.84,76.0,80.0,71.29,★★★☆☆,Faith Mom Gift has moderate opportunity score. Strongest signal is expansion (80.8); main constraint is competition (58.0). Parent demand is Mega with high inferred competition.
Husband Gift,Husband Valentine's Day Gift,60.39,63.89,80.0,74.82,71.5,90.0,71.25,★★★☆☆,Husband Valentine's Day Gift has moderate opportunity score. Strongest signal is product fit (90.0); main constraint is market size (60.4). Parent demand is Large with medium inferred competition.
Girl Gift,Halloween Girl Gift,66.41,70.03,58.0,79.47,76.0,95.0,71.23,★★★☆☆,Halloween Girl Gift has moderate opportunity score. Strongest signal is product fit (95.0); main constraint is competition (58.0). Parent demand is Mega with high inferred competition.
Husband Gift,Valentine Husband Gift,60.39,63.72,80.0,74.67,71.5,90.0,71.19,★★★☆☆,Valentine Husband Gift has moderate opportunity score. Strongest signal is product fit (90.0); main constraint is market size (60.4). Parent demand is Large with medium inferred competition.
Girl Gift,American Girl Gift,65.95,81.08,58.0,81.83,80.0,66.0,71.18,★★★☆☆,American Girl Gift has moderate opportunity score. Strongest signal is expansion (81.8); main constraint is competition (58.0). Parent demand is Mega with high inferred competition.
Reading Gift,Book Lover Reading Gift,42.1,87.08,100.0,48.5,80.0,74.0,70.62,★★★☆☆,Book Lover Reading Gift has moderate opportunity score. Strongest signal is competition (100.0); main constraint is market size (42.1). Parent demand is Small with low inferred competition.
Girl Gift,Gaming Girl Gift,65.71,69.61,58.0,79.09,71.5,95.0,70.46,★★★☆☆,Gaming Girl Gift has moderate opportunity score. Strongest signal is product fit (95.0); main constraint is competition (58.0). Parent demand is Mega with high inferred competition.
Nurse Gift,Funny Nurse Gift,48.9,81.54,80.0,52.78,80.0,100.0,70.45,★★★☆☆,Funny Nurse Gift has moderate opportunity score. Strongest signal is product fit (100.0); main constraint is market size (48.9). Parent demand is Mid with medium inferred competition.
Boy Gift,Halloween Boy Gift,65.45,69.25,58.0,76.85,76.0,95.0,70.44,★★★☆☆,Halloween Boy Gift has moderate opportunity score. Strongest signal is product fit (95.0); main constraint is competition (58.0). Parent demand is Mega with high inferred competition.
Dad Gift,Fishing Dad Gift,64.95,68.46,58.0,78.02,71.5,100.0,70.38,★★★☆☆,Fishing Dad Gift has moderate opportunity score. Strongest signal is product fit (100.0); main constraint is competition (58.0). Parent demand is Mega with high inferred competition.
Boy Gift,Hunting Boy Gift,65.2,69.34,58.0,76.93,71.5,97.0,70.16,★★★☆☆,Hunting Boy Gift has moderate opportunity score. Strongest signal is product fit (97.0); main constraint is competition (58.0). Parent demand is Mega with high inferred competition.
Nurse Gift,Nurse Graduation Gift,48.45,81.23,80.0,52.49,80.0,98.0,70.03,★★★☆☆,Nurse Graduation Gift has moderate opportunity score. Strongest signal is product fit (98.0); main constraint is market size (48.5). Parent demand is Mid with medium inferred competition.
Girl Gift,Cat Lover Girl Gift,64.27,68.99,58.0,78.52,71.5,95.0,69.89,★★☆☆☆,Cat Lover Girl Gift has moderate opportunity score. Strongest signal is product fit (95.0); main constraint is competition (58.0). Parent demand is Mega with high inferred competition.
Dad Gift,Hunting Dad Gift,63.84,67.3,58.0,76.95,71.5,100.0,69.71,★★☆☆☆,Hunting Dad Gift has moderate opportunity score. Strongest signal is product fit (100.0); main constraint is competition (58.0). Parent demand is Mega with high inferred competition.
Grandpa Gift,Funny Grandpa Gift,57.85,70.53,80.0,60.66,71.5,88.0,69.62,★★☆☆☆,Funny Grandpa Gift has moderate opportunity score. Strongest signal is product fit (88.0); main constraint is market size (57.9). Parent demand is Large with medium inferred competition.
Teacher Gift,Thanksgiving Teacher Gift,58.26,50.85,80.0,78.1,71.5,100.0,69.6,★★☆☆☆,Thanksgiving Teacher Gift has moderate opportunity score. Strongest signal is product fit (100.0); main constraint is growth (50.9). Parent demand is Large with medium inferred competition.
Boy Decor,Gaming Boy Decor,51.65,83.64,68.0,62.11,80.0,89.0,69.46,★★☆☆☆,Gaming Boy Decor has moderate opportunity score. Strongest signal is product fit (89.0); main constraint is market size (51.6). Parent demand is Mid with low-medium inferred competition.
Mom Matching,Christmas Mom Matching,52.89,84.87,68.0,49.36,84.5,98.0,69.45,★★☆☆☆,Christmas Mom Matching has moderate opportunity score. Strongest signal is product fit (98.0); main constraint is expansion (49.4). Parent demand is Mid with low-medium inferred competition.
Teacher Gift,Teacher Valentine's Day Gift,55.14,56.68,80.0,74.34,71.5,100.0,69.42,★★☆☆☆,Teacher Valentine's Day Gift has moderate opportunity score. Strongest signal is product fit (100.0); main constraint is market size (55.1). Parent demand is Large with medium inferred competition.
Teacher Gift,Valentine Teacher Gift,55.14,56.68,80.0,74.34,71.5,100.0,69.42,★★☆☆☆,Valentine Teacher Gift has moderate opportunity score. Strongest signal is product fit (100.0); main constraint is market size (55.1). Parent demand is Large with medium inferred competition.
Grandma Gift,Dog Grandma Gift,65.9,71.14,58.0,66.19,71.5,100.0,69.38,★★☆☆☆,Dog Grandma Gift has moderate opportunity score. Strongest signal is product fit (100.0); main constraint is competition (58.0). Parent demand is Mega with high inferred competition.
Mom Gift,Mom Birthday Gift,74.26,53.81,58.0,88.13,71.0,80.0,69.25,★★☆☆☆,Mom Birthday Gift has moderate opportunity score. Strongest signal is expansion (88.1); main constraint is growth (53.8). Parent demand is Mega with high inferred competition.
Boy Gift,Faith Boy Gift,64.1,74.59,58.0,77.61,76.0,74.0,69.18,★★☆☆☆,Faith Boy Gift has moderate opportunity score. Strongest signal is expansion (77.6); main constraint is competition (58.0). Parent demand is Mega with high inferred competition.
Teacher Gift,Teacher Birthday Gift,58.59,47.13,80.0,80.94,71.0,98.0,69.11,★★☆☆☆,Teacher Birthday Gift has moderate opportunity score. Strongest signal is product fit (98.0); main constraint is growth (47.1). Parent demand is Large with medium inferred competition.
Teacher Gift,Yoga Teacher Gift,55.48,57.13,80.0,74.76,67.0,98.0,69.01,★★☆☆☆,Yoga Teacher Gift has moderate opportunity score. Strongest signal is product fit (98.0); main constraint is market size (55.5). Parent demand is Large with medium inferred competition.
Husband Gift,Husband Birthday Gift,63.16,51.38,80.0,78.69,71.0,80.0,68.97,★★☆☆☆,Husband Birthday Gift has moderate opportunity score. Strongest signal is competition (80.0); main constraint is growth (51.4). Parent demand is Large with medium inferred competition.
Teacher Gift,Reading Teacher Gift,55.42,57.06,80.0,74.7,67.0,98.0,68.97,★★☆☆☆,Reading Teacher Gift has moderate opportunity score. Strongest signal is product fit (98.0); main constraint is market size (55.4). Parent demand is Large with medium inferred competition.
Wife Gift,Funny Wife Gift,57.22,69.11,80.0,59.12,71.5,88.0,68.95,★★☆☆☆,Funny Wife Gift has moderate opportunity score. Strongest signal is product fit (88.0); main constraint is market size (57.2). Parent demand is Large with medium inferred competition.
Dad Gift,Dad Birthday Gift,73.15,53.37,58.0,87.73,71.0,80.0,68.82,★★☆☆☆,Dad Birthday Gift has moderate opportunity score. Strongest signal is expansion (87.7); main constraint is growth (53.4). Parent demand is Mega with high inferred competition.
Girl Gift,Girl Appreciation Gift,64.25,74.03,58.0,79.0,76.0,66.0,68.52,★★☆☆☆,Girl Appreciation Gift has moderate opportunity score. Strongest signal is expansion (79.0); main constraint is competition (58.0). Parent demand is Mega with high inferred competition.
Teacher Gift,Teacher Graduation Gift,54.54,55.89,80.0,73.61,67.0,98.0,68.35,★★☆☆☆,Teacher Graduation Gift has moderate opportunity score. Strongest signal is product fit (98.0); main constraint is market size (54.5). Parent demand is Large with medium inferred competition.
Girl Gift,Book Lover Girl Gift,63.8,68.44,58.0,78.01,71.5,82.0,68.29,★★☆☆☆,Book Lover Girl Gift has moderate opportunity score. Strongest signal is product fit (82.0); main constraint is competition (58.0). Parent demand is Mega with high inferred competition.
Dog Gift,Funny Dog Gift,56.04,68.3,80.0,51.98,71.5,95.0,68.12,★★☆☆☆,Funny Dog Gift has moderate opportunity score. Strongest signal is product fit (95.0); main constraint is expansion (52.0). Parent demand is Large with medium inferred competition.
Mom Gift,Mother's Day Mom Gift,63.27,67.23,58.0,76.89,76.0,80.0,68.0,★★☆☆☆,Mother's Day Mom Gift has moderate opportunity score. Strongest signal is product fit (80.0); main constraint is competition (58.0). Parent demand is Mega with high inferred competition.
Dad Gift,Faith Dad Gift,64.07,67.93,58.0,77.53,71.5,80.0,67.98,★★☆☆☆,Faith Dad Gift has moderate opportunity score. Strongest signal is product fit (80.0); main constraint is competition (58.0). Parent demand is Mega with high inferred competition.
Boy Gift,Funny Boy Gift,65.42,69.32,58.0,76.9,71.5,74.0,67.9,★★☆☆☆,Funny Boy Gift has moderate opportunity score. Strongest signal is expansion (76.9); main constraint is competition (58.0). Parent demand is Mega with high inferred competition.
Daughter Gift,Christmas Daughter Gift,50.04,77.66,68.0,54.11,80.5,100.0,67.81,★★☆☆☆,Christmas Daughter Gift has moderate opportunity score. Strongest signal is product fit (100.0); main constraint is market size (50.0). Parent demand is Mid with low-medium inferred competition.
Nurse Gift,Christmas Nurse Gift,49.27,71.18,80.0,51.07,76.0,100.0,67.81,★★☆☆☆,Christmas Nurse Gift has moderate opportunity score. Strongest signal is product fit (100.0); main constraint is market size (49.3). Parent demand is Mid with medium inferred competition.
Mom Gift,Mom Wedding Gift,71.51,51.54,58.0,86.04,71.0,80.0,67.79,★★☆☆☆,Mom Wedding Gift has moderate opportunity score. Strongest signal is expansion (86.0); main constraint is growth (51.5). Parent demand is Mega with high inferred competition.
Dad Gift,Father's Day Dad Gift,62.85,66.8,58.0,76.49,76.0,80.0,67.75,★★☆☆☆,Father's Day Dad Gift has moderate opportunity score. Strongest signal is product fit (80.0); main constraint is competition (58.0). Parent demand is Mega with high inferred competition.
Boy Decor,Soccer Boy Decor,47.66,81.19,68.0,59.85,80.0,89.0,67.63,★★☆☆☆,Soccer Boy Decor has moderate opportunity score. Strongest signal is product fit (89.0); main constraint is market size (47.7). Parent demand is Mid with low-medium inferred competition.
Grandma Gift,Funny Grandma Gift,65.16,69.75,58.0,64.9,71.5,88.0,67.53,★★☆☆☆,Funny Grandma Gift has moderate opportunity score. Strongest signal is product fit (88.0); main constraint is competition (58.0). Parent demand is Mega with high inferred competition.
Husband Gift,Husband Anniversary Gift,60.17,49.12,80.0,76.6,71.0,80.0,67.46,★★☆☆☆,Husband Anniversary Gift has moderate opportunity score. Strongest signal is competition (80.0); main constraint is growth (49.1). Parent demand is Large with medium inferred competition.
Teacher Gift,Teacher Thanksgiving Gift,54.97,46.55,80.0,74.13,71.5,100.0,67.32,★★☆☆☆,Teacher Thanksgiving Gift has moderate opportunity score. Strongest signal is product fit (100.0); main constraint is growth (46.5). Parent demand is Large with medium inferred competition.
Dad Gift,Gaming Dad Gift,63.44,57.7,58.0,76.31,67.0,100.0,67.15,★★☆☆☆,Gaming Dad Gift has moderate opportunity score. Strongest signal is product fit (100.0); main constraint is growth (57.7). Parent demand is Mega with high inferred competition.
Dad Gift,Soccer Dad Gift,63.51,57.2,58.0,75.84,67.0,100.0,66.99,★★☆☆☆,Soccer Dad Gift has moderate opportunity score. Strongest signal is product fit (100.0); main constraint is growth (57.2). Parent demand is Mega with high inferred competition.
Dad Gift,Dad Wedding Gift,69.5,50.49,58.0,85.06,71.0,80.0,66.93,★★☆☆☆,Dad Wedding Gift has moderate opportunity score. Strongest signal is expansion (85.1); main constraint is growth (50.5). Parent demand is Mega with high inferred competition.
Girl Gift,Girl Birthday Gift,71.12,51.03,58.0,85.56,71.0,74.0,66.92,★★☆☆☆,Girl Birthday Gift has moderate opportunity score. Strongest signal is expansion (85.6); main constraint is growth (51.0). Parent demand is Mega with high inferred competition.
Girl Gift,Funny Girl Gift,63.03,67.26,58.0,76.91,71.5,74.0,66.9,★★☆☆☆,Funny Girl Gift has moderate opportunity score. Strongest signal is expansion (76.9); main constraint is competition (58.0). Parent demand is Mega with high inferred competition.
Grandpa Gift,Dog Grandpa Gift,55.4,57.9,80.0,57.21,67.0,100.0,66.71,★★☆☆☆,Dog Grandpa Gift has moderate opportunity score. Strongest signal is product fit (100.0); main constraint is market size (55.4). Parent demand is Large with medium inferred competition.
Wife Gift,Wife Birthday Gift,61.6,51.04,80.0,66.07,71.0,80.0,66.62,★★☆☆☆,Wife Birthday Gift has moderate opportunity score. Strongest signal is competition (80.0); main constraint is growth (51.0). Parent demand is Large with medium inferred competition.
Fishing Gift,Funny Fishing Gift,48.59,81.27,68.0,46.02,80.0,97.0,66.6,★★☆☆☆,Funny Fishing Gift has moderate opportunity score. Strongest signal is product fit (97.0); main constraint is expansion (46.0). Parent demand is Mid with low-medium inferred competition.
Grandpa Gift,Fishing Grandpa Gift,54.85,56.74,80.0,56.15,67.0,100.0,66.18,★★☆☆☆,Fishing Grandpa Gift has moderate opportunity score. Strongest signal is product fit (100.0); main constraint is market size (54.9). Parent demand is Large with medium inferred competition.
Hunting Gift,Christmas Hunting Gift,53.67,67.32,80.0,38.36,76.0,99.0,66.14,★★☆☆☆,Christmas Hunting Gift has moderate opportunity score. Strongest signal is product fit (99.0); main constraint is expansion (38.4). Parent demand is Large with medium inferred competition.
Girl Gift,Cowgirl Girl Gift,63.09,67.27,58.0,76.93,71.5,66.0,66.12,★★☆☆☆,Cowgirl Girl Gift has moderate opportunity score. Strongest signal is expansion (76.9); main constraint is competition (58.0). Parent demand is Mega with high inferred competition.
Girl Gift,Dog Girl Gift,62.52,56.73,58.0,75.41,67.0,95.0,66.09,★★☆☆☆,Dog Girl Gift has moderate opportunity score. Strongest signal is product fit (95.0); main constraint is growth (56.7). Parent demand is Mega with high inferred competition.
Girl Matching,American Girl Matching,35.32,81.82,100.0,41.54,80.0,66.0,66.03,★★☆☆☆,American Girl Matching has moderate opportunity score. Strongest signal is competition (100.0); main constraint is market size (35.3). Parent demand is Small with low inferred competition.
Nurse Gift,Nurse Appreciation Gift,46.05,65.2,80.0,50.9,80.0,98.0,65.99,★★☆☆☆,Nurse Appreciation Gift has moderate opportunity score. Strongest signal is product fit (98.0); main constraint is market size (46.0). Parent demand is Mid with medium inferred competition.
Hunting Gift,Funny Hunting Gift,54.59,67.55,80.0,38.58,71.5,97.0,65.79,★★☆☆☆,Funny Hunting Gift has moderate opportunity score. Strongest signal is product fit (97.0); main constraint is expansion (38.6). Parent demand is Large with medium inferred competition.
Dad Gift,Camping Dad Gift,61.45,55.04,58.0,73.85,67.0,100.0,65.75,★★☆☆☆,Camping Dad Gift has moderate opportunity score. Strongest signal is product fit (100.0); main constraint is growth (55.0). Parent demand is Mega with high inferred competition.
Girl Gift,Floral Girl Gift,69.1,50.7,58.0,85.26,71.0,66.0,65.5,★★☆☆☆,Floral Girl Gift has moderate opportunity score. Strongest signal is expansion (85.3); main constraint is growth (50.7). Parent demand is Mega with high inferred competition.
Boy Gift,Boy Birthday Gift,70.47,50.31,58.0,82.99,71.0,66.0,65.43,★★☆☆☆,Boy Birthday Gift has moderate opportunity score. Strongest signal is expansion (83.0); main constraint is growth (50.3). Parent demand is Mega with high inferred competition.
Husband Gift,Faith Husband Gift,54.06,55.59,80.0,67.16,67.0,80.0,65.41,★★☆☆☆,Faith Husband Gift has moderate opportunity score. Strongest signal is competition (80.0); main constraint is market size (54.1). Parent demand is Large with medium inferred competition.
Mom Gift,Gardening Mom Gift,63.92,57.95,58.0,76.54,67.0,80.0,65.35,★★☆☆☆,Gardening Mom Gift has moderate opportunity score. Strongest signal is product fit (80.0); main constraint is growth (58.0). Parent demand is Mega with high inferred competition.
Wife Gift,Wife Anniversary Gift,59.48,48.8,80.0,64.0,71.0,80.0,65.33,★★☆☆☆,Wife Anniversary Gift has moderate opportunity score. Strongest signal is competition (80.0); main constraint is growth (48.8). Parent demand is Large with medium inferred competition.
Girl Decor,Halloween Girl Decor,49.17,71.01,68.0,53.33,76.0,96.0,65.29,★★☆☆☆,Halloween Girl Decor has moderate opportunity score. Strongest signal is product fit (96.0); main constraint is market size (49.2). Parent demand is Mid with low-medium inferred competition.
Dog Gift,Dog Birthday Gift,58.03,47.95,80.0,56.83,71.0,95.0,65.22,★★☆☆☆,Dog Birthday Gift has moderate opportunity score. Strongest signal is product fit (95.0); main constraint is growth (48.0). Parent demand is Large with medium inferred competition.
Mom Gift,Reading Mom Gift,62.48,56.22,58.0,74.94,67.0,88.0,65.2,★★☆☆☆,Reading Mom Gift has moderate opportunity score. Strongest signal is product fit (88.0); main constraint is growth (56.2). Parent demand is Mega with high inferred competition.
Mom Matching,Halloween Mom Matching,50.35,73.18,68.0,46.41,76.0,98.0,65.19,★★☆☆☆,Halloween Mom Matching has moderate opportunity score. Strongest signal is product fit (98.0); main constraint is expansion (46.4). Parent demand is Mid with low-medium inferred competition.
Girl Decor,Gaming Girl Decor,44.92,78.19,68.0,52.11,80.0,89.0,65.18,★★☆☆☆,Gaming Girl Decor has moderate opportunity score. Strongest signal is product fit (89.0); main constraint is market size (44.9). Parent demand is Mid with low-medium inferred competition.
Grandma Gift,Grandma Birthday Gift,69.71,51.23,58.0,71.44,71.0,80.0,65.09,★★☆☆☆,Grandma Birthday Gift has moderate opportunity score. Strongest signal is product fit (80.0); main constraint is growth (51.2). Parent demand is Mega with high inferred competition.
Coffee Gift,Christmas Coffee Gift,46.8,68.01,68.0,57.13,76.0,100.0,65.07,★★☆☆☆,Christmas Coffee Gift has moderate opportunity score. Strongest signal is product fit (100.0); main constraint is market size (46.8). Parent demand is Mid with low-medium inferred competition.
Cat Gift,Cat Appreciation Gift,44.35,63.21,80.0,51.83,80.0,95.0,65.0,★★☆☆☆,Cat Appreciation Gift has moderate opportunity score. Strongest signal is product fit (95.0); main constraint is market size (44.4). Parent demand is Mid with medium inferred competition.
Mom Wedding,Floral Mom Wedding,53.05,72.56,80.0,38.19,79.0,74.0,64.8,★★☆☆☆,Floral Mom Wedding has moderate opportunity score. Strongest signal is competition (80.0); main constraint is expansion (38.2). Parent demand is Large with medium inferred competition.
Grandpa Gift,Grandpa Birthday Gift,58.94,47.49,80.0,63.02,71.0,80.0,64.79,★★☆☆☆,Grandpa Birthday Gift has moderate opportunity score. Strongest signal is competition (80.0); main constraint is growth (47.5). Parent demand is Large with medium inferred competition.
Son Gift,Christmas Son Gift,48.66,70.58,68.0,48.52,76.0,100.0,64.76,★★☆☆☆,Christmas Son Gift has moderate opportunity score. Strongest signal is product fit (100.0); main constraint is expansion (48.5). Parent demand is Mid with low-medium inferred competition.
Dad Gift,Gardening Dad Gift,62.8,56.84,58.0,75.52,67.0,80.0,64.7,★★☆☆☆,Gardening Dad Gift has moderate opportunity score. Strongest signal is product fit (80.0); main constraint is growth (56.8). Parent demand is Mega with high inferred competition.
Grandma Gift,Cat Grandma Gift,62.25,57.12,58.0,61.46,67.0,100.0,64.51,★★☆☆☆,Cat Grandma Gift has moderate opportunity score. Strongest signal is product fit (100.0); main constraint is growth (57.1). Parent demand is Mega with high inferred competition.
Wife Gift,Wife Appreciation Gift,58.05,47.33,80.0,62.64,71.0,80.0,64.47,★★☆☆☆,Wife Appreciation Gift has moderate opportunity score. Strongest signal is competition (80.0); main constraint is growth (47.3). Parent demand is Large with medium inferred competition.
Dog Matching,Christmas Dog Matching,47.43,75.75,68.0,38.05,80.5,100.0,64.36,★★☆☆☆,Christmas Dog Matching has moderate opportunity score. Strongest signal is product fit (100.0); main constraint is expansion (38.0). Parent demand is Mid with low-medium inferred competition.
Wife Gift,Faith Wife Gift,54.85,57.2,80.0,56.34,67.0,80.0,64.3,★★☆☆☆,Faith Wife Gift has moderate opportunity score. Strongest signal is competition (80.0); main constraint is market size (54.9). Parent demand is Large with medium inferred competition.
Mom Gift,Mom Appreciation Gift,62.11,55.72,58.0,74.47,67.0,80.0,64.14,★★☆☆☆,Mom Appreciation Gift has moderate opportunity score. Strongest signal is product fit (80.0); main constraint is growth (55.7). Parent demand is Mega with high inferred competition.
Girl Gift,Reading Girl Gift,61.42,55.26,58.0,74.05,67.0,82.0,64.01,★★☆☆☆,Reading Girl Gift has moderate opportunity score. Strongest signal is product fit (82.0); main constraint is growth (55.3). Parent demand is Mega with high inferred competition.
Mom Matching,Thanksgiving Mom Matching,48.44,70.7,68.0,44.12,76.0,98.0,63.87,★★☆☆☆,Thanksgiving Mom Matching has moderate opportunity score. Strongest signal is product fit (98.0); main constraint is expansion (44.1). Parent demand is Mid with low-medium inferred competition.
Boy Gift,Boy Valentine's Day Gift,61.46,55.52,58.0,72.38,71.5,77.0,63.78,★★☆☆☆,Boy Valentine's Day Gift has moderate opportunity score. Strongest signal is product fit (77.0); main constraint is growth (55.5). Parent demand is Mega with high inferred competition.
Boy Gift,Valentine Boy Gift,61.46,55.52,58.0,72.38,71.5,77.0,63.78,★★☆☆☆,Valentine Boy Gift has moderate opportunity score. Strongest signal is product fit (77.0); main constraint is growth (55.5). Parent demand is Mega with high inferred competition.
Wife Gift,Wife Wedding Gift,56.21,45.9,80.0,61.32,71.0,80.0,63.53,★★☆☆☆,Wife Wedding Gift has moderate opportunity score. Strongest signal is competition (80.0); main constraint is growth (45.9). Parent demand is Large with medium inferred competition.
Girl Gift,Farm Life Girl Gift,62.68,56.94,58.0,75.6,67.0,66.0,63.3,★★☆☆☆,Farm Life Girl Gift has moderate opportunity score. Strongest signal is expansion (75.6); main constraint is growth (56.9). Parent demand is Mega with high inferred competition.
Fishing Gift,Christmas Fishing Gift,46.55,69.58,68.0,43.07,76.0,99.0,63.11,★★☆☆☆,Christmas Fishing Gift has moderate opportunity score. Strongest signal is product fit (99.0); main constraint is expansion (43.1). Parent demand is Mid with low-medium inferred competition.
Soccer Gift,Christmas Soccer Gift,45.34,67.74,68.0,46.75,76.0,99.0,63.0,★★☆☆☆,Christmas Soccer Gift has moderate opportunity score. Strongest signal is product fit (99.0); main constraint is market size (45.3). Parent demand is Mid with low-medium inferred competition.
Police Officer Gift,Police Officer Graduation Gift,33.21,65.89,100.0,45.93,80.0,66.0,62.97,★★☆☆☆,Police Officer Graduation Gift has moderate opportunity score. Strongest signal is competition (100.0); main constraint is market size (33.2). Parent demand is Small with low inferred competition.
Grandma Gift,Gardening Grandma Gift,62.9,57.82,58.0,62.1,67.0,80.0,62.9,★★☆☆☆,Gardening Grandma Gift has moderate opportunity score. Strongest signal is product fit (80.0); main constraint is growth (57.8). Parent demand is Mega with high inferred competition.
Grandma Gift,Faith Grandma Gift,63.19,57.5,58.0,61.81,67.0,80.0,62.87,★★☆☆☆,Faith Grandma Gift has moderate opportunity score. Strongest signal is product fit (80.0); main constraint is growth (57.5). Parent demand is Mega with high inferred competition.
Cat Decor,Cat Lover Cat Decor,34.51,81.17,68.0,49.35,80.0,87.0,62.56,★★☆☆☆,Cat Lover Cat Decor has moderate opportunity score. Strongest signal is product fit (87.0); main constraint is market size (34.5). Parent demand is Small with low-medium inferred competition.
Dog Matching,Halloween Dog Matching,46.61,70.4,68.0,37.27,76.0,100.0,62.52,★★☆☆☆,Halloween Dog Matching has moderate opportunity score. Strongest signal is product fit (100.0); main constraint is expansion (37.3). Parent demand is Mid with low-medium inferred competition.
Gaming Gift,Christmas Gaming Gift,45.13,67.78,68.0,38.91,76.0,99.0,61.78,★★☆☆☆,Christmas Gaming Gift has moderate opportunity score. Strongest signal is product fit (99.0); main constraint is expansion (38.9). Parent demand is Mid with low-medium inferred competition.
Pickleball Gift,Funny Pickleball Gift,46.01,68.28,80.0,39.61,71.5,74.0,61.65,★★☆☆☆,Funny Pickleball Gift has moderate opportunity score. Strongest signal is competition (80.0); main constraint is expansion (39.6). Parent demand is Mid with medium inferred competition.
Boy Gift,Boy Appreciation Gift,63.08,44.42,58.0,77.55,71.0,66.0,61.59,★★☆☆☆,Boy Appreciation Gift has moderate opportunity score. Strongest signal is expansion (77.5); main constraint is growth (44.4). Parent demand is Mega with high inferred competition.
Son Gift,Funny Son Gift,45.7,67.71,68.0,45.87,71.5,88.0,61.4,★★☆☆☆,Funny Son Gift has moderate opportunity score. Strongest signal is product fit (88.0); main constraint is market size (45.7). Parent demand is Mid with low-medium inferred competition.
Dog Gift,Dog Appreciation Gift,54.0,38.46,80.0,51.76,67.0,95.0,61.16,★★☆☆☆,Dog Appreciation Gift has moderate opportunity score. Strongest signal is product fit (95.0); main constraint is growth (38.5). Parent demand is Large with medium inferred competition.
Boy Decor,Fishing Boy Decor,44.66,57.98,68.0,55.32,76.0,89.0,61.16,★★☆☆☆,Fishing Boy Decor has moderate opportunity score. Strongest signal is product fit (89.0); main constraint is market size (44.7). Parent demand is Mid with low-medium inferred competition.
Police Officer Gift,Christmas Police Officer Gift,30.21,55.02,100.0,38.76,71.5,95.0,61.02,★★☆☆☆,Christmas Police Officer Gift has moderate opportunity score. Strongest signal is competition (100.0); main constraint is market size (30.2). Parent demand is Small with low inferred competition.
Coffee Gift,Funny Coffee Gift,44.7,56.52,68.0,54.74,67.0,100.0,60.99,★★☆☆☆,Funny Coffee Gift has moderate opportunity score. Strongest signal is product fit (100.0); main constraint is market size (44.7). Parent demand is Mid with low-medium inferred competition.
Mom Wedding,Wedding Mom Wedding,57.35,47.81,80.0,43.13,74.0,72.0,60.97,★★☆☆☆,Wedding Mom Wedding has moderate opportunity score. Strongest signal is competition (80.0); main constraint is expansion (43.1). Parent demand is Large with medium inferred competition.
Husband Gift,Husband Appreciation Gift,54.85,32.51,80.0,69.11,62.5,80.0,60.83,★★☆☆☆,Husband Appreciation Gift has moderate opportunity score. Strongest signal is competition (80.0); main constraint is growth (32.5). Parent demand is Large with medium inferred competition.
Coffee Gift,Coffee Christmas Gift,43.66,55.13,68.0,53.46,71.5,100.0,60.71,★★☆☆☆,Coffee Christmas Gift has moderate opportunity score. Strongest signal is product fit (100.0); main constraint is market size (43.7). Parent demand is Mid with low-medium inferred competition.
Husband Gift,Husband Wedding Gift,54.55,32.22,80.0,68.85,62.5,80.0,60.66,★★☆☆☆,Husband Wedding Gift has moderate opportunity score. Strongest signal is competition (80.0); main constraint is growth (32.2). Parent demand is Large with medium inferred competition.
Firefighter Gift,Christmas Firefighter Gift,43.75,66.43,68.0,35.47,76.0,95.0,60.24,★★☆☆☆,Christmas Firefighter Gift has moderate opportunity score. Strongest signal is product fit (95.0); main constraint is expansion (35.5). Parent demand is Mid with low-medium inferred competition.
Dog Wedding,Wedding Dog Wedding,34.33,47.49,100.0,40.38,74.0,87.0,60.24,★★☆☆☆,Wedding Dog Wedding has moderate opportunity score. Strongest signal is competition (100.0); main constraint is market size (34.3). Parent demand is Small with low inferred competition.
Nurse Gift,Halloween Nurse Gift,43.72,45.66,80.0,44.85,71.5,100.0,59.94,★☆☆☆☆,Halloween Nurse Gift has limited opportunity score. Strongest signal is product fit (100.0); main constraint is market size (43.7). Parent demand is Mid with medium inferred competition.
Pickleball Gift,Christmas Pickleball Gift,43.09,55.28,80.0,35.83,71.5,95.0,59.85,★☆☆☆☆,Christmas Pickleball Gift has limited opportunity score. Strongest signal is product fit (95.0); main constraint is expansion (35.8). Parent demand is Mid with medium inferred competition.
Cat Decor,Halloween Cat Decor,38.5,58.15,68.0,49.15,76.0,100.0,59.83,★☆☆☆☆,Halloween Cat Decor has limited opportunity score. Strongest signal is product fit (100.0); main constraint is market size (38.5). Parent demand is Small with low-medium inferred competition.
Police Officer Gift,Funny Police Officer Gift,32.44,57.35,100.0,40.91,67.0,74.0,59.82,★☆☆☆☆,Funny Police Officer Gift has limited opportunity score. Strongest signal is competition (100.0); main constraint is market size (32.4). Parent demand is Small with low inferred competition.
Hairstylist Gift,Christmas Hairstylist Gift,30.66,56.35,100.0,27.76,71.5,95.0,59.75,★☆☆☆☆,Christmas Hairstylist Gift has limited opportunity score. Strongest signal is competition (100.0); main constraint is expansion (27.8). Parent demand is Small with low inferred competition.
Cat Gift,Cat Birthday Gift,44.19,46.15,80.0,48.09,67.0,95.0,59.69,★☆☆☆☆,Cat Birthday Gift has limited opportunity score. Strongest signal is product fit (95.0); main constraint is market size (44.2). Parent demand is Mid with medium inferred competition.
Boy Decor,Hunting Boy Decor,44.58,52.39,68.0,54.31,71.5,89.0,59.42,★☆☆☆☆,Hunting Boy Decor has limited opportunity score. Strongest signal is product fit (89.0); main constraint is market size (44.6). Parent demand is Mid with low-medium inferred competition.
Daughter Gift,Daughter Birthday Gift,49.91,48.79,68.0,55.25,71.0,80.0,59.22,★☆☆☆☆,Daughter Birthday Gift has limited opportunity score. Strongest signal is product fit (80.0); main constraint is growth (48.8). Parent demand is Mid with low-medium inferred competition.
Boy Decor,Vintage Boy Decor,43.74,55.4,68.0,52.11,67.0,90.0,59.13,★☆☆☆☆,Vintage Boy Decor has limited opportunity score. Strongest signal is product fit (90.0); main constraint is market size (43.7). Parent demand is Mid with low-medium inferred competition.
Reading Decor,Book Lover Reading Decor,18.86,72.65,100.0,33.63,76.0,72.0,59.09,★☆☆☆☆,Book Lover Reading Decor has limited opportunity score. Strongest signal is competition (100.0); main constraint is market size (18.9). Parent demand is Micro with low inferred competition.
Soccer Gift,Funny Soccer Gift,44.0,56.15,68.0,44.26,67.0,97.0,58.87,★☆☆☆☆,Funny Soccer Gift has limited opportunity score. Strongest signal is product fit (97.0); main constraint is market size (44.0). Parent demand is Mid with low-medium inferred competition.
Boy Matching,Christmas Boy Matching,19.05,67.09,100.0,26.86,76.0,90.0,58.81,★☆☆☆☆,Christmas Boy Matching has limited opportunity score. Strongest signal is competition (100.0); main constraint is market size (19.1). Parent demand is Micro with low inferred competition.
Boy Decor,Halloween Boy Decor,44.34,46.3,68.0,52.85,71.5,96.0,58.62,★☆☆☆☆,Halloween Boy Decor has limited opportunity score. Strongest signal is product fit (96.0); main constraint is market size (44.3). Parent demand is Mid with low-medium inferred competition.
Mom Matching,Dog Mom Matching,44.08,56.48,68.0,39.22,67.0,100.0,58.5,★☆☆☆☆,Dog Mom Matching has limited opportunity score. Strongest signal is product fit (100.0); main constraint is expansion (39.2). Parent demand is Mid with low-medium inferred competition.
Gaming Decor,Retro Gaming Decor,30.09,55.35,100.0,28.08,67.0,89.0,58.4,★☆☆☆☆,Retro Gaming Decor has limited opportunity score. Strongest signal is competition (100.0); main constraint is expansion (28.1). Parent demand is Small with low inferred competition.
Girl Decor,Vintage Girl Decor,46.04,44.79,68.0,52.76,71.0,90.0,58.08,★☆☆☆☆,Vintage Girl Decor has limited opportunity score. Strongest signal is product fit (90.0); main constraint is growth (44.8). Parent demand is Mid with low-medium inferred competition.
Daughter Gift,Funny Daughter Gift,43.71,55.52,68.0,46.04,67.0,88.0,58.04,★☆☆☆☆,Funny Daughter Gift has limited opportunity score. Strongest signal is product fit (88.0); main constraint is market size (43.7). Parent demand is Mid with low-medium inferred competition.
Cat Decor,Gardening Cat Decor,32.66,67.92,68.0,44.97,71.5,87.0,57.94,★☆☆☆☆,Gardening Cat Decor has limited opportunity score. Strongest signal is product fit (87.0); main constraint is market size (32.7). Parent demand is Small with low-medium inferred competition.
Camping Gift,Funny Camping Gift,44.26,57.02,68.0,36.26,67.0,97.0,57.91,★☆☆☆☆,Funny Camping Gift has limited opportunity score. Strongest signal is product fit (97.0); main constraint is expansion (36.3). Parent demand is Mid with low-medium inferred competition.
Accountant Gift,Funny Accountant Gift,31.41,57.5,100.0,29.4,67.0,74.0,57.86,★☆☆☆☆,Funny Accountant Gift has limited opportunity score. Strongest signal is competition (100.0); main constraint is expansion (29.4). Parent demand is Small with low inferred competition.
Camping Gift,Christmas Camping Gift,43.04,55.38,68.0,34.74,71.5,99.0,57.7,★☆☆☆☆,Christmas Camping Gift has limited opportunity score. Strongest signal is product fit (99.0); main constraint is expansion (34.7). Parent demand is Mid with low-medium inferred competition.
Dog Decor,Halloween Dog Decor,33.18,36.46,100.0,35.33,67.0,100.0,57.59,★☆☆☆☆,Halloween Dog Decor has limited opportunity score. Strongest signal is competition (100.0); main constraint is market size (33.2). Parent demand is Small with low inferred competition.
Gaming Gift,Funny Gaming Gift,43.58,55.82,68.0,36.08,67.0,97.0,57.47,★☆☆☆☆,Funny Gaming Gift has limited opportunity score. Strongest signal is product fit (97.0); main constraint is expansion (36.1). Parent demand is Mid with low-medium inferred competition.
Electrician Gift,Funny Electrician Gift,30.81,56.59,100.0,28.1,67.0,74.0,57.34,★☆☆☆☆,Funny Electrician Gift has limited opportunity score. Strongest signal is competition (100.0); main constraint is expansion (28.1). Parent demand is Small with low inferred competition.
Gardening Decor,Funny Gardening Decor,44.63,56.8,68.0,41.66,67.0,80.0,57.07,★☆☆☆☆,Funny Gardening Decor has limited opportunity score. Strongest signal is product fit (80.0); main constraint is expansion (41.7). Parent demand is Mid with low-medium inferred competition.
Son Gift,Son Birthday Gift,46.97,45.87,68.0,49.34,71.0,80.0,57.02,★☆☆☆☆,Son Birthday Gift has limited opportunity score. Strongest signal is product fit (80.0); main constraint is growth (45.9). Parent demand is Mid with low-medium inferred competition.
Daughter Gift,Faith Daughter Gift,43.33,55.04,68.0,45.6,67.0,80.0,56.98,★☆☆☆☆,Faith Daughter Gift has limited opportunity score. Strongest signal is product fit (80.0); main constraint is market size (43.3). Parent demand is Mid with low-medium inferred competition.
Husband Matching,Christmas Husband Matching,19.6,53.0,100.0,27.16,76.0,98.0,56.97,★☆☆☆☆,Christmas Husband Matching has limited opportunity score. Strongest signal is competition (100.0); main constraint is market size (19.6). Parent demand is Micro with low inferred competition.
Chef Gift,Christmas Chef Gift,42.85,55.08,68.0,32.76,71.5,95.0,56.89,★☆☆☆☆,Christmas Chef Gift has limited opportunity score. Strongest signal is product fit (95.0); main constraint is expansion (32.8). Parent demand is Mid with low-medium inferred competition.
Girl Decor,Boho Girl Decor,44.99,44.27,68.0,52.28,71.0,82.0,56.84,★☆☆☆☆,Boho Girl Decor has limited opportunity score. Strongest signal is product fit (82.0); main constraint is growth (44.3). Parent demand is Mid with low-medium inferred competition.
Soccer Gift,Soccer Appreciation Gift,45.46,39.44,68.0,47.95,67.0,100.0,56.75,★☆☆☆☆,Soccer Appreciation Gift has limited opportunity score. Strongest signal is product fit (100.0); main constraint is growth (39.4). Parent demand is Mid with low-medium inferred competition.
Girl Wedding,Floral Girl Wedding,26.53,49.47,100.0,45.48,74.0,58.0,56.55,★☆☆☆☆,Floral Girl Wedding has limited opportunity score. Strongest signal is competition (100.0); main constraint is market size (26.5). Parent demand is Micro with low inferred competition.
Girl Wedding,Wedding Girl Wedding,26.53,48.92,100.0,44.97,74.0,58.0,56.36,★☆☆☆☆,Wedding Girl Wedding has limited opportunity score. Strongest signal is competition (100.0); main constraint is market size (26.5). Parent demand is Micro with low inferred competition.
Firefighter Gift,Funny Firefighter Gift,44.92,57.98,68.0,35.88,67.0,74.0,55.91,★☆☆☆☆,Funny Firefighter Gift has limited opportunity score. Strongest signal is product fit (74.0); main constraint is expansion (35.9). Parent demand is Mid with low-medium inferred competition.
Gardening Decor,Halloween Gardening Decor,47.47,36.06,68.0,45.78,67.0,96.0,55.85,★☆☆☆☆,Halloween Gardening Decor has limited opportunity score. Strongest signal is product fit (96.0); main constraint is growth (36.1). Parent demand is Mid with low-medium inferred competition.
Girl Matching,Christmas Girl Matching,31.52,33.06,100.0,35.85,67.0,90.0,55.57,★☆☆☆☆,Christmas Girl Matching has limited opportunity score. Strongest signal is competition (100.0); main constraint is market size (31.5). Parent demand is Small with low inferred competition.
Gardening Decor,Floral Gardening Decor,43.28,55.33,68.0,40.3,67.0,72.0,55.43,★☆☆☆☆,Floral Gardening Decor has limited opportunity score. Strongest signal is product fit (72.0); main constraint is expansion (40.3). Parent demand is Mid with low-medium inferred competition.
Chef Gift,Funny Chef Gift,44.37,57.1,68.0,34.63,67.0,74.0,55.41,★☆☆☆☆,Funny Chef Gift has limited opportunity score. Strongest signal is product fit (74.0); main constraint is expansion (34.6). Parent demand is Mid with low-medium inferred competition.
Gardening Gift,Funny Gardening Gift,43.75,56.09,68.0,36.53,67.0,74.0,55.34,★☆☆☆☆,Funny Gardening Gift has limited opportunity score. Strongest signal is product fit (74.0); main constraint is expansion (36.5). Parent demand is Mid with low-medium inferred competition.
Camping Decor,Halloween Camping Decor,30.49,33.96,100.0,33.51,67.0,91.0,55.24,★☆☆☆☆,Halloween Camping Decor has limited opportunity score. Strongest signal is competition (100.0); main constraint is market size (30.5). Parent demand is Small with low inferred competition.
Cat Decor,Funny Cat Decor,30.95,55.76,68.0,41.96,67.0,94.0,54.88,★☆☆☆☆,Funny Cat Decor has limited opportunity score. Strongest signal is product fit (94.0); main constraint is market size (30.9). Parent demand is Small with low-medium inferred competition.
Girl Decor,Cowgirl Girl Decor,43.77,45.61,68.0,47.24,67.0,72.0,54.65,★☆☆☆☆,Cowgirl Girl Decor has limited opportunity score. Strongest signal is product fit (72.0); main constraint is market size (43.8). Parent demand is Mid with low-medium inferred competition.
Gardening Decor,Vintage Gardening Decor,43.52,45.75,68.0,40.6,67.0,80.0,54.42,★☆☆☆☆,Vintage Gardening Decor has limited opportunity score. Strongest signal is product fit (80.0); main constraint is expansion (40.6). Parent demand is Mid with low-medium inferred competition.
Grandma Wedding,Wedding Grandma Wedding,30.99,38.84,100.0,30.23,70.0,72.0,54.25,★☆☆☆☆,Wedding Grandma Wedding has limited opportunity score. Strongest signal is competition (100.0); main constraint is expansion (30.2). Parent demand is Small with low inferred competition.
Dog Memorial,Gardening Dog Memorial,43.94,47.59,68.0,31.12,67.0,87.0,54.17,★☆☆☆☆,Gardening Dog Memorial has limited opportunity score. Strongest signal is product fit (87.0); main constraint is expansion (31.1). Parent demand is Mid with low-medium inferred competition.
Daughter Gift,Daughter Wedding Gift,46.25,34.76,68.0,50.14,62.5,80.0,53.89,★☆☆☆☆,Daughter Wedding Gift has limited opportunity score. Strongest signal is product fit (80.0); main constraint is growth (34.8). Parent demand is Mid with low-medium inferred competition.
Coffee Decor,Halloween Coffee Decor,44.88,35.01,68.0,35.0,67.0,100.0,53.77,★☆☆☆☆,Halloween Coffee Decor has limited opportunity score. Strongest signal is product fit (100.0); main constraint is expansion (35.0). Parent demand is Mid with low-medium inferred competition.
Truck Driver Gift,Truck Driver Appreciation Gift,46.21,49.88,68.0,34.1,67.0,66.0,53.54,★☆☆☆☆,Truck Driver Appreciation Gift has limited opportunity score. Strongest signal is competition (68.0); main constraint is expansion (34.1). Parent demand is Mid with low-medium inferred competition.
Gardening Gift,Gardening Appreciation Gift,44.0,46.51,68.0,36.83,67.0,66.0,52.73,★☆☆☆☆,Gardening Appreciation Gift has limited opportunity score. Strongest signal is competition (68.0); main constraint is expansion (36.8). Parent demand is Mid with low-medium inferred competition.
Dad Matching,Christmas Dad Matching,19.66,33.16,100.0,27.11,67.0,98.0,52.11,★☆☆☆☆,Christmas Dad Matching has limited opportunity score. Strongest signal is competition (100.0); main constraint is market size (19.7). Parent demand is Micro with low inferred competition.
Son Gift,Son Wedding Gift,44.06,32.3,68.0,44.66,62.5,80.0,52.02,★☆☆☆☆,Son Wedding Gift has limited opportunity score. Strongest signal is product fit (80.0); main constraint is growth (32.3). Parent demand is Mid with low-medium inferred competition.
