child_segment,strengths,weaknesses,risks,opportunities,why_now,recommended_next_step
Christmas Mom,"Mega parent demand best rank 1,231 growing trend Ornament is the strongest product fit",Competition is inferred as high Segment score is below the top research threshold,Validate differentiation before building broad designs,Test ornament designs first Use name customization as the default personalization angle Expand into adjacent child segments if early tests rank,Growing rank signal justifies monitoring and small validation tests.,Validate the top evidence phrases and prepare a limited product test.
Dog Mom Women,"Mega parent demand best rank 14,161 growing trend Ornament is the strongest product fit",Competition is inferred as high Segment score is below the top research threshold,Validate differentiation before building broad designs,Test ornament designs first Use name customization as the default personalization angle Expand into adjacent child segments if early tests rank,Growing rank signal justifies monitoring and small validation tests.,Validate the top evidence phrases and prepare a limited product test.
Dad Christmas,"Mega parent demand best rank 2,483 growing trend Ornament is the strongest product fit",Competition is inferred as high Segment score is below the top research threshold,Validate differentiation before building broad designs,Test ornament designs first Use name customization as the default personalization angle Expand into adjacent child segments if early tests rank,Growing rank signal justifies monitoring and small validation tests.,Validate the top evidence phrases and prepare a limited product test.
Girls Christmas,"Mega parent demand best rank 10,897 growing trend Ornament is the strongest product fit",Competition is inferred as high Segment score is below the top research threshold,Validate differentiation before building broad designs,Test ornament designs first Use name customization as the default personalization angle Expand into adjacent child segments if early tests rank,Growing rank signal justifies monitoring and small validation tests.,Validate the top evidence phrases and prepare a limited product test.
Teacher Christmas,"Mega parent demand best rank 3,609 growing trend Mug is the strongest product fit",Competition is inferred as high Segment score is below the top research threshold,Validate differentiation before building broad designs,Test mug designs first Use name customization as the default personalization angle Expand into adjacent child segments if early tests rank,Growing rank signal justifies monitoring and small validation tests.,Validate the top evidence phrases and prepare a limited product test.
Cat Dad,"Mega parent demand best rank 28,520 growing trend Blanket is the strongest product fit",Competition is inferred as high Segment score is below the top research threshold,Validate differentiation before building broad designs Evidence is narrow; confirm related phrases manually,Test blanket designs first Use name customization as the default personalization angle Expand into adjacent child segments if early tests rank,Growing rank signal justifies monitoring and small validation tests.,Validate the top evidence phrases and prepare a limited product test.
Husband Christmas,"Mega parent demand best rank 11,179 growing trend Ornament is the strongest product fit",Competition is inferred as high Segment score is below the top research threshold,Validate differentiation before building broad designs,Test ornament designs first Use name customization as the default personalization angle Expand into adjacent child segments if early tests rank,Growing rank signal justifies monitoring and small validation tests.,Validate the top evidence phrases and prepare a limited product test.
Boys Christmas,"Mega parent demand best rank 11,627 growing trend Ornament is the strongest product fit",Competition is inferred as high Segment score is below the top research threshold,Validate differentiation before building broad designs,Test ornament designs first Use name customization as the default personalization angle Expand into adjacent child segments if early tests rank,Growing rank signal justifies monitoring and small validation tests.,Validate the top evidence phrases and prepare a limited product test.
Coffee Lover,"Large parent demand best rank 18,646 growing trend Mug is the strongest product fit",Segment score is below the top research threshold,No material signal available.,Test mug designs first Use name customization as the default personalization angle Expand into adjacent child segments if early tests rank,Growing rank signal justifies monitoring and small validation tests.,Validate the top evidence phrases and prepare a limited product test.
Teacher Appreciation,"Mega parent demand best rank 15,075 growing trend Mug is the strongest product fit",Competition is inferred as high Segment score is below the top research threshold,Validate differentiation before building broad designs,Test mug designs first Use name customization as the default personalization angle Expand into adjacent child segments if early tests rank,Growing rank signal justifies monitoring and small validation tests.,Validate the top evidence phrases and prepare a limited product test.
Dog Christmas,"Large parent demand best rank 2,843 growing trend Ornament is the strongest product fit",Segment score is below the top research threshold,No material signal available.,Test ornament designs first Use name customization as the default personalization angle Expand into adjacent child segments if early tests rank,Growing rank signal justifies monitoring and small validation tests.,Validate the top evidence phrases and prepare a limited product test.
Grandma Christmas,"Mega parent demand best rank 9,464 growing trend Ornament is the strongest product fit",Competition is inferred as high Segment score is below the top research threshold,Validate differentiation before building broad designs,Test ornament designs first Use name customization as the default personalization angle Expand into adjacent child segments if early tests rank,Growing rank signal justifies monitoring and small validation tests.,Validate the top evidence phrases and prepare a limited product test.
Soccer Boys,"Mega parent demand best rank 19,843 growing trend Mug is the strongest product fit",Competition is inferred as high Segment score is below the top research threshold,Validate differentiation before building broad designs,Test mug designs first Use name customization as the default personalization angle Expand into adjacent child segments if early tests rank,Growing rank signal justifies monitoring and small validation tests.,Validate the top evidence phrases and prepare a limited product test.
Dog Dad Men,"Mega parent demand best rank 56,121 growing trend Blanket is the strongest product fit",Competition is inferred as high Segment score is below the top research threshold,Validate differentiation before building broad designs,Test blanket designs first Use name customization as the default personalization angle Expand into adjacent child segments if early tests rank,Growing rank signal justifies monitoring and small validation tests.,Validate the top evidence phrases and prepare a limited product test.
Wife Christmas Ideas,"Mega parent demand best rank 6,604 growing trend Ornament is the strongest product fit",Competition is inferred as high Segment score is below the top research threshold,Validate differentiation before building broad designs,Test ornament designs first Use name customization as the default personalization angle Expand into adjacent child segments if early tests rank,Growing rank signal justifies monitoring and small validation tests.,Validate the top evidence phrases and prepare a limited product test.
Funny Mom,"Mega parent demand best rank 78,682 growing trend Mug is the strongest product fit",Competition is inferred as high Segment score is below the top research threshold,Validate differentiation before building broad designs,Test mug designs first Use name customization as the default personalization angle Expand into adjacent child segments if early tests rank,Growing rank signal justifies monitoring and small validation tests.,Validate the top evidence phrases and prepare a limited product test.
Soccer Girls,"Mega parent demand best rank 60,592 growing trend Mug is the strongest product fit",Competition is inferred as high Segment score is below the top research threshold,Validate differentiation before building broad designs,Test mug designs first Use name customization as the default personalization angle Expand into adjacent child segments if early tests rank,Growing rank signal justifies monitoring and small validation tests.,Validate the top evidence phrases and prepare a limited product test.
Funny Dad,"Mega parent demand best rank 34,369 growing trend Mug is the strongest product fit",Competition is inferred as high Segment score is below the top research threshold,Validate differentiation before building broad designs,Test mug designs first Use name customization as the default personalization angle Expand into adjacent child segments if early tests rank,Growing rank signal justifies monitoring and small validation tests.,Validate the top evidence phrases and prepare a limited product test.
Cat Girls,"Mega parent demand best rank 107,343 growing trend Blanket is the strongest product fit",Competition is inferred as high Segment score is below the top research threshold,Validate differentiation before building broad designs,Test blanket designs first Use name customization as the default personalization angle Expand into adjacent child segments if early tests rank,Growing rank signal justifies monitoring and small validation tests.,Validate the top evidence phrases and prepare a limited product test.
Gamer Boys,"Mega parent demand best rank 69,216 growing trend Mug is the strongest product fit",Competition is inferred as high Segment score is below the top research threshold,Validate differentiation before building broad designs,Test mug designs first Use name customization as the default personalization angle Expand into adjacent child segments if early tests rank,Growing rank signal justifies monitoring and small validation tests.,Validate the top evidence phrases and prepare a limited product test.
Funny Teacher,"Mega parent demand best rank 79,237 growing trend Mug is the strongest product fit",Competition is inferred as high Segment score is below the top research threshold,Validate differentiation before building broad designs Evidence is narrow; confirm related phrases manually,Test mug designs first Use name customization as the default personalization angle Expand into adjacent child segments if early tests rank,Growing rank signal justifies monitoring and small validation tests.,Validate the top evidence phrases and prepare a limited product test.
Fishing Boys,"Mega parent demand best rank 95,456 growing trend Mug is the strongest product fit",Competition is inferred as high Segment score is below the top research threshold,Validate differentiation before building broad designs,Test mug designs first Use name customization as the default personalization angle Expand into adjacent child segments if early tests rank,Growing rank signal justifies monitoring and small validation tests.,Validate the top evidence phrases and prepare a limited product test.
American Girl,"Mega parent demand best rank 213,425 growing trend Card is the strongest product fit",Competition is inferred as high Segment score is below the top research threshold,Validate differentiation before building broad designs Evidence is narrow; confirm related phrases manually,Test card designs first Use name customization as the default personalization angle Expand into adjacent child segments if early tests rank,Growing rank signal justifies monitoring and small validation tests.,Validate the top evidence phrases and prepare a limited product test.
Cat Mom,"Mega parent demand best rank 28,148 growing trend Blanket is the strongest product fit",Competition is inferred as high Segment score is below the top research threshold,Validate differentiation before building broad designs,Test blanket designs first Use name customization as the default personalization angle Expand into adjacent child segments if early tests rank,Growing rank signal justifies monitoring and small validation tests.,Validate the top evidence phrases and prepare a limited product test.
Cat Christmas,"Large parent demand best rank 20,998 growing trend Ornament is the strongest product fit",Segment score is below the top research threshold,No material signal available.,Test ornament designs first Use name customization as the default personalization angle Expand into adjacent child segments if early tests rank,Growing rank signal justifies monitoring and small validation tests.,Validate the top evidence phrases and prepare a limited product test.
Cat Lovers,"Large parent demand best rank 13,410 growing trend Blanket is the strongest product fit",Segment score is below the top research threshold,No material signal available.,Test blanket designs first Use name customization as the default personalization angle Expand into adjacent child segments if early tests rank,Growing rank signal justifies monitoring and small validation tests.,Validate the top evidence phrases and prepare a limited product test.
Funny Nurse,"Large parent demand best rank 150,053 growing trend Mug is the strongest product fit",Segment score is below the top research threshold,Evidence is narrow; confirm related phrases manually,Test mug designs first Use name customization as the default personalization angle Expand into adjacent child segments if early tests rank,Growing rank signal justifies monitoring and small validation tests.,Validate the top evidence phrases and prepare a limited product test.
Grandpa Christmas,"Mega parent demand best rank 41,264 growing trend Ornament is the strongest product fit",Competition is inferred as high Segment score is below the top research threshold,Validate differentiation before building broad designs,Test ornament designs first Use name customization as the default personalization angle Expand into adjacent child segments if early tests rank,Growing rank signal justifies monitoring and small validation tests.,Validate the top evidence phrases and prepare a limited product test.
Country Girl,"Mega parent demand best rank 147,111 growing trend Mug is the strongest product fit",Competition is inferred as high Segment score is below the top research threshold,Validate differentiation before building broad designs Evidence is narrow; confirm related phrases manually,Test mug designs first Use name customization as the default personalization angle Expand into adjacent child segments if early tests rank,Growing rank signal justifies monitoring and small validation tests.,Validate the top evidence phrases and prepare a limited product test.
Demon Hunter Girls,"Mega parent demand best rank 230,544 growing trend Mug is the strongest product fit",Competition is inferred as high Segment score is below the top research threshold,Validate differentiation before building broad designs Evidence is narrow; confirm related phrases manually,Test mug designs first Use name customization as the default personalization angle Expand into adjacent child segments if early tests rank,Growing rank signal justifies monitoring and small validation tests.,Validate the top evidence phrases and prepare a limited product test.
Halloween Teacher,"Mega parent demand best rank 82,132 growing trend Mug is the strongest product fit",Competition is inferred as high Segment score is below the top research threshold Limited active-month history,Validate differentiation before building broad designs Evidence is narrow; confirm related phrases manually,Test mug designs first Use name customization as the default personalization angle Expand into adjacent child segments if early tests rank,Growing rank signal justifies monitoring and small validation tests.,Validate the top evidence phrases and prepare a limited product test.
Nurse Graduation,"Large parent demand best rank 180,514 growing trend Mug is the strongest product fit",Segment score is below the top research threshold,No material signal available.,Test mug designs first Use name customization as the default personalization angle Expand into adjacent child segments if early tests rank,Growing rank signal justifies monitoring and small validation tests.,Validate the top evidence phrases and prepare a limited product test.
Christian Teen Girls,"Mega parent demand best rank 205,186 growing trend Mug is the strongest product fit",Competition is inferred as high Segment score is below the top research threshold,Validate differentiation before building broad designs,Test mug designs first Use name customization as the default personalization angle Expand into adjacent child segments if early tests rank,Growing rank signal justifies monitoring and small validation tests.,Validate the top evidence phrases and prepare a limited product test.
Thanks Giving Outfit Baby Girl,"Mega parent demand best rank 426,248 growing trend Card is the strongest product fit",Competition is inferred as high Segment score is below the top research threshold,Validate differentiation before building broad designs,Test card designs first Use name customization as the default personalization angle Expand into adjacent child segments if early tests rank,Growing rank signal justifies monitoring and small validation tests.,Validate the top evidence phrases and prepare a limited product test.
Soccer Mom,"Mega parent demand best rank 441,233 growing trend Mug is the strongest product fit",Competition is inferred as high Segment score is below the top research threshold,Validate differentiation before building broad designs Evidence is narrow; confirm related phrases manually,Test mug designs first Use name customization as the default personalization angle Expand into adjacent child segments if early tests rank,Growing rank signal justifies monitoring and small validation tests.,Validate the top evidence phrases and prepare a limited product test.
Christian Mom,"Mega parent demand best rank 157,352 growing trend Mug is the strongest product fit",Competition is inferred as high Segment score is below the top research threshold,Validate differentiation before building broad designs,Test mug designs first Use name customization as the default personalization angle Expand into adjacent child segments if early tests rank,Growing rank signal justifies monitoring and small validation tests.,Validate the top evidence phrases and prepare a limited product test.
Halloween Girls,"Mega parent demand best rank 176,823 growing trend Ornament is the strongest product fit",Competition is inferred as high Segment score is below the top research threshold Limited active-month history,Validate differentiation before building broad designs,Test ornament designs first Use name customization as the default personalization angle Expand into adjacent child segments if early tests rank,Growing rank signal justifies monitoring and small validation tests.,Validate the top evidence phrases and prepare a limited product test.
Gamer Girl,"Mega parent demand best rank 235,414 growing trend Mug is the strongest product fit",Competition is inferred as high Segment score is below the top research threshold Limited active-month history,Validate differentiation before building broad designs Evidence is narrow; confirm related phrases manually,Test mug designs first Use name customization as the default personalization angle Expand into adjacent child segments if early tests rank,Growing rank signal justifies monitoring and small validation tests.,Validate the top evidence phrases and prepare a limited product test.
Funny Cat,"Large parent demand best rank 50,894 growing trend Blanket is the strongest product fit",Segment score is below the top research threshold,No material signal available.,Test blanket designs first Use name customization as the default personalization angle Expand into adjacent child segments if early tests rank,Growing rank signal justifies monitoring and small validation tests.,Validate the top evidence phrases and prepare a limited product test.
Fishing Dad,"Mega parent demand best rank 347,109 growing trend Mug is the strongest product fit",Competition is inferred as high Segment score is below the top research threshold Limited active-month history,Validate differentiation before building broad designs Evidence is narrow; confirm related phrases manually,Test mug designs first Use name customization as the default personalization angle Expand into adjacent child segments if early tests rank,Growing rank signal justifies monitoring and small validation tests.,Validate the top evidence phrases and prepare a limited product test.
Nurse Christmas,"Large parent demand best rank 129,194 growing trend Mug is the strongest product fit",Segment score is below the top research threshold Limited active-month history,Evidence is narrow; confirm related phrases manually,Test mug designs first Use name customization as the default personalization angle Expand into adjacent child segments if early tests rank,Growing rank signal justifies monitoring and small validation tests.,Validate the top evidence phrases and prepare a limited product test.
Halloween Boys,"Mega parent demand best rank 245,813 growing trend Ornament is the strongest product fit",Competition is inferred as high Segment score is below the top research threshold Limited active-month history,Validate differentiation before building broad designs Evidence is narrow; confirm related phrases manually,Test ornament designs first Use name customization as the default personalization angle Expand into adjacent child segments if early tests rank,Growing rank signal justifies monitoring and small validation tests.,Validate the top evidence phrases and prepare a limited product test.
Cat Lover Girls,"Mega parent demand best rank 422,251 growing trend Blanket is the strongest product fit",Competition is inferred as high Segment score is below the top research threshold Limited active-month history,Validate differentiation before building broad designs Evidence is narrow; confirm related phrases manually,Test blanket designs first Use name customization as the default personalization angle Expand into adjacent child segments if early tests rank,Growing rank signal justifies monitoring and small validation tests.,Validate the top evidence phrases and prepare a limited product test.
Coffee Christmas Set,"Large parent demand best rank 391,910 growing trend Mug is the strongest product fit",Segment score is below the top research threshold Limited active-month history,Evidence is narrow; confirm related phrases manually,Test mug designs first Use name customization as the default personalization angle Expand into adjacent child segments if early tests rank,Growing rank signal justifies monitoring and small validation tests.,Validate the top evidence phrases and prepare a limited product test.
Hunting Dad,"Mega parent demand best rank 543,428 growing trend Mug is the strongest product fit",Competition is inferred as high Segment score is below the top research threshold Limited active-month history,Validate differentiation before building broad designs Evidence is narrow; confirm related phrases manually,Test mug designs first Use name customization as the default personalization angle Expand into adjacent child segments if early tests rank,Growing rank signal justifies monitoring and small validation tests.,Validate the top evidence phrases and prepare a limited product test.
Hunting Boys,"Mega parent demand best rank 272,283 growing trend Mug is the strongest product fit",Competition is inferred as high Segment score is below the top research threshold Limited active-month history,Validate differentiation before building broad designs Evidence is narrow; confirm related phrases manually,Test mug designs first Use name customization as the default personalization angle Expand into adjacent child segments if early tests rank,Growing rank signal justifies monitoring and small validation tests.,Validate the top evidence phrases and prepare a limited product test.
Holiday Teacher,"Mega parent demand best rank 509,256 growing trend Mug is the strongest product fit",Competition is inferred as high Segment score is below the top research threshold Limited active-month history,Validate differentiation before building broad designs Evidence is narrow; confirm related phrases manually,Test mug designs first Use name customization as the default personalization angle Expand into adjacent child segments if early tests rank,Growing rank signal justifies monitoring and small validation tests.,Validate the top evidence phrases and prepare a limited product test.
Dog Grandma,"Mega parent demand best rank 174,035 growing trend Blanket is the strongest product fit",Competition is inferred as high Segment score is below the top research threshold Limited active-month history,Validate differentiation before building broad designs Evidence is narrow; confirm related phrases manually,Test blanket designs first Use name customization as the default personalization angle Expand into adjacent child segments if early tests rank,Growing rank signal justifies monitoring and small validation tests.,Validate the top evidence phrases and prepare a limited product test.
Christian Teacher,"Mega parent demand best rank 432,820 growing trend Mug is the strongest product fit",Competition is inferred as high Segment score is below the top research threshold Limited active-month history,Validate differentiation before building broad designs Evidence is narrow; confirm related phrases manually,Test mug designs first Use name customization as the default personalization angle Expand into adjacent child segments if early tests rank,Growing rank signal justifies monitoring and small validation tests.,Validate the top evidence phrases and prepare a limited product test.
Mom Birthday,"Mega parent demand best rank 8,392 declining trend Mug is the strongest product fit",Competition is inferred as high Segment score is below the top research threshold,Validate differentiation before building broad designs Declining rank signal should be confirmed in the next ABA import,Test mug designs first Use name customization as the default personalization angle Expand into adjacent child segments if early tests rank,Current signal is useful but not urgent.,Monitor the next import and only research if rank or evidence improves.
Dad Birthday,"Mega parent demand best rank 12,360 declining trend Mug is the strongest product fit",Competition is inferred as high Segment score is below the top research threshold,Validate differentiation before building broad designs Declining rank signal should be confirmed in the next ABA import,Test mug designs first Use name customization as the default personalization angle Expand into adjacent child segments if early tests rank,Current signal is useful but not urgent.,Monitor the next import and only research if rank or evidence improves.
Funny Fishing,"Mega parent demand best rank 153,878 growing trend Mug is the strongest product fit",Competition is inferred as high Segment score is below the top research threshold,Validate differentiation before building broad designs Evidence is narrow; confirm related phrases manually,Test mug designs first Use name customization as the default personalization angle Expand into adjacent child segments if early tests rank,Growing rank signal justifies monitoring and small validation tests.,Validate the top evidence phrases and prepare a limited product test.
Christian Teen Boys,"Mega parent demand best rank 426,749 growing trend Mug is the strongest product fit",Competition is inferred as high Segment score is below the top research threshold,Validate differentiation before building broad designs Evidence is narrow; confirm related phrases manually,Test mug designs first Use name customization as the default personalization angle Expand into adjacent child segments if early tests rank,Growing rank signal justifies monitoring and small validation tests.,Validate the top evidence phrases and prepare a limited product test.
Funny Husband,"Mega parent demand best rank 205,821 growing trend Mug is the strongest product fit",Competition is inferred as high Segment score is below the top research threshold Limited active-month history,Validate differentiation before building broad designs Evidence is narrow; confirm related phrases manually,Test mug designs first Use name customization as the default personalization angle Expand into adjacent child segments if early tests rank,Growing rank signal justifies monitoring and small validation tests.,Validate the top evidence phrases and prepare a limited product test.
Nurse Appreciation,"Large parent demand best rank 477,805 stable trend Mug is the strongest product fit",Segment score is below the top research threshold,Evidence is narrow; confirm related phrases manually,Test mug designs first Use name customization as the default personalization angle Expand into adjacent child segments if early tests rank,Current signal is useful but not urgent.,Monitor the next import and only research if rank or evidence improves.
Gamer Husband,"Mega parent demand best rank 495,446 growing trend Mug is the strongest product fit",Competition is inferred as high Segment score is below the top research threshold Limited active-month history,Validate differentiation before building broad designs Evidence is narrow; confirm related phrases manually,Test mug designs first Use name customization as the default personalization angle Expand into adjacent child segments if early tests rank,Growing rank signal justifies monitoring and small validation tests.,Validate the top evidence phrases and prepare a limited product test.
Husband Valentines Day,"Mega parent demand best rank 92,549 emerging trend Mug is the strongest product fit",Competition is inferred as high Segment score is below the top research threshold Limited active-month history,Validate differentiation before building broad designs Evidence is narrow; confirm related phrases manually,Test mug designs first Use name customization as the default personalization angle Expand into adjacent child segments if early tests rank,Current signal is useful but not urgent.,Monitor the next import and only research if rank or evidence improves.
Book Lovers Girls,"Mega parent demand best rank 512,204 growing trend Mug is the strongest product fit",Competition is inferred as high Segment score is below the top research threshold Limited active-month history,Validate differentiation before building broad designs Evidence is narrow; confirm related phrases manually,Test mug designs first Use name customization as the default personalization angle Expand into adjacent child segments if early tests rank,Growing rank signal justifies monitoring and small validation tests.,Validate the top evidence phrases and prepare a limited product test.
Mothers Day Mom,"Mega parent demand best rank 728,539 growing trend Mug is the strongest product fit",Competition is inferred as high Segment score is below the top research threshold Limited active-month history,Validate differentiation before building broad designs Evidence is narrow; confirm related phrases manually,Test mug designs first Use name customization as the default personalization angle Expand into adjacent child segments if early tests rank,Growing rank signal justifies monitoring and small validation tests.,Validate the top evidence phrases and prepare a limited product test.
Christian Dad,"Mega parent demand best rank 495,446 growing trend Mug is the strongest product fit",Competition is inferred as high Segment score is below the top research threshold Limited active-month history,Validate differentiation before building broad designs Evidence is narrow; confirm related phrases manually,Test mug designs first Use name customization as the default personalization angle Expand into adjacent child segments if early tests rank,Growing rank signal justifies monitoring and small validation tests.,Validate the top evidence phrases and prepare a limited product test.
Funny Dog,"Large parent demand best rank 387,409 growing trend Blanket is the strongest product fit",Segment score is below the top research threshold Limited active-month history,Evidence is narrow; confirm related phrases manually,Test blanket designs first Use name customization as the default personalization angle Expand into adjacent child segments if early tests rank,Growing rank signal justifies monitoring and small validation tests.,Validate the top evidence phrases and prepare a limited product test.
Daughter In Law Christmas,"Mid parent demand best rank 94,163 growing trend Ornament is the strongest product fit",Segment score is below the top research threshold,No material signal available.,Test ornament designs first Use name customization as the default personalization angle Expand into adjacent child segments if early tests rank,Growing rank signal justifies monitoring and small validation tests.,Validate the top evidence phrases and prepare a limited product test.
Mother Of Bride,"Mega parent demand best rank 25,638 declining trend Mug is the strongest product fit",Competition is inferred as high Segment score is below the top research threshold,Validate differentiation before building broad designs Declining rank signal should be confirmed in the next ABA import,Test mug designs first Use name customization as the default personalization angle Expand into adjacent child segments if early tests rank,Current signal is useful but not urgent.,Monitor the next import and only research if rank or evidence improves.
Fathers Day Dad,"Mega parent demand best rank 815,067 growing trend Mug is the strongest product fit",Competition is inferred as high Segment score is below the top research threshold Limited active-month history,Validate differentiation before building broad designs Evidence is narrow; confirm related phrases manually,Test mug designs first Use name customization as the default personalization angle Expand into adjacent child segments if early tests rank,Growing rank signal justifies monitoring and small validation tests.,Validate the top evidence phrases and prepare a limited product test.
Soccer Christmas,"Large parent demand best rank 593,443 growing trend Mug is the strongest product fit",Segment score is below the top research threshold Limited active-month history,Evidence is narrow; confirm related phrases manually,Test mug designs first Use name customization as the default personalization angle Expand into adjacent child segments if early tests rank,Growing rank signal justifies monitoring and small validation tests.,Validate the top evidence phrases and prepare a limited product test.
Funny Grandma,"Mega parent demand best rank 234,457 growing trend Mug is the strongest product fit",Competition is inferred as high Segment score is below the top research threshold Limited active-month history,Validate differentiation before building broad designs Evidence is narrow; confirm related phrases manually,Test mug designs first Use name customization as the default personalization angle Expand into adjacent child segments if early tests rank,Growing rank signal justifies monitoring and small validation tests.,Validate the top evidence phrases and prepare a limited product test.
Funny Teen Boys,"Mega parent demand best rank 249,381 growing trend Mug is the strongest product fit",Competition is inferred as high Segment score is below the top research threshold Limited active-month history,Validate differentiation before building broad designs,Test mug designs first Use name customization as the default personalization angle Expand into adjacent child segments if early tests rank,Growing rank signal justifies monitoring and small validation tests.,Validate the top evidence phrases and prepare a limited product test.
Book Lover Women,"Mid parent demand best rank 10,421 growing trend Mug is the strongest product fit",Segment score is below the top research threshold,No material signal available.,Test mug designs first Use name customization as the default personalization angle Expand into adjacent child segments if early tests rank,Growing rank signal justifies monitoring and small validation tests.,Validate the top evidence phrases and prepare a limited product test.
Gamer Dad,"Mega parent demand best rank 639,909 emerging trend Mug is the strongest product fit",Competition is inferred as high Segment score is below the top research threshold Limited active-month history,Validate differentiation before building broad designs Evidence is narrow; confirm related phrases manually,Test mug designs first Use name customization as the default personalization angle Expand into adjacent child segments if early tests rank,Current signal is useful but not urgent.,Monitor the next import and only research if rank or evidence improves.
Soccer Dad,"Mega parent demand best rank 622,746 emerging trend Mug is the strongest product fit",Competition is inferred as high Segment score is below the top research threshold Limited active-month history,Validate differentiation before building broad designs Evidence is narrow; confirm related phrases manually,Test mug designs first Use name customization as the default personalization angle Expand into adjacent child segments if early tests rank,Current signal is useful but not urgent.,Monitor the next import and only research if rank or evidence improves.
Funny Grandpa,"Mega parent demand best rank 223,423 growing trend Mug is the strongest product fit",Competition is inferred as high Segment score is below the top research threshold Limited active-month history,Validate differentiation before building broad designs Evidence is narrow; confirm related phrases manually,Test mug designs first Use name customization as the default personalization angle Expand into adjacent child segments if early tests rank,Growing rank signal justifies monitoring and small validation tests.,Validate the top evidence phrases and prepare a limited product test.
Father Of Bride,"Mega parent demand best rank 54,515 declining trend Mug is the strongest product fit",Competition is inferred as high Segment score is below the top research threshold,Validate differentiation before building broad designs Declining rank signal should be confirmed in the next ABA import,Test mug designs first Use name customization as the default personalization angle Expand into adjacent child segments if early tests rank,Current signal is useful but not urgent.,Monitor the next import and only research if rank or evidence improves.
1st Birthday Girl,"Mega parent demand best rank 26,219 declining trend Mug is the strongest product fit",Competition is inferred as high Segment score is below the top research threshold,Validate differentiation before building broad designs Declining rank signal should be confirmed in the next ABA import,Test mug designs first Use name customization as the default personalization angle Expand into adjacent child segments if early tests rank,Current signal is useful but not urgent.,Monitor the next import and only research if rank or evidence improves.
Western Girl,"Mega parent demand best rank 683,834 growing trend Mug is the strongest product fit",Competition is inferred as high Segment score is below the top research threshold Limited active-month history,Validate differentiation before building broad designs Evidence is narrow; confirm related phrases manually,Test mug designs first Use name customization as the default personalization angle Expand into adjacent child segments if early tests rank,Growing rank signal justifies monitoring and small validation tests.,Validate the top evidence phrases and prepare a limited product test.
Funny Teen Girls,"Mega parent demand best rank 700,872 growing trend Mug is the strongest product fit",Competition is inferred as high Segment score is below the top research threshold Limited active-month history,Validate differentiation before building broad designs Evidence is narrow; confirm related phrases manually,Test mug designs first Use name customization as the default personalization angle Expand into adjacent child segments if early tests rank,Growing rank signal justifies monitoring and small validation tests.,Validate the top evidence phrases and prepare a limited product test.
Gamer Christmas,"Large parent demand best rank 604,181 growing trend Mug is the strongest product fit",Segment score is below the top research threshold Limited active-month history,Evidence is narrow; confirm related phrases manually,Test mug designs first Use name customization as the default personalization angle Expand into adjacent child segments if early tests rank,Growing rank signal justifies monitoring and small validation tests.,Validate the top evidence phrases and prepare a limited product test.
Thanksgiving Teacher,"Mega parent demand best rank 245,731 stable trend Mug is the strongest product fit",Competition is inferred as high Segment score is below the top research threshold Limited active-month history,Validate differentiation before building broad designs Evidence is narrow; confirm related phrases manually,Test mug designs first Use name customization as the default personalization angle Expand into adjacent child segments if early tests rank,Current signal is useful but not urgent.,Monitor the next import and only research if rank or evidence improves.
Funny Wife,"Mega parent demand best rank 284,821 growing trend Mug is the strongest product fit",Competition is inferred as high Segment score is below the top research threshold Limited active-month history,Validate differentiation before building broad designs Evidence is narrow; confirm related phrases manually,Test mug designs first Use name customization as the default personalization angle Expand into adjacent child segments if early tests rank,Growing rank signal justifies monitoring and small validation tests.,Validate the top evidence phrases and prepare a limited product test.
Flower Girl,"Mega parent demand best rank 59,369 declining trend Mug is the strongest product fit",Competition is inferred as high Segment score is below the top research threshold,Validate differentiation before building broad designs Declining rank signal should be confirmed in the next ABA import,Test mug designs first Use name customization as the default personalization angle Expand into adjacent child segments if early tests rank,Current signal is useful but not urgent.,Monitor the next import and only research if rank or evidence improves.
Teacher Valentine,"Mega parent demand best rank 872,670 emerging trend Mug is the strongest product fit",Competition is inferred as high Segment score is below the top research threshold Limited active-month history,Validate differentiation before building broad designs Evidence is narrow; confirm related phrases manually,Test mug designs first Use name customization as the default personalization angle Expand into adjacent child segments if early tests rank,Current signal is useful but not urgent.,Monitor the next import and only research if rank or evidence improves.
Girl Dog,"Mega parent demand best rank 860,434 emerging trend Blanket is the strongest product fit",Competition is inferred as high Segment score is below the top research threshold Limited active-month history,Validate differentiation before building broad designs Evidence is narrow; confirm related phrases manually,Test blanket designs first Use name customization as the default personalization angle Expand into adjacent child segments if early tests rank,Current signal is useful but not urgent.,Monitor the next import and only research if rank or evidence improves.
Husband Birthday,"Mega parent demand best rank 30,054 declining trend Mug is the strongest product fit",Competition is inferred as high Segment score is below the top research threshold,Validate differentiation before building broad designs Declining rank signal should be confirmed in the next ABA import,Test mug designs first Use name customization as the default personalization angle Expand into adjacent child segments if early tests rank,Current signal is useful but not urgent.,Monitor the next import and only research if rank or evidence improves.
Cat Lover Mom,"Mega parent demand best rank 1,277,268 emerging trend Blanket is the strongest product fit",Competition is inferred as high Segment score is below the top research threshold Limited active-month history,Validate differentiation before building broad designs Evidence is narrow; confirm related phrases manually,Test blanket designs first Use name customization as the default personalization angle Expand into adjacent child segments if early tests rank,Current signal is useful but not urgent.,Monitor the next import and only research if rank or evidence improves.
Teacher Birthday,"Mega parent demand best rank 215,144 declining trend Mug is the strongest product fit",Competition is inferred as high Segment score is below the top research threshold,Validate differentiation before building broad designs Declining rank signal should be confirmed in the next ABA import Evidence is narrow; confirm related phrases manually,Test mug designs first Use name customization as the default personalization angle Expand into adjacent child segments if early tests rank,Current signal is useful but not urgent.,Monitor the next import and only research if rank or evidence improves.
Yoga Teacher,"Mega parent demand best rank 761,508 emerging trend Mug is the strongest product fit",Competition is inferred as high Segment score is below the top research threshold Limited active-month history,Validate differentiation before building broad designs Evidence is narrow; confirm related phrases manually,Test mug designs first Use name customization as the default personalization angle Expand into adjacent child segments if early tests rank,Current signal is useful but not urgent.,Monitor the next import and only research if rank or evidence improves.
Reading Teacher,"Mega parent demand best rank 777,513 emerging trend Mug is the strongest product fit",Competition is inferred as high Segment score is below the top research threshold Limited active-month history,Validate differentiation before building broad designs Evidence is narrow; confirm related phrases manually,Test mug designs first Use name customization as the default personalization angle Expand into adjacent child segments if early tests rank,Current signal is useful but not urgent.,Monitor the next import and only research if rank or evidence improves.
Mom Dog Women,"Mega parent demand best rank 1,448,955 emerging trend Blanket is the strongest product fit",Competition is inferred as high Segment score is below the top research threshold Limited active-month history,Validate differentiation before building broad designs Evidence is narrow; confirm related phrases manually,Test blanket designs first Use name customization as the default personalization angle Expand into adjacent child segments if early tests rank,Current signal is useful but not urgent.,Monitor the next import and only research if rank or evidence improves.
Camping Dad,"Mega parent demand best rank 1,438,007 emerging trend Mug is the strongest product fit",Competition is inferred as high Segment score is below the top research threshold Limited active-month history,Validate differentiation before building broad designs Evidence is narrow; confirm related phrases manually,Test mug designs first Use name customization as the default personalization angle Expand into adjacent child segments if early tests rank,Current signal is useful but not urgent.,Monitor the next import and only research if rank or evidence improves.
1st Birthday Boy,"Mega parent demand best rank 31,979 declining trend Mug is the strongest product fit",Competition is inferred as high Segment score is below the top research threshold,Validate differentiation before building broad designs Declining rank signal should be confirmed in the next ABA import,Test mug designs first Use name customization as the default personalization angle Expand into adjacent child segments if early tests rank,Current signal is useful but not urgent.,Monitor the next import and only research if rank or evidence improves.
Funny Coffee,"Large parent demand best rank 917,650 emerging trend Mug is the strongest product fit",Segment score is below the top research threshold Limited active-month history,Evidence is narrow; confirm related phrases manually,Test mug designs first Use name customization as the default personalization angle Expand into adjacent child segments if early tests rank,Current signal is useful but not urgent.,Monitor the next import and only research if rank or evidence improves.
Holiday Coffee Set,"Large parent demand best rank 1,400,628 emerging trend Mug is the strongest product fit",Segment score is below the top research threshold Limited active-month history,Evidence is narrow; confirm related phrases manually,Test mug designs first Use name customization as the default personalization angle Expand into adjacent child segments if early tests rank,Current signal is useful but not urgent.,Monitor the next import and only research if rank or evidence improves.
Gardening Mom,"Mega parent demand best rank 560,957 emerging trend Mug is the strongest product fit",Competition is inferred as high Segment score is below the top research threshold Limited active-month history,Validate differentiation before building broad designs Evidence is narrow; confirm related phrases manually,Test mug designs first Use name customization as the default personalization angle Expand into adjacent child segments if early tests rank,Current signal is useful but not urgent.,Monitor the next import and only research if rank or evidence improves.
Teacher Graduation,"Mega parent demand best rank 1,111,188 emerging trend Mug is the strongest product fit",Competition is inferred as high Segment score is below the top research threshold Limited active-month history,Validate differentiation before building broad designs Evidence is narrow; confirm related phrases manually,Test mug designs first Use name customization as the default personalization angle Expand into adjacent child segments if early tests rank,Current signal is useful but not urgent.,Monitor the next import and only research if rank or evidence improves.
Fishing Christmas,"Mega parent demand best rank 352,865 growing trend Mug is the strongest product fit",Competition is inferred as high Segment score is below the top research threshold Limited active-month history,Validate differentiation before building broad designs Evidence is narrow; confirm related phrases manually,Test mug designs first Use name customization as the default personalization angle Expand into adjacent child segments if early tests rank,Growing rank signal justifies monitoring and small validation tests.,Validate the top evidence phrases and prepare a limited product test.
Reading Mom,"Mega parent demand best rank 1,004,114 emerging trend Mug is the strongest product fit",Competition is inferred as high Segment score is below the top research threshold Limited active-month history,Validate differentiation before building broad designs Evidence is narrow; confirm related phrases manually,Test mug designs first Use name customization as the default personalization angle Expand into adjacent child segments if early tests rank,Current signal is useful but not urgent.,Monitor the next import and only research if rank or evidence improves.
Grandma Birthday,"Mega parent demand best rank 36,922 declining trend Mug is the strongest product fit",Competition is inferred as high Segment score is below the top research threshold,Validate differentiation before building broad designs Declining rank signal should be confirmed in the next ABA import,Test mug designs first Use name customization as the default personalization angle Expand into adjacent child segments if early tests rank,Current signal is useful but not urgent.,Monitor the next import and only research if rank or evidence improves.
Dog Birthday,"Large parent demand best rank 172,427 declining trend Blanket is the strongest product fit",Segment score is below the top research threshold,Declining rank signal should be confirmed in the next ABA import,Test blanket designs first Use name customization as the default personalization angle Expand into adjacent child segments if early tests rank,Current signal is useful but not urgent.,Monitor the next import and only research if rank or evidence improves.
Son In Law Christmas,"Mid parent demand best rank 150,174 growing trend Ornament is the strongest product fit",Segment score is below the top research threshold Limited active-month history,No material signal available.,Test ornament designs first Use name customization as the default personalization angle Expand into adjacent child segments if early tests rank,Growing rank signal justifies monitoring and small validation tests.,Validate the top evidence phrases and prepare a limited product test.
Thank You Mom,"Mega parent demand best rank 1,170,163 emerging trend Mug is the strongest product fit",Competition is inferred as high Segment score is below the top research threshold Limited active-month history,Validate differentiation before building broad designs Evidence is narrow; confirm related phrases manually,Test mug designs first Use name customization as the default personalization angle Expand into adjacent child segments if early tests rank,Current signal is useful but not urgent.,Monitor the next import and only research if rank or evidence improves.
Dad Gardening,"Mega parent demand best rank 831,499 emerging trend Mug is the strongest product fit",Competition is inferred as high Segment score is below the top research threshold Limited active-month history,Validate differentiation before building broad designs Evidence is narrow; confirm related phrases manually,Test mug designs first Use name customization as the default personalization angle Expand into adjacent child segments if early tests rank,Current signal is useful but not urgent.,Monitor the next import and only research if rank or evidence improves.
Wedding Anniversary Husband,"Mega parent demand best rank 101,514 declining trend Mug is the strongest product fit",Competition is inferred as high Segment score is below the top research threshold,Validate differentiation before building broad designs Declining rank signal should be confirmed in the next ABA import,Test mug designs first Use name customization as the default personalization angle Expand into adjacent child segments if early tests rank,Current signal is useful but not urgent.,Monitor the next import and only research if rank or evidence improves.
Cat Grandma,"Mega parent demand best rank 764,639 emerging trend Blanket is the strongest product fit",Competition is inferred as high Segment score is below the top research threshold Limited active-month history,Validate differentiation before building broad designs Evidence is narrow; confirm related phrases manually,Test blanket designs first Use name customization as the default personalization angle Expand into adjacent child segments if early tests rank,Current signal is useful but not urgent.,Monitor the next import and only research if rank or evidence improves.
Baby Boy Thank You,"Mega parent demand best rank 645,652 declining trend Card is the strongest product fit",Competition is inferred as high Segment score is below the top research threshold,Validate differentiation before building broad designs Declining rank signal should be confirmed in the next ABA import Evidence is narrow; confirm related phrases manually,Test card designs first Use name customization as the default personalization angle Expand into adjacent child segments if early tests rank,Current signal is useful but not urgent.,Monitor the next import and only research if rank or evidence improves.
Cat Thank You,"Large parent demand best rank 990,766 stable trend Card is the strongest product fit",Segment score is below the top research threshold,Evidence is narrow; confirm related phrases manually,Test card designs first Use name customization as the default personalization angle Expand into adjacent child segments if early tests rank,Current signal is useful but not urgent.,Monitor the next import and only research if rank or evidence improves.
Thankful Teacher,"Mega parent demand best rank 935,810 stable trend Mug is the strongest product fit",Competition is inferred as high Segment score is below the top research threshold Limited active-month history,Validate differentiation before building broad designs Evidence is narrow; confirm related phrases manually,Test mug designs first Use name customization as the default personalization angle Expand into adjacent child segments if early tests rank,Current signal is useful but not urgent.,Monitor the next import and only research if rank or evidence improves.
Farm Girl,"Mega parent demand best rank 807,972 emerging trend Mug is the strongest product fit",Competition is inferred as high Segment score is below the top research threshold Limited active-month history,Validate differentiation before building broad designs Evidence is narrow; confirm related phrases manually,Test mug designs first Use name customization as the default personalization angle Expand into adjacent child segments if early tests rank,Current signal is useful but not urgent.,Monitor the next import and only research if rank or evidence improves.
Dog Grandpa,"Mega parent demand best rank 604,181 emerging trend Blanket is the strongest product fit",Competition is inferred as high Segment score is below the top research threshold Limited active-month history,Validate differentiation before building broad designs Evidence is narrow; confirm related phrases manually,Test blanket designs first Use name customization as the default personalization angle Expand into adjacent child segments if early tests rank,Current signal is useful but not urgent.,Monitor the next import and only research if rank or evidence improves.
Book Lover Teen Girls,"Mega parent demand best rank 1,346,162 emerging trend Mug is the strongest product fit",Competition is inferred as high Segment score is below the top research threshold Limited active-month history,Validate differentiation before building broad designs Evidence is narrow; confirm related phrases manually,Test mug designs first Use name customization as the default personalization angle Expand into adjacent child segments if early tests rank,Current signal is useful but not urgent.,Monitor the next import and only research if rank or evidence improves.
Wife Birthday Ideas,"Mega parent demand best rank 47,933 declining trend Mug is the strongest product fit",Competition is inferred as high Segment score is below the top research threshold,Validate differentiation before building broad designs Declining rank signal should be confirmed in the next ABA import,Test mug designs first Use name customization as the default personalization angle Expand into adjacent child segments if early tests rank,Current signal is useful but not urgent.,Monitor the next import and only research if rank or evidence improves.
Boys Valentine,"Mega parent demand best rank 1,243,645 emerging trend Mug is the strongest product fit",Competition is inferred as high Segment score is below the top research threshold Limited active-month history,Validate differentiation before building broad designs Evidence is narrow; confirm related phrases manually,Test mug designs first Use name customization as the default personalization angle Expand into adjacent child segments if early tests rank,Current signal is useful but not urgent.,Monitor the next import and only research if rank or evidence improves.
Funny Pickleball,"Large parent demand best rank 408,554 growing trend Mug is the strongest product fit",Segment score is below the top research threshold Limited active-month history,Evidence is narrow; confirm related phrases manually,Test mug designs first Use name customization as the default personalization angle Expand into adjacent child segments if early tests rank,Growing rank signal justifies monitoring and small validation tests.,Validate the top evidence phrases and prepare a limited product test.
Pastor Wife Appreciation,"Mega parent demand best rank 203,185 declining trend Card is the strongest product fit",Competition is inferred as high Segment score is below the top research threshold,Validate differentiation before building broad designs Declining rank signal should be confirmed in the next ABA import Evidence is narrow; confirm related phrases manually,Test card designs first Use name customization as the default personalization angle Expand into adjacent child segments if early tests rank,Current signal is useful but not urgent.,Monitor the next import and only research if rank or evidence improves.
Funny Football,"Large parent demand best rank 1,026,293 emerging trend Mug is the strongest product fit",Segment score is below the top research threshold Limited active-month history,Evidence is narrow; confirm related phrases manually,Test mug designs first Use name customization as the default personalization angle Expand into adjacent child segments if early tests rank,Current signal is useful but not urgent.,Monitor the next import and only research if rank or evidence improves.
Grandpa Fishing,"Mega parent demand best rank 753,693 emerging trend Mug is the strongest product fit",Competition is inferred as high Segment score is below the top research threshold Limited active-month history,Validate differentiation before building broad designs Evidence is narrow; confirm related phrases manually,Test mug designs first Use name customization as the default personalization angle Expand into adjacent child segments if early tests rank,Current signal is useful but not urgent.,Monitor the next import and only research if rank or evidence improves.
Hunting Christmas,"Mega parent demand best rank 737,269 growing trend Mug is the strongest product fit",Competition is inferred as high Segment score is below the top research threshold Limited active-month history,Validate differentiation before building broad designs Evidence is narrow; confirm related phrases manually,Test mug designs first Use name customization as the default personalization angle Expand into adjacent child segments if early tests rank,Growing rank signal justifies monitoring and small validation tests.,Validate the top evidence phrases and prepare a limited product test.
Funny Hunting,"Mega parent demand best rank 508,569 growing trend Mug is the strongest product fit",Competition is inferred as high Segment score is below the top research threshold Limited active-month history,Validate differentiation before building broad designs Evidence is narrow; confirm related phrases manually,Test mug designs first Use name customization as the default personalization angle Expand into adjacent child segments if early tests rank,Growing rank signal justifies monitoring and small validation tests.,Validate the top evidence phrases and prepare a limited product test.
Grandma Garden,"Mega parent demand best rank 587,786 emerging trend Mug is the strongest product fit",Competition is inferred as high Segment score is below the top research threshold Limited active-month history,Validate differentiation before building broad designs Evidence is narrow; confirm related phrases manually,Test mug designs first Use name customization as the default personalization angle Expand into adjacent child segments if early tests rank,Current signal is useful but not urgent.,Monitor the next import and only research if rank or evidence improves.
Christian Grandma,"Mega parent demand best rank 523,215 emerging trend Mug is the strongest product fit",Competition is inferred as high Segment score is below the top research threshold Limited active-month history,Validate differentiation before building broad designs Evidence is narrow; confirm related phrases manually,Test mug designs first Use name customization as the default personalization angle Expand into adjacent child segments if early tests rank,Current signal is useful but not urgent.,Monitor the next import and only research if rank or evidence improves.
Anniversary Wife,"Mega parent demand best rank 113,658 declining trend Mug is the strongest product fit",Competition is inferred as high Segment score is below the top research threshold,Validate differentiation before building broad designs Declining rank signal should be confirmed in the next ABA import,Test mug designs first Use name customization as the default personalization angle Expand into adjacent child segments if early tests rank,Current signal is useful but not urgent.,Monitor the next import and only research if rank or evidence improves.
Christian Husband,"Mega parent demand best rank 1,215,598 emerging trend Mug is the strongest product fit",Competition is inferred as high Segment score is below the top research threshold Limited active-month history,Validate differentiation before building broad designs Evidence is narrow; confirm related phrases manually,Test mug designs first Use name customization as the default personalization angle Expand into adjacent child segments if early tests rank,Current signal is useful but not urgent.,Monitor the next import and only research if rank or evidence improves.
Halloween Nurse,"Large parent demand best rank 1,230,376 stable trend Mug is the strongest product fit",Segment score is below the top research threshold Limited active-month history,Evidence is narrow; confirm related phrases manually,Test mug designs first Use name customization as the default personalization angle Expand into adjacent child segments if early tests rank,Current signal is useful but not urgent.,Monitor the next import and only research if rank or evidence improves.
Funny Gamer,"Large parent demand best rank 1,134,310 emerging trend Mug is the strongest product fit",Segment score is below the top research threshold Limited active-month history,Evidence is narrow; confirm related phrases manually,Test mug designs first Use name customization as the default personalization angle Expand into adjacent child segments if early tests rank,Current signal is useful but not urgent.,Monitor the next import and only research if rank or evidence improves.
Pickleball Christmas,"Large parent demand best rank 1,336,556 emerging trend Ornament is the strongest product fit",Segment score is below the top research threshold Limited active-month history,Evidence is narrow; confirm related phrases manually,Test ornament designs first Use name customization as the default personalization angle Expand into adjacent child segments if early tests rank,Current signal is useful but not urgent.,Monitor the next import and only research if rank or evidence improves.
Grandpa Birthday,"Mega parent demand best rank 143,641 declining trend Mug is the strongest product fit",Competition is inferred as high Segment score is below the top research threshold,Validate differentiation before building broad designs Declining rank signal should be confirmed in the next ABA import,Test mug designs first Use name customization as the default personalization angle Expand into adjacent child segments if early tests rank,Current signal is useful but not urgent.,Monitor the next import and only research if rank or evidence improves.
Christian Wife,"Mega parent demand best rank 746,123 emerging trend Mug is the strongest product fit",Competition is inferred as high Segment score is below the top research threshold Limited active-month history,Validate differentiation before building broad designs Evidence is narrow; confirm related phrases manually,Test mug designs first Use name customization as the default personalization angle Expand into adjacent child segments if early tests rank,Current signal is useful but not urgent.,Monitor the next import and only research if rank or evidence improves.
Football Thank You,"Large parent demand best rank 566,707 declining trend Tumbler is the strongest product fit",Segment score is below the top research threshold,Declining rank signal should be confirmed in the next ABA import Evidence is narrow; confirm related phrases manually,Test tumbler designs first Use name customization as the default personalization angle Expand into adjacent child segments if early tests rank,Current signal is useful but not urgent.,Monitor the next import and only research if rank or evidence improves.
Funny Son In Law,"Mid parent demand best rank 500,098 growing trend Mug is the strongest product fit",Segment score is below the top research threshold Limited active-month history,Evidence is narrow; confirm related phrases manually,Test mug designs first Use name customization as the default personalization angle Expand into adjacent child segments if early tests rank,Growing rank signal justifies monitoring and small validation tests.,Validate the top evidence phrases and prepare a limited product test.
Dog Thank You,"Large parent demand best rank 886,586 declining trend Card is the strongest product fit",Segment score is below the top research threshold,Declining rank signal should be confirmed in the next ABA import Evidence is narrow; confirm related phrases manually,Test card designs first Use name customization as the default personalization angle Expand into adjacent child segments if early tests rank,Current signal is useful but not urgent.,Monitor the next import and only research if rank or evidence improves.
Cat Birthday,"Large parent demand best rank 1,056,318 stable trend Blanket is the strongest product fit",Segment score is below the top research threshold Limited active-month history,Evidence is narrow; confirm related phrases manually,Test blanket designs first Use name customization as the default personalization angle Expand into adjacent child segments if early tests rank,Current signal is useful but not urgent.,Monitor the next import and only research if rank or evidence improves.
Mrs Mrs Wedding,"Mega parent demand best rank 429,148 declining trend Mug is the strongest product fit",Competition is inferred as high Segment score is below the top research threshold,Validate differentiation before building broad designs Declining rank signal should be confirmed in the next ABA import Evidence is narrow; confirm related phrases manually,Test mug designs first Use name customization as the default personalization angle Expand into adjacent child segments if early tests rank,Current signal is useful but not urgent.,Monitor the next import and only research if rank or evidence improves.
Firefighter Christmas,"Mid parent demand best rank 947,785 growing trend Ornament is the strongest product fit",Segment score is below the top research threshold Limited active-month history,Evidence is narrow; confirm related phrases manually,Test ornament designs first Use name customization as the default personalization angle Expand into adjacent child segments if early tests rank,Growing rank signal justifies monitoring and small validation tests.,Validate the top evidence phrases and prepare a limited product test.
Funny Gardening,"Large parent demand best rank 1,046,183 emerging trend Mug is the strongest product fit",Segment score is below the top research threshold Limited active-month history,Evidence is narrow; confirm related phrases manually,Test mug designs first Use name customization as the default personalization angle Expand into adjacent child segments if early tests rank,Current signal is useful but not urgent.,Monitor the next import and only research if rank or evidence improves.
Best Christmas Hairdresser,"Small parent demand best rank 964,964 emerging trend Ornament is the strongest product fit",Segment score is below the top research threshold Limited active-month history,Evidence is narrow; confirm related phrases manually,Test ornament designs first Use name customization as the default personalization angle Expand into adjacent child segments if early tests rank,Current signal is useful but not urgent.,Monitor the next import and only research if rank or evidence improves.
Dog Memorial Garden Stones,"Large parent demand best rank 682,685 stable trend Blanket is the strongest product fit",Segment score is below the top research threshold Limited active-month history,Evidence is narrow; confirm related phrases manually,Test blanket designs first Use name customization as the default personalization angle Expand into adjacent child segments if early tests rank,Current signal is useful but not urgent.,Monitor the next import and only research if rank or evidence improves.
Daughter Birthday,"Mid parent demand best rank 99,214 declining trend Mug is the strongest product fit",Segment score is below the top research threshold,Declining rank signal should be confirmed in the next ABA import,Test mug designs first Use name customization as the default personalization angle Expand into adjacent child segments if early tests rank,Current signal is useful but not urgent.,Monitor the next import and only research if rank or evidence improves.
Floral Mother Of Bride Dresses,"Mid parent demand best rank 878,891 growing trend Blanket is the strongest product fit",Segment score is below the top research threshold,Evidence is narrow; confirm related phrases manually,Test blanket designs first Use multiple names customization as the default personalization angle Expand into adjacent child segments if early tests rank,Growing rank signal justifies monitoring and small validation tests.,Validate the top evidence phrases and prepare a limited product test.
Give Thanks Garden Flag,"Large parent demand best rank 948,963 stable trend Card is the strongest product fit",Segment score is below the top research threshold Limited active-month history,Evidence is narrow; confirm related phrases manually,Test card designs first Use name customization as the default personalization angle Expand into adjacent child segments if early tests rank,Current signal is useful but not urgent.,Monitor the next import and only research if rank or evidence improves.
Police Academy Graduation,"Mid parent demand best rank 426,248 stable trend Mug is the strongest product fit",Segment score is below the top research threshold,Evidence is narrow; confirm related phrases manually,Test mug designs first Use name customization as the default personalization angle Expand into adjacent child segments if early tests rank,Current signal is useful but not urgent.,Monitor the next import and only research if rank or evidence improves.
Thank You Mr Falker,"Mega parent demand best rank 878,227 declining trend Mug is the strongest product fit",Competition is inferred as high Segment score is below the top research threshold Limited active-month history,Validate differentiation before building broad designs Declining rank signal should be confirmed in the next ABA import Evidence is narrow; confirm related phrases manually,Test mug designs first Use name customization as the default personalization angle Expand into adjacent child segments if early tests rank,Current signal is useful but not urgent.,Monitor the next import and only research if rank or evidence improves.
Funny Daughter,"Mid parent demand best rank 1,231,526 emerging trend Mug is the strongest product fit",Segment score is below the top research threshold Limited active-month history,Evidence is narrow; confirm related phrases manually,Test mug designs first Use name customization as the default personalization angle Expand into adjacent child segments if early tests rank,Current signal is useful but not urgent.,Monitor the next import and only research if rank or evidence improves.
Funny Camping,"Mid parent demand best rank 787,273 emerging trend Mug is the strongest product fit",Segment score is below the top research threshold Limited active-month history,Evidence is narrow; confirm related phrases manually,Test mug designs first Use name customization as the default personalization angle Expand into adjacent child segments if early tests rank,Current signal is useful but not urgent.,Monitor the next import and only research if rank or evidence improves.
Husband On Wedding Day,"Mega parent demand best rank 993,384 declining trend Mug is the strongest product fit",Competition is inferred as high Segment score is below the top research threshold Limited active-month history,Validate differentiation before building broad designs Declining rank signal should be confirmed in the next ABA import Evidence is narrow; confirm related phrases manually,Test mug designs first Use name customization as the default personalization angle Expand into adjacent child segments if early tests rank,Current signal is useful but not urgent.,Monitor the next import and only research if rank or evidence improves.
Camping Christmas,"Mid parent demand best rank 1,294,984 emerging trend Mug is the strongest product fit",Segment score is below the top research threshold Limited active-month history,Evidence is narrow; confirm related phrases manually,Test mug designs first Use name customization as the default personalization angle Expand into adjacent child segments if early tests rank,Current signal is useful but not urgent.,Monitor the next import and only research if rank or evidence improves.
Christmas Police Officers,"Mid parent demand best rank 1,443,453 emerging trend Ornament is the strongest product fit",Segment score is below the top research threshold Limited active-month history,Evidence is narrow; confirm related phrases manually,Test ornament designs first Use name customization as the default personalization angle Expand into adjacent child segments if early tests rank,Current signal is useful but not urgent.,Monitor the next import and only research if rank or evidence improves.
Funny Electrician,"Small parent demand best rank 897,848 emerging trend Mug is the strongest product fit",Segment score is below the top research threshold Limited active-month history,Evidence is narrow; confirm related phrases manually,Test mug designs first Use name customization as the default personalization angle Expand into adjacent child segments if early tests rank,Current signal is useful but not urgent.,Monitor the next import and only research if rank or evidence improves.
Birthday Son Adult,"Mid parent demand best rank 298,710 declining trend Mug is the strongest product fit",Segment score is below the top research threshold,Declining rank signal should be confirmed in the next ABA import,Test mug designs first Use name customization as the default personalization angle Expand into adjacent child segments if early tests rank,Current signal is useful but not urgent.,Monitor the next import and only research if rank or evidence improves.
Christian Daughter,"Mid parent demand best rank 1,438,007 emerging trend Mug is the strongest product fit",Segment score is below the top research threshold Limited active-month history,Evidence is narrow; confirm related phrases manually,Test mug designs first Use name customization as the default personalization angle Expand into adjacent child segments if early tests rank,Current signal is useful but not urgent.,Monitor the next import and only research if rank or evidence improves.
Chef Christmas,"Mid parent demand best rank 1,421,646 emerging trend Ornament is the strongest product fit",Segment score is below the top research threshold Limited active-month history,Evidence is narrow; confirm related phrases manually,Test ornament designs first Use name customization as the default personalization angle Expand into adjacent child segments if early tests rank,Current signal is useful but not urgent.,Monitor the next import and only research if rank or evidence improves.
Dog Wedding Outfit,"Mid parent demand best rank 167,235 declining trend Blanket is the strongest product fit",Segment score is below the top research threshold,Declining rank signal should be confirmed in the next ABA import,Test blanket designs first Use photo customization as the default personalization angle Expand into adjacent child segments if early tests rank,Current signal is useful but not urgent.,Monitor the next import and only research if rank or evidence improves.
Funny Firefighter,"Mid parent demand best rank 588,691 emerging trend Mug is the strongest product fit",Segment score is below the top research threshold Limited active-month history,Evidence is narrow; confirm related phrases manually,Test mug designs first Use name customization as the default personalization angle Expand into adjacent child segments if early tests rank,Current signal is useful but not urgent.,Monitor the next import and only research if rank or evidence improves.
Mother Of Groom Dresses Wedding,"Mid parent demand best rank 152,991 declining trend Mug is the strongest product fit",Segment score is below the top research threshold,Declining rank signal should be confirmed in the next ABA import,Test mug designs first Use multiple names customization as the default personalization angle Expand into adjacent child segments if early tests rank,Current signal is useful but not urgent.,Monitor the next import and only research if rank or evidence improves.
Truck Driver Appreciation Week,"Mid parent demand best rank 306,866 stable trend Card is the strongest product fit",Segment score is below the top research threshold Limited active-month history,Evidence is narrow; confirm related phrases manually,Test card designs first Use name customization as the default personalization angle Expand into adjacent child segments if early tests rank,Current signal is useful but not urgent.,Monitor the next import and only research if rank or evidence improves.
Daughter In Law Wedding,"Mid parent demand best rank 439,625 declining trend Mug is the strongest product fit",Segment score is below the top research threshold Limited active-month history,Declining rank signal should be confirmed in the next ABA import Evidence is narrow; confirm related phrases manually,Test mug designs first Use name customization as the default personalization angle Expand into adjacent child segments if early tests rank,Current signal is useful but not urgent.,Monitor the next import and only research if rank or evidence improves.
Funny Cop,"Mid parent demand best rank 582,190 emerging trend Mug is the strongest product fit",Segment score is below the top research threshold Limited active-month history,Evidence is narrow; confirm related phrases manually,Test mug designs first Use name customization as the default personalization angle Expand into adjacent child segments if early tests rank,Current signal is useful but not urgent.,Monitor the next import and only research if rank or evidence improves.
Wedding Son,"Mid parent demand best rank 976,124 declining trend Mug is the strongest product fit",Segment score is below the top research threshold Limited active-month history,Declining rank signal should be confirmed in the next ABA import Evidence is narrow; confirm related phrases manually,Test mug designs first Use name customization as the default personalization angle Expand into adjacent child segments if early tests rank,Current signal is useful but not urgent.,Monitor the next import and only research if rank or evidence improves.
Funny Chef,"Mid parent demand best rank 767,816 emerging trend Mug is the strongest product fit",Segment score is below the top research threshold Limited active-month history,Evidence is narrow; confirm related phrases manually,Test mug designs first Use name customization as the default personalization angle Expand into adjacent child segments if early tests rank,Current signal is useful but not urgent.,Monitor the next import and only research if rank or evidence improves.
