child_segment,recommended_product,confidence,reason
Christmas Mom Gift,Ornament,High,Holiday segments fit keepsake and seasonal tree decor.
Christmas Mom Gift,Mug,Medium,Holiday gift phrases can scale into drinkware.
Christmas Mom Gift,Blanket,Medium,Seasonal family gifting can support cozy products.
Christmas Dad Gift,Ornament,High,Holiday segments fit keepsake and seasonal tree decor.
Christmas Dad Gift,Mug,Medium,Holiday gift phrases can scale into drinkware.
Christmas Dad Gift,Blanket,Medium,Seasonal family gifting can support cozy products.
Christmas Dog Gift,Blanket,High,Pet and memorial segments support emotional gift products.
Christmas Dog Gift,Ornament,Medium,Pet identity and memorial designs fit seasonal keepsakes.
Christmas Dog Gift,Mug,Medium,Pet-parent identity works on repeatable drinkware formats.
Christmas Teacher Gift,Mug,High,Profession and hobby segments have strong everyday-use fit.
Christmas Teacher Gift,Tumbler,High,Reusable drinkware supports names and simple icon systems.
Christmas Teacher Gift,Tote Bag,Medium,"Functional carry products fit teacher, reader, and work niches."
Mom Birthday Gift,Mug,Medium,Default POD gift format for short demand phrases.
Mom Birthday Gift,Tumbler,Medium,Default practical product for personalized gift niches.
Mom Birthday Gift,Blanket,Low,Use as a validation product when the emotional angle is clear.
Dog Lover Mom Gift,Blanket,High,Pet and memorial segments support emotional gift products.
Dog Lover Mom Gift,Ornament,Medium,Pet identity and memorial designs fit seasonal keepsakes.
Dog Lover Mom Gift,Mug,Medium,Pet-parent identity works on repeatable drinkware formats.
Dog Mom Gift,Blanket,High,Pet and memorial segments support emotional gift products.
Dog Mom Gift,Ornament,Medium,Pet identity and memorial designs fit seasonal keepsakes.
Dog Mom Gift,Mug,Medium,Pet-parent identity works on repeatable drinkware formats.
Christmas Wife Gift,Ornament,High,Holiday segments fit keepsake and seasonal tree decor.
Christmas Wife Gift,Mug,Medium,Holiday gift phrases can scale into drinkware.
Christmas Wife Gift,Blanket,Medium,Seasonal family gifting can support cozy products.
Dad Birthday Gift,Mug,Medium,Default POD gift format for short demand phrases.
Dad Birthday Gift,Tumbler,Medium,Default practical product for personalized gift niches.
Dad Birthday Gift,Blanket,Low,Use as a validation product when the emotional angle is clear.
Christmas Husband Gift,Ornament,High,Holiday segments fit keepsake and seasonal tree decor.
Christmas Husband Gift,Mug,Medium,Holiday gift phrases can scale into drinkware.
Christmas Husband Gift,Blanket,Medium,Seasonal family gifting can support cozy products.
Dog Lover Dog Gift,Blanket,High,Pet and memorial segments support emotional gift products.
Dog Lover Dog Gift,Ornament,Medium,Pet identity and memorial designs fit seasonal keepsakes.
Dog Lover Dog Gift,Mug,Medium,Pet-parent identity works on repeatable drinkware formats.
Book Lover Reading Gift,Mug,High,Profession and hobby segments have strong everyday-use fit.
Book Lover Reading Gift,Tumbler,High,Reusable drinkware supports names and simple icon systems.
Book Lover Reading Gift,Tote Bag,Medium,"Functional carry products fit teacher, reader, and work niches."
Cat Lover Cat Gift,Blanket,High,Pet and memorial segments support emotional gift products.
Cat Lover Cat Gift,Ornament,Medium,Pet identity and memorial designs fit seasonal keepsakes.
Cat Lover Cat Gift,Mug,Medium,Pet-parent identity works on repeatable drinkware formats.
Christmas Grandma Gift,Ornament,High,Holiday segments fit keepsake and seasonal tree decor.
Christmas Grandma Gift,Mug,Medium,Holiday gift phrases can scale into drinkware.
Christmas Grandma Gift,Blanket,Medium,Seasonal family gifting can support cozy products.
Christmas Girl Gift,Ornament,High,Holiday segments fit keepsake and seasonal tree decor.
Christmas Girl Gift,Mug,Medium,Holiday gift phrases can scale into drinkware.
Christmas Girl Gift,Blanket,Medium,Seasonal family gifting can support cozy products.
Christmas Boy Gift,Ornament,High,Holiday segments fit keepsake and seasonal tree decor.
Christmas Boy Gift,Mug,Medium,Holiday gift phrases can scale into drinkware.
Christmas Boy Gift,Blanket,Medium,Seasonal family gifting can support cozy products.
Coffee Lover Coffee Gift,Mug,High,Profession and hobby segments have strong everyday-use fit.
Coffee Lover Coffee Gift,Tumbler,High,Reusable drinkware supports names and simple icon systems.
Coffee Lover Coffee Gift,Tote Bag,Medium,"Functional carry products fit teacher, reader, and work niches."
Cat Lover Dad Gift,Blanket,High,Pet and memorial segments support emotional gift products.
Cat Lover Dad Gift,Ornament,Medium,Pet identity and memorial designs fit seasonal keepsakes.
Cat Lover Dad Gift,Mug,Medium,Pet-parent identity works on repeatable drinkware formats.
Soccer Boy Gift,Tumbler,High,Interest-led segments work well on practical drinkware.
Soccer Boy Gift,Mug,High,Interest phrases are short enough for repeatable mug designs.
Soccer Boy Gift,Blanket,Medium,Giftable niche designs can scale into cozy home products.
Cat Mom Gift,Blanket,High,Pet and memorial segments support emotional gift products.
Cat Mom Gift,Ornament,Medium,Pet identity and memorial designs fit seasonal keepsakes.
Cat Mom Gift,Mug,Medium,Pet-parent identity works on repeatable drinkware formats.
Cat Dad Gift,Blanket,High,Pet and memorial segments support emotional gift products.
Cat Dad Gift,Ornament,Medium,Pet identity and memorial designs fit seasonal keepsakes.
Cat Dad Gift,Mug,Medium,Pet-parent identity works on repeatable drinkware formats.
Cat Lover Mom Gift,Blanket,High,Pet and memorial segments support emotional gift products.
Cat Lover Mom Gift,Ornament,Medium,Pet identity and memorial designs fit seasonal keepsakes.
Cat Lover Mom Gift,Mug,Medium,Pet-parent identity works on repeatable drinkware formats.
Teacher Appreciation Gift,Mug,High,Profession and hobby segments have strong everyday-use fit.
Teacher Appreciation Gift,Tumbler,High,Reusable drinkware supports names and simple icon systems.
Teacher Appreciation Gift,Tote Bag,Medium,"Functional carry products fit teacher, reader, and work niches."
Mom Wedding Gift,Mug,Medium,Default POD gift format for short demand phrases.
Mom Wedding Gift,Tumbler,Medium,Default practical product for personalized gift niches.
Mom Wedding Gift,Blanket,Low,Use as a validation product when the emotional angle is clear.
Husband Birthday Gift,Mug,Medium,Default POD gift format for short demand phrases.
Husband Birthday Gift,Tumbler,Medium,Default practical product for personalized gift niches.
Husband Birthday Gift,Blanket,Low,Use as a validation product when the emotional angle is clear.
Grandma Birthday Gift,Mug,Medium,Default POD gift format for short demand phrases.
Grandma Birthday Gift,Tumbler,Medium,Default practical product for personalized gift niches.
Grandma Birthday Gift,Blanket,Low,Use as a validation product when the emotional angle is clear.
Wife Birthday Gift,Mug,Medium,Default POD gift format for short demand phrases.
Wife Birthday Gift,Tumbler,Medium,Default practical product for personalized gift niches.
Wife Birthday Gift,Blanket,Low,Use as a validation product when the emotional angle is clear.
Girl Birthday Gift,Mug,Medium,Default POD gift format for short demand phrases.
Girl Birthday Gift,Tumbler,Medium,Default practical product for personalized gift niches.
Girl Birthday Gift,Blanket,Low,Use as a validation product when the emotional angle is clear.
Christmas Mom Matching,Ornament,High,Holiday segments fit keepsake and seasonal tree decor.
Christmas Mom Matching,Mug,Medium,Holiday gift phrases can scale into drinkware.
Christmas Mom Matching,Blanket,Medium,Seasonal family gifting can support cozy products.
Floral Girl Gift,Poster,Medium,Theme-led designs can be tested as wall decor.
Floral Girl Gift,Mug,Medium,Visual themes transfer cleanly to drinkware.
Floral Girl Gift,Blanket,Medium,Style-led themes can work on larger print surfaces.
Dad Wedding Gift,Mug,Medium,Default POD gift format for short demand phrases.
Dad Wedding Gift,Tumbler,Medium,Default practical product for personalized gift niches.
Dad Wedding Gift,Blanket,Low,Use as a validation product when the emotional angle is clear.
Funny Dad Gift,Poster,Medium,Theme-led designs can be tested as wall decor.
Funny Dad Gift,Mug,Medium,Visual themes transfer cleanly to drinkware.
Funny Dad Gift,Blanket,Medium,Style-led themes can work on larger print surfaces.
Boy Birthday Gift,Mug,Medium,Default POD gift format for short demand phrases.
Boy Birthday Gift,Tumbler,Medium,Default practical product for personalized gift niches.
Boy Birthday Gift,Blanket,Low,Use as a validation product when the emotional angle is clear.
Dog Lover Dad Gift,Blanket,High,Pet and memorial segments support emotional gift products.
Dog Lover Dad Gift,Ornament,Medium,Pet identity and memorial designs fit seasonal keepsakes.
Dog Lover Dad Gift,Mug,Medium,Pet-parent identity works on repeatable drinkware formats.
Christmas Grandpa Gift,Ornament,High,Holiday segments fit keepsake and seasonal tree decor.
Christmas Grandpa Gift,Mug,Medium,Holiday gift phrases can scale into drinkware.
Christmas Grandpa Gift,Blanket,Medium,Seasonal family gifting can support cozy products.
Christmas Cat Gift,Blanket,High,Pet and memorial segments support emotional gift products.
Christmas Cat Gift,Ornament,Medium,Pet identity and memorial designs fit seasonal keepsakes.
Christmas Cat Gift,Mug,Medium,Pet-parent identity works on repeatable drinkware formats.
Dog Dad Gift,Blanket,High,Pet and memorial segments support emotional gift products.
Dog Dad Gift,Ornament,Medium,Pet identity and memorial designs fit seasonal keepsakes.
Dog Dad Gift,Mug,Medium,Pet-parent identity works on repeatable drinkware formats.
Funny Cat Gift,Blanket,High,Pet and memorial segments support emotional gift products.
Funny Cat Gift,Ornament,Medium,Pet identity and memorial designs fit seasonal keepsakes.
Funny Cat Gift,Mug,Medium,Pet-parent identity works on repeatable drinkware formats.
Soccer Girl Gift,Tumbler,High,Interest-led segments work well on practical drinkware.
Soccer Girl Gift,Mug,High,Interest phrases are short enough for repeatable mug designs.
Soccer Girl Gift,Blanket,Medium,Giftable niche designs can scale into cozy home products.
Gaming Boy Decor,Tumbler,High,Interest-led segments work well on practical drinkware.
Gaming Boy Decor,Mug,High,Interest phrases are short enough for repeatable mug designs.
Gaming Boy Decor,Blanket,Medium,Giftable niche designs can scale into cozy home products.
Floral Girl Wedding,Poster,Medium,Theme-led designs can be tested as wall decor.
Floral Girl Wedding,Mug,Medium,Visual themes transfer cleanly to drinkware.
Floral Girl Wedding,Blanket,Medium,Style-led themes can work on larger print surfaces.
Gaming Boy Gift,Tumbler,High,Interest-led segments work well on practical drinkware.
Gaming Boy Gift,Mug,High,Interest phrases are short enough for repeatable mug designs.
Gaming Boy Gift,Blanket,Medium,Giftable niche designs can scale into cozy home products.
Fishing Boy Gift,Tumbler,High,Interest-led segments work well on practical drinkware.
Fishing Boy Gift,Mug,High,Interest phrases are short enough for repeatable mug designs.
Fishing Boy Gift,Blanket,Medium,Giftable niche designs can scale into cozy home products.
Husband Anniversary Gift,Mug,Medium,Default POD gift format for short demand phrases.
Husband Anniversary Gift,Tumbler,Medium,Default practical product for personalized gift niches.
Husband Anniversary Gift,Blanket,Low,Use as a validation product when the emotional angle is clear.
Cat Girl Gift,Blanket,High,Pet and memorial segments support emotional gift products.
Cat Girl Gift,Ornament,Medium,Pet identity and memorial designs fit seasonal keepsakes.
Cat Girl Gift,Mug,Medium,Pet-parent identity works on repeatable drinkware formats.
Wedding Girl Wedding,Mug,Medium,Default POD gift format for short demand phrases.
Wedding Girl Wedding,Tumbler,Medium,Default practical product for personalized gift niches.
Wedding Girl Wedding,Blanket,Low,Use as a validation product when the emotional angle is clear.
Wife Anniversary Gift,Mug,Medium,Default POD gift format for short demand phrases.
Wife Anniversary Gift,Tumbler,Medium,Default practical product for personalized gift niches.
Wife Anniversary Gift,Blanket,Low,Use as a validation product when the emotional angle is clear.
Daughter Birthday Gift,Mug,Medium,Default POD gift format for short demand phrases.
Daughter Birthday Gift,Tumbler,Medium,Default practical product for personalized gift niches.
Daughter Birthday Gift,Blanket,Low,Use as a validation product when the emotional angle is clear.
Funny Mom Gift,Poster,Medium,Theme-led designs can be tested as wall decor.
Funny Mom Gift,Mug,Medium,Visual themes transfer cleanly to drinkware.
Funny Mom Gift,Blanket,Medium,Style-led themes can work on larger print surfaces.
Funny Teacher Gift,Mug,High,Profession and hobby segments have strong everyday-use fit.
Funny Teacher Gift,Tumbler,High,Reusable drinkware supports names and simple icon systems.
Funny Teacher Gift,Tote Bag,Medium,"Functional carry products fit teacher, reader, and work niches."
Country Girl Girl Gift,Mug,Medium,Default POD gift format for short demand phrases.
Country Girl Girl Gift,Tumbler,Medium,Default practical product for personalized gift niches.
Country Girl Girl Gift,Blanket,Low,Use as a validation product when the emotional angle is clear.
Dog Birthday Gift,Blanket,High,Pet and memorial segments support emotional gift products.
Dog Birthday Gift,Ornament,Medium,Pet identity and memorial designs fit seasonal keepsakes.
Dog Birthday Gift,Mug,Medium,Pet-parent identity works on repeatable drinkware formats.
Wedding Mom Wedding,Mug,Medium,Default POD gift format for short demand phrases.
Wedding Mom Wedding,Tumbler,Medium,Default practical product for personalized gift niches.
Wedding Mom Wedding,Blanket,Low,Use as a validation product when the emotional angle is clear.
American Girl Matching,Mug,Medium,Default POD gift format for short demand phrases.
American Girl Matching,Tumbler,Medium,Default practical product for personalized gift niches.
American Girl Matching,Blanket,Low,Use as a validation product when the emotional angle is clear.
Halloween Mom Matching,Ornament,High,Holiday segments fit keepsake and seasonal tree decor.
Halloween Mom Matching,Mug,Medium,Holiday gift phrases can scale into drinkware.
Halloween Mom Matching,Blanket,Medium,Seasonal family gifting can support cozy products.
Christmas Daughter Gift,Ornament,High,Holiday segments fit keepsake and seasonal tree decor.
Christmas Daughter Gift,Mug,Medium,Holiday gift phrases can scale into drinkware.
Christmas Daughter Gift,Blanket,Medium,Seasonal family gifting can support cozy products.
Halloween Teacher Gift,Mug,High,Profession and hobby segments have strong everyday-use fit.
Halloween Teacher Gift,Tumbler,High,Reusable drinkware supports names and simple icon systems.
Halloween Teacher Gift,Tote Bag,Medium,"Functional carry products fit teacher, reader, and work niches."
Grandpa Birthday Gift,Mug,Medium,Default POD gift format for short demand phrases.
Grandpa Birthday Gift,Tumbler,Medium,Default practical product for personalized gift niches.
Grandpa Birthday Gift,Blanket,Low,Use as a validation product when the emotional angle is clear.
Wedding Dog Wedding,Blanket,High,Pet and memorial segments support emotional gift products.
Wedding Dog Wedding,Ornament,Medium,Pet identity and memorial designs fit seasonal keepsakes.
Wedding Dog Wedding,Mug,Medium,Pet-parent identity works on repeatable drinkware formats.
Funny Nurse Gift,Mug,High,Profession and hobby segments have strong everyday-use fit.
Funny Nurse Gift,Tumbler,High,Reusable drinkware supports names and simple icon systems.
Funny Nurse Gift,Tote Bag,Medium,"Functional carry products fit teacher, reader, and work niches."
Wife Appreciation Gift,Mug,Medium,Default POD gift format for short demand phrases.
Wife Appreciation Gift,Tumbler,Medium,Default practical product for personalized gift niches.
Wife Appreciation Gift,Blanket,Low,Use as a validation product when the emotional angle is clear.
Husband Valentine's Day Gift,Mug,Medium,Default POD gift format for short demand phrases.
Husband Valentine's Day Gift,Tumbler,Medium,Default practical product for personalized gift niches.
Husband Valentine's Day Gift,Blanket,Low,Use as a validation product when the emotional angle is clear.
Funny Fishing Gift,Tumbler,High,Interest-led segments work well on practical drinkware.
Funny Fishing Gift,Mug,High,Interest phrases are short enough for repeatable mug designs.
Funny Fishing Gift,Blanket,Medium,Giftable niche designs can scale into cozy home products.
Teacher Birthday Gift,Mug,High,Profession and hobby segments have strong everyday-use fit.
Teacher Birthday Gift,Tumbler,High,Reusable drinkware supports names and simple icon systems.
Teacher Birthday Gift,Tote Bag,Medium,"Functional carry products fit teacher, reader, and work niches."
Nurse Graduation Gift,Mug,High,Profession and hobby segments have strong everyday-use fit.
Nurse Graduation Gift,Tumbler,High,Reusable drinkware supports names and simple icon systems.
Nurse Graduation Gift,Tote Bag,Medium,"Functional carry products fit teacher, reader, and work niches."
Soccer Boy Decor,Tumbler,High,Interest-led segments work well on practical drinkware.
Soccer Boy Decor,Mug,High,Interest phrases are short enough for repeatable mug designs.
Soccer Boy Decor,Blanket,Medium,Giftable niche designs can scale into cozy home products.
Cat Lover Cat Decor,Blanket,High,Pet and memorial segments support emotional gift products.
Cat Lover Cat Decor,Ornament,Medium,Pet identity and memorial designs fit seasonal keepsakes.
Cat Lover Cat Decor,Mug,Medium,Pet-parent identity works on repeatable drinkware formats.
Valentine Husband Gift,Mug,Medium,Default POD gift format for short demand phrases.
Valentine Husband Gift,Tumbler,Medium,Default practical product for personalized gift niches.
Valentine Husband Gift,Blanket,Low,Use as a validation product when the emotional angle is clear.
Faith Girl Gift,Mug,Medium,Default POD gift format for short demand phrases.
Faith Girl Gift,Tumbler,Medium,Default practical product for personalized gift niches.
Faith Girl Gift,Blanket,Low,Use as a validation product when the emotional angle is clear.
American Girl Gift,Mug,Medium,Default POD gift format for short demand phrases.
American Girl Gift,Tumbler,Medium,Default practical product for personalized gift niches.
American Girl Gift,Blanket,Low,Use as a validation product when the emotional angle is clear.
Halloween Cat Decor,Blanket,High,Pet and memorial segments support emotional gift products.
Halloween Cat Decor,Ornament,Medium,Pet identity and memorial designs fit seasonal keepsakes.
Halloween Cat Decor,Mug,Medium,Pet-parent identity works on repeatable drinkware formats.
Police Officer Graduation Gift,Mug,Medium,Default POD gift format for short demand phrases.
Police Officer Graduation Gift,Tumbler,Medium,Default practical product for personalized gift niches.
Police Officer Graduation Gift,Blanket,Low,Use as a validation product when the emotional angle is clear.
Faith Mom Gift,Mug,Medium,Default POD gift format for short demand phrases.
Faith Mom Gift,Tumbler,Medium,Default practical product for personalized gift niches.
Faith Mom Gift,Blanket,Low,Use as a validation product when the emotional angle is clear.
Wife Wedding Gift,Mug,Medium,Default POD gift format for short demand phrases.
Wife Wedding Gift,Tumbler,Medium,Default practical product for personalized gift niches.
Wife Wedding Gift,Blanket,Low,Use as a validation product when the emotional angle is clear.
Son Birthday Gift,Mug,Medium,Default POD gift format for short demand phrases.
Son Birthday Gift,Tumbler,Medium,Default practical product for personalized gift niches.
Son Birthday Gift,Blanket,Low,Use as a validation product when the emotional angle is clear.
Hunting Girl Gift,Tumbler,High,Interest-led segments work well on practical drinkware.
Hunting Girl Gift,Mug,High,Interest phrases are short enough for repeatable mug designs.
Hunting Girl Gift,Blanket,Medium,Giftable niche designs can scale into cozy home products.
Christmas Dog Matching,Blanket,High,Pet and memorial segments support emotional gift products.
Christmas Dog Matching,Ornament,Medium,Pet identity and memorial designs fit seasonal keepsakes.
Christmas Dog Matching,Mug,Medium,Pet-parent identity works on repeatable drinkware formats.
Christmas Nurse Gift,Mug,High,Profession and hobby segments have strong everyday-use fit.
Christmas Nurse Gift,Tumbler,High,Reusable drinkware supports names and simple icon systems.
Christmas Nurse Gift,Tote Bag,Medium,"Functional carry products fit teacher, reader, and work niches."
Dog Grandma Gift,Blanket,High,Pet and memorial segments support emotional gift products.
Dog Grandma Gift,Ornament,Medium,Pet identity and memorial designs fit seasonal keepsakes.
Dog Grandma Gift,Mug,Medium,Pet-parent identity works on repeatable drinkware formats.
Halloween Girl Decor,Ornament,High,Holiday segments fit keepsake and seasonal tree decor.
Halloween Girl Decor,Mug,Medium,Holiday gift phrases can scale into drinkware.
Halloween Girl Decor,Blanket,Medium,Seasonal family gifting can support cozy products.
Nurse Appreciation Gift,Mug,High,Profession and hobby segments have strong everyday-use fit.
Nurse Appreciation Gift,Tumbler,High,Reusable drinkware supports names and simple icon systems.
Nurse Appreciation Gift,Tote Bag,Medium,"Functional carry products fit teacher, reader, and work niches."
Thanksgiving Mom Matching,Ornament,High,Holiday segments fit keepsake and seasonal tree decor.
Thanksgiving Mom Matching,Mug,Medium,Holiday gift phrases can scale into drinkware.
Thanksgiving Mom Matching,Blanket,Medium,Seasonal family gifting can support cozy products.
Christmas Son Gift,Ornament,High,Holiday segments fit keepsake and seasonal tree decor.
Christmas Son Gift,Mug,Medium,Holiday gift phrases can scale into drinkware.
Christmas Son Gift,Blanket,Medium,Seasonal family gifting can support cozy products.
Halloween Dog Decor,Blanket,High,Pet and memorial segments support emotional gift products.
Halloween Dog Decor,Ornament,Medium,Pet identity and memorial designs fit seasonal keepsakes.
Halloween Dog Decor,Mug,Medium,Pet-parent identity works on repeatable drinkware formats.
Funny Grandpa Gift,Poster,Medium,Theme-led designs can be tested as wall decor.
Funny Grandpa Gift,Mug,Medium,Visual themes transfer cleanly to drinkware.
Funny Grandpa Gift,Blanket,Medium,Style-led themes can work on larger print surfaces.
Halloween Dog Matching,Blanket,High,Pet and memorial segments support emotional gift products.
Halloween Dog Matching,Ornament,Medium,Pet identity and memorial designs fit seasonal keepsakes.
Halloween Dog Matching,Mug,Medium,Pet-parent identity works on repeatable drinkware formats.
Vintage Girl Decor,Poster,Medium,Theme-led designs can be tested as wall decor.
Vintage Girl Decor,Mug,Medium,Visual themes transfer cleanly to drinkware.
Vintage Girl Decor,Blanket,Medium,Style-led themes can work on larger print surfaces.
Funny Husband Gift,Poster,Medium,Theme-led designs can be tested as wall decor.
Funny Husband Gift,Mug,Medium,Visual themes transfer cleanly to drinkware.
Funny Husband Gift,Blanket,Medium,Style-led themes can work on larger print surfaces.
Halloween Gardening Decor,Ornament,High,Holiday segments fit keepsake and seasonal tree decor.
Halloween Gardening Decor,Mug,Medium,Holiday gift phrases can scale into drinkware.
Halloween Gardening Decor,Blanket,Medium,Seasonal family gifting can support cozy products.
Faith Boy Gift,Mug,Medium,Default POD gift format for short demand phrases.
Faith Boy Gift,Tumbler,Medium,Default practical product for personalized gift niches.
Faith Boy Gift,Blanket,Low,Use as a validation product when the emotional angle is clear.
Halloween Girl Gift,Ornament,High,Holiday segments fit keepsake and seasonal tree decor.
Halloween Girl Gift,Mug,Medium,Holiday gift phrases can scale into drinkware.
Halloween Girl Gift,Blanket,Medium,Seasonal family gifting can support cozy products.
Boy Appreciation Gift,Mug,Medium,Default POD gift format for short demand phrases.
Boy Appreciation Gift,Tumbler,Medium,Default practical product for personalized gift niches.
Boy Appreciation Gift,Blanket,Low,Use as a validation product when the emotional angle is clear.
Boho Girl Decor,Poster,Medium,Theme-led designs can be tested as wall decor.
Boho Girl Decor,Mug,Medium,Visual themes transfer cleanly to drinkware.
Boho Girl Decor,Blanket,Medium,Style-led themes can work on larger print surfaces.
Funny Grandma Gift,Poster,Medium,Theme-led designs can be tested as wall decor.
Funny Grandma Gift,Mug,Medium,Visual themes transfer cleanly to drinkware.
Funny Grandma Gift,Blanket,Medium,Style-led themes can work on larger print surfaces.
Gaming Girl Decor,Tumbler,High,Interest-led segments work well on practical drinkware.
Gaming Girl Decor,Mug,High,Interest phrases are short enough for repeatable mug designs.
Gaming Girl Decor,Blanket,Medium,Giftable niche designs can scale into cozy home products.
Thanksgiving Teacher Gift,Mug,High,Profession and hobby segments have strong everyday-use fit.
Thanksgiving Teacher Gift,Tumbler,High,Reusable drinkware supports names and simple icon systems.
Thanksgiving Teacher Gift,Tote Bag,Medium,"Functional carry products fit teacher, reader, and work niches."
Gaming Girl Gift,Tumbler,High,Interest-led segments work well on practical drinkware.
Gaming Girl Gift,Mug,High,Interest phrases are short enough for repeatable mug designs.
Gaming Girl Gift,Blanket,Medium,Giftable niche designs can scale into cozy home products.
Christmas Fishing Gift,Tumbler,High,Interest-led segments work well on practical drinkware.
Christmas Fishing Gift,Mug,High,Interest phrases are short enough for repeatable mug designs.
Christmas Fishing Gift,Blanket,Medium,Giftable niche designs can scale into cozy home products.
Girl Appreciation Gift,Mug,Medium,Default POD gift format for short demand phrases.
Girl Appreciation Gift,Tumbler,Medium,Default practical product for personalized gift niches.
Girl Appreciation Gift,Blanket,Low,Use as a validation product when the emotional angle is clear.
Hunting Boy Gift,Tumbler,High,Interest-led segments work well on practical drinkware.
Hunting Boy Gift,Mug,High,Interest phrases are short enough for repeatable mug designs.
Hunting Boy Gift,Blanket,Medium,Giftable niche designs can scale into cozy home products.
Funny Boy Gift,Poster,Medium,Theme-led designs can be tested as wall decor.
Funny Boy Gift,Mug,Medium,Visual themes transfer cleanly to drinkware.
Funny Boy Gift,Blanket,Medium,Style-led themes can work on larger print surfaces.
Halloween Boy Gift,Ornament,High,Holiday segments fit keepsake and seasonal tree decor.
Halloween Boy Gift,Mug,Medium,Holiday gift phrases can scale into drinkware.
Halloween Boy Gift,Blanket,Medium,Seasonal family gifting can support cozy products.
Funny Wife Gift,Poster,Medium,Theme-led designs can be tested as wall decor.
Funny Wife Gift,Mug,Medium,Visual themes transfer cleanly to drinkware.
Funny Wife Gift,Blanket,Medium,Style-led themes can work on larger print surfaces.
Halloween Coffee Decor,Mug,High,Profession and hobby segments have strong everyday-use fit.
Halloween Coffee Decor,Tumbler,High,Reusable drinkware supports names and simple icon systems.
Halloween Coffee Decor,Tote Bag,Medium,"Functional carry products fit teacher, reader, and work niches."
Soccer Appreciation Gift,Tumbler,High,Interest-led segments work well on practical drinkware.
Soccer Appreciation Gift,Mug,High,Interest phrases are short enough for repeatable mug designs.
Soccer Appreciation Gift,Blanket,Medium,Giftable niche designs can scale into cozy home products.
Cat Appreciation Gift,Blanket,High,Pet and memorial segments support emotional gift products.
Cat Appreciation Gift,Ornament,Medium,Pet identity and memorial designs fit seasonal keepsakes.
Cat Appreciation Gift,Mug,Medium,Pet-parent identity works on repeatable drinkware formats.
Soccer Mom Gift,Tumbler,High,Interest-led segments work well on practical drinkware.
Soccer Mom Gift,Mug,High,Interest phrases are short enough for repeatable mug designs.
Soccer Mom Gift,Blanket,Medium,Giftable niche designs can scale into cozy home products.
Cat Lover Girl Gift,Blanket,High,Pet and memorial segments support emotional gift products.
Cat Lover Girl Gift,Ornament,Medium,Pet identity and memorial designs fit seasonal keepsakes.
Cat Lover Girl Gift,Mug,Medium,Pet-parent identity works on repeatable drinkware formats.
Daughter Wedding Gift,Mug,Medium,Default POD gift format for short demand phrases.
Daughter Wedding Gift,Tumbler,Medium,Default practical product for personalized gift niches.
Daughter Wedding Gift,Blanket,Low,Use as a validation product when the emotional angle is clear.
Truck Driver Appreciation Gift,Mug,Medium,Default POD gift format for short demand phrases.
Truck Driver Appreciation Gift,Tumbler,Medium,Default practical product for personalized gift niches.
Truck Driver Appreciation Gift,Blanket,Low,Use as a validation product when the emotional angle is clear.
Faith Teacher Gift,Mug,High,Profession and hobby segments have strong everyday-use fit.
Faith Teacher Gift,Tumbler,High,Reusable drinkware supports names and simple icon systems.
Faith Teacher Gift,Tote Bag,Medium,"Functional carry products fit teacher, reader, and work niches."
Fishing Dad Gift,Tumbler,High,Interest-led segments work well on practical drinkware.
Fishing Dad Gift,Mug,High,Interest phrases are short enough for repeatable mug designs.
Fishing Dad Gift,Blanket,Medium,Giftable niche designs can scale into cozy home products.
Book Lover Girl Gift,Mug,High,Profession and hobby segments have strong everyday-use fit.
Book Lover Girl Gift,Tumbler,High,Reusable drinkware supports names and simple icon systems.
Book Lover Girl Gift,Tote Bag,Medium,"Functional carry products fit teacher, reader, and work niches."
Wedding Grandma Wedding,Mug,Medium,Default POD gift format for short demand phrases.
Wedding Grandma Wedding,Tumbler,Medium,Default practical product for personalized gift niches.
Wedding Grandma Wedding,Blanket,Low,Use as a validation product when the emotional angle is clear.
Funny Dog Gift,Blanket,High,Pet and memorial segments support emotional gift products.
Funny Dog Gift,Ornament,Medium,Pet identity and memorial designs fit seasonal keepsakes.
Funny Dog Gift,Mug,Medium,Pet-parent identity works on repeatable drinkware formats.
Funny Pickleball Gift,Poster,Medium,Theme-led designs can be tested as wall decor.
Funny Pickleball Gift,Mug,Medium,Visual themes transfer cleanly to drinkware.
Funny Pickleball Gift,Blanket,Medium,Style-led themes can work on larger print surfaces.
Book Lover Reading Decor,Mug,High,Profession and hobby segments have strong everyday-use fit.
Book Lover Reading Decor,Tumbler,High,Reusable drinkware supports names and simple icon systems.
Book Lover Reading Decor,Tote Bag,Medium,"Functional carry products fit teacher, reader, and work niches."
Halloween Camping Decor,Tumbler,High,Interest-led segments work well on practical drinkware.
Halloween Camping Decor,Mug,High,Interest phrases are short enough for repeatable mug designs.
Halloween Camping Decor,Blanket,Medium,Giftable niche designs can scale into cozy home products.
Floral Mom Wedding,Poster,Medium,Theme-led designs can be tested as wall decor.
Floral Mom Wedding,Mug,Medium,Visual themes transfer cleanly to drinkware.
Floral Mom Wedding,Blanket,Medium,Style-led themes can work on larger print surfaces.
Dog Appreciation Gift,Blanket,High,Pet and memorial segments support emotional gift products.
Dog Appreciation Gift,Ornament,Medium,Pet identity and memorial designs fit seasonal keepsakes.
Dog Appreciation Gift,Mug,Medium,Pet-parent identity works on repeatable drinkware formats.
Christmas Coffee Gift,Mug,High,Profession and hobby segments have strong everyday-use fit.
Christmas Coffee Gift,Tumbler,High,Reusable drinkware supports names and simple icon systems.
Christmas Coffee Gift,Tote Bag,Medium,"Functional carry products fit teacher, reader, and work niches."
Gaming Husband Gift,Tumbler,High,Interest-led segments work well on practical drinkware.
Gaming Husband Gift,Mug,High,Interest phrases are short enough for repeatable mug designs.
Gaming Husband Gift,Blanket,Medium,Giftable niche designs can scale into cozy home products.
Teacher Christmas Gift,Mug,High,Profession and hobby segments have strong everyday-use fit.
Teacher Christmas Gift,Tumbler,High,Reusable drinkware supports names and simple icon systems.
Teacher Christmas Gift,Tote Bag,Medium,"Functional carry products fit teacher, reader, and work niches."
Faith Dad Gift,Mug,Medium,Default POD gift format for short demand phrases.
Faith Dad Gift,Tumbler,Medium,Default practical product for personalized gift niches.
Faith Dad Gift,Blanket,Low,Use as a validation product when the emotional angle is clear.
Gardening Cat Decor,Blanket,High,Pet and memorial segments support emotional gift products.
Gardening Cat Decor,Ornament,Medium,Pet identity and memorial designs fit seasonal keepsakes.
Gardening Cat Decor,Mug,Medium,Pet-parent identity works on repeatable drinkware formats.
Christmas Gaming Gift,Tumbler,High,Interest-led segments work well on practical drinkware.
Christmas Gaming Gift,Mug,High,Interest phrases are short enough for repeatable mug designs.
Christmas Gaming Gift,Blanket,Medium,Giftable niche designs can scale into cozy home products.
Fishing Boy Decor,Tumbler,High,Interest-led segments work well on practical drinkware.
Fishing Boy Decor,Mug,High,Interest phrases are short enough for repeatable mug designs.
Fishing Boy Decor,Blanket,Medium,Giftable niche designs can scale into cozy home products.
Christmas Soccer Gift,Tumbler,High,Interest-led segments work well on practical drinkware.
Christmas Soccer Gift,Mug,High,Interest phrases are short enough for repeatable mug designs.
Christmas Soccer Gift,Blanket,Medium,Giftable niche designs can scale into cozy home products.
Funny Son Gift,Poster,Medium,Theme-led designs can be tested as wall decor.
Funny Son Gift,Mug,Medium,Visual themes transfer cleanly to drinkware.
Funny Son Gift,Blanket,Medium,Style-led themes can work on larger print surfaces.
Funny Hunting Gift,Tumbler,High,Interest-led segments work well on practical drinkware.
Funny Hunting Gift,Mug,High,Interest phrases are short enough for repeatable mug designs.
Funny Hunting Gift,Blanket,Medium,Giftable niche designs can scale into cozy home products.
Christmas Hunting Gift,Tumbler,High,Interest-led segments work well on practical drinkware.
Christmas Hunting Gift,Mug,High,Interest phrases are short enough for repeatable mug designs.
Christmas Hunting Gift,Blanket,Medium,Giftable niche designs can scale into cozy home products.
Hunting Dad Gift,Tumbler,High,Interest-led segments work well on practical drinkware.
Hunting Dad Gift,Mug,High,Interest phrases are short enough for repeatable mug designs.
Hunting Dad Gift,Blanket,Medium,Giftable niche designs can scale into cozy home products.
Christmas Husband Matching,Ornament,High,Holiday segments fit keepsake and seasonal tree decor.
Christmas Husband Matching,Mug,Medium,Holiday gift phrases can scale into drinkware.
Christmas Husband Matching,Blanket,Medium,Seasonal family gifting can support cozy products.
Cowgirl Girl Gift,Mug,Medium,Default POD gift format for short demand phrases.
Cowgirl Girl Gift,Tumbler,Medium,Default practical product for personalized gift niches.
Cowgirl Girl Gift,Blanket,Low,Use as a validation product when the emotional angle is clear.
Christmas Dad Matching,Ornament,High,Holiday segments fit keepsake and seasonal tree decor.
Christmas Dad Matching,Mug,Medium,Holiday gift phrases can scale into drinkware.
Christmas Dad Matching,Blanket,Medium,Seasonal family gifting can support cozy products.
Funny Girl Gift,Poster,Medium,Theme-led designs can be tested as wall decor.
Funny Girl Gift,Mug,Medium,Visual themes transfer cleanly to drinkware.
Funny Girl Gift,Blanket,Medium,Style-led themes can work on larger print surfaces.
Mother's Day Mom Gift,Mug,Medium,Default POD gift format for short demand phrases.
Mother's Day Mom Gift,Tumbler,Medium,Default practical product for personalized gift niches.
Mother's Day Mom Gift,Blanket,Low,Use as a validation product when the emotional angle is clear.
Christmas Girl Matching,Ornament,High,Holiday segments fit keepsake and seasonal tree decor.
Christmas Girl Matching,Mug,Medium,Holiday gift phrases can scale into drinkware.
Christmas Girl Matching,Blanket,Medium,Seasonal family gifting can support cozy products.
Christmas Boy Matching,Ornament,High,Holiday segments fit keepsake and seasonal tree decor.
Christmas Boy Matching,Mug,Medium,Holiday gift phrases can scale into drinkware.
Christmas Boy Matching,Blanket,Medium,Seasonal family gifting can support cozy products.
Funny Firefighter Gift,Poster,Medium,Theme-led designs can be tested as wall decor.
Funny Firefighter Gift,Mug,Medium,Visual themes transfer cleanly to drinkware.
Funny Firefighter Gift,Blanket,Medium,Style-led themes can work on larger print surfaces.
Gardening Mom Gift,Mug,Medium,Default POD gift format for short demand phrases.
Gardening Mom Gift,Tumbler,Medium,Default practical product for personalized gift niches.
Gardening Mom Gift,Blanket,Low,Use as a validation product when the emotional angle is clear.
Father's Day Dad Gift,Mug,Medium,Default POD gift format for short demand phrases.
Father's Day Dad Gift,Tumbler,Medium,Default practical product for personalized gift niches.
Father's Day Dad Gift,Blanket,Low,Use as a validation product when the emotional angle is clear.
Dog Grandpa Gift,Blanket,High,Pet and memorial segments support emotional gift products.
Dog Grandpa Gift,Ornament,Medium,Pet identity and memorial designs fit seasonal keepsakes.
Dog Grandpa Gift,Mug,Medium,Pet-parent identity works on repeatable drinkware formats.
Gardening Grandma Gift,Mug,Medium,Default POD gift format for short demand phrases.
Gardening Grandma Gift,Tumbler,Medium,Default practical product for personalized gift niches.
Gardening Grandma Gift,Blanket,Low,Use as a validation product when the emotional angle is clear.
Hunting Boy Decor,Tumbler,High,Interest-led segments work well on practical drinkware.
Hunting Boy Decor,Mug,High,Interest phrases are short enough for repeatable mug designs.
Hunting Boy Decor,Blanket,Medium,Giftable niche designs can scale into cozy home products.
Husband Appreciation Gift,Mug,Medium,Default POD gift format for short demand phrases.
Husband Appreciation Gift,Tumbler,Medium,Default practical product for personalized gift niches.
Husband Appreciation Gift,Blanket,Low,Use as a validation product when the emotional angle is clear.
Gaming Dad Gift,Tumbler,High,Interest-led segments work well on practical drinkware.
Gaming Dad Gift,Mug,High,Interest phrases are short enough for repeatable mug designs.
Gaming Dad Gift,Blanket,Medium,Giftable niche designs can scale into cozy home products.
Christmas Firefighter Gift,Ornament,High,Holiday segments fit keepsake and seasonal tree decor.
Christmas Firefighter Gift,Mug,Medium,Holiday gift phrases can scale into drinkware.
Christmas Firefighter Gift,Blanket,Medium,Seasonal family gifting can support cozy products.
Faith Grandma Gift,Mug,Medium,Default POD gift format for short demand phrases.
Faith Grandma Gift,Tumbler,Medium,Default practical product for personalized gift niches.
Faith Grandma Gift,Blanket,Low,Use as a validation product when the emotional angle is clear.
Funny Accountant Gift,Poster,Medium,Theme-led designs can be tested as wall decor.
Funny Accountant Gift,Mug,Medium,Visual themes transfer cleanly to drinkware.
Funny Accountant Gift,Blanket,Medium,Style-led themes can work on larger print surfaces.
Son Wedding Gift,Mug,Medium,Default POD gift format for short demand phrases.
Son Wedding Gift,Tumbler,Medium,Default practical product for personalized gift niches.
Son Wedding Gift,Blanket,Low,Use as a validation product when the emotional angle is clear.
Gardening Dog Memorial,Blanket,High,Pet and memorial segments support emotional gift products.
Gardening Dog Memorial,Ornament,Medium,Pet identity and memorial designs fit seasonal keepsakes.
Gardening Dog Memorial,Mug,Medium,Pet-parent identity works on repeatable drinkware formats.
Husband Wedding Gift,Mug,Medium,Default POD gift format for short demand phrases.
Husband Wedding Gift,Tumbler,Medium,Default practical product for personalized gift niches.
Husband Wedding Gift,Blanket,Low,Use as a validation product when the emotional angle is clear.
Funny Police Officer Gift,Poster,Medium,Theme-led designs can be tested as wall decor.
Funny Police Officer Gift,Mug,Medium,Visual themes transfer cleanly to drinkware.
Funny Police Officer Gift,Blanket,Medium,Style-led themes can work on larger print surfaces.
Soccer Dad Gift,Tumbler,High,Interest-led segments work well on practical drinkware.
Soccer Dad Gift,Mug,High,Interest phrases are short enough for repeatable mug designs.
Soccer Dad Gift,Blanket,Medium,Giftable niche designs can scale into cozy home products.
Faith Wife Gift,Mug,Medium,Default POD gift format for short demand phrases.
Faith Wife Gift,Tumbler,Medium,Default practical product for personalized gift niches.
Faith Wife Gift,Blanket,Low,Use as a validation product when the emotional angle is clear.
Yoga Teacher Gift,Mug,High,Profession and hobby segments have strong everyday-use fit.
Yoga Teacher Gift,Tumbler,High,Reusable drinkware supports names and simple icon systems.
Yoga Teacher Gift,Tote Bag,Medium,"Functional carry products fit teacher, reader, and work niches."
Cat Grandma Gift,Blanket,High,Pet and memorial segments support emotional gift products.
Cat Grandma Gift,Ornament,Medium,Pet identity and memorial designs fit seasonal keepsakes.
Cat Grandma Gift,Mug,Medium,Pet-parent identity works on repeatable drinkware formats.
Funny Chef Gift,Poster,Medium,Theme-led designs can be tested as wall decor.
Funny Chef Gift,Mug,Medium,Visual themes transfer cleanly to drinkware.
Funny Chef Gift,Blanket,Medium,Style-led themes can work on larger print surfaces.
Reading Teacher Gift,Mug,High,Profession and hobby segments have strong everyday-use fit.
Reading Teacher Gift,Tumbler,High,Reusable drinkware supports names and simple icon systems.
Reading Teacher Gift,Tote Bag,Medium,"Functional carry products fit teacher, reader, and work niches."
Funny Camping Gift,Tumbler,High,Interest-led segments work well on practical drinkware.
Funny Camping Gift,Mug,High,Interest phrases are short enough for repeatable mug designs.
Funny Camping Gift,Blanket,Medium,Giftable niche designs can scale into cozy home products.
Farm Life Girl Gift,Mug,Medium,Default POD gift format for short demand phrases.
Farm Life Girl Gift,Tumbler,Medium,Default practical product for personalized gift niches.
Farm Life Girl Gift,Blanket,Low,Use as a validation product when the emotional angle is clear.
Gardening Dad Gift,Mug,Medium,Default POD gift format for short demand phrases.
Gardening Dad Gift,Tumbler,Medium,Default practical product for personalized gift niches.
Gardening Dad Gift,Blanket,Low,Use as a validation product when the emotional angle is clear.
Funny Gardening Decor,Poster,Medium,Theme-led designs can be tested as wall decor.
Funny Gardening Decor,Mug,Medium,Visual themes transfer cleanly to drinkware.
Funny Gardening Decor,Blanket,Medium,Style-led themes can work on larger print surfaces.
Fishing Grandpa Gift,Tumbler,High,Interest-led segments work well on practical drinkware.
Fishing Grandpa Gift,Mug,High,Interest phrases are short enough for repeatable mug designs.
Fishing Grandpa Gift,Blanket,Medium,Giftable niche designs can scale into cozy home products.
Dog Girl Gift,Blanket,High,Pet and memorial segments support emotional gift products.
Dog Girl Gift,Ornament,Medium,Pet identity and memorial designs fit seasonal keepsakes.
Dog Girl Gift,Mug,Medium,Pet-parent identity works on repeatable drinkware formats.
Teacher Valentine's Day Gift,Mug,High,Profession and hobby segments have strong everyday-use fit.
Teacher Valentine's Day Gift,Tumbler,High,Reusable drinkware supports names and simple icon systems.
Teacher Valentine's Day Gift,Tote Bag,Medium,"Functional carry products fit teacher, reader, and work niches."
Valentine Teacher Gift,Mug,High,Profession and hobby segments have strong everyday-use fit.
Valentine Teacher Gift,Tumbler,High,Reusable drinkware supports names and simple icon systems.
Valentine Teacher Gift,Tote Bag,Medium,"Functional carry products fit teacher, reader, and work niches."
Funny Electrician Gift,Poster,Medium,Theme-led designs can be tested as wall decor.
Funny Electrician Gift,Mug,Medium,Visual themes transfer cleanly to drinkware.
Funny Electrician Gift,Blanket,Medium,Style-led themes can work on larger print surfaces.
Funny Coffee Gift,Mug,High,Profession and hobby segments have strong everyday-use fit.
Funny Coffee Gift,Tumbler,High,Reusable drinkware supports names and simple icon systems.
Funny Coffee Gift,Tote Bag,Medium,"Functional carry products fit teacher, reader, and work niches."
Dog Mom Matching,Blanket,High,Pet and memorial segments support emotional gift products.
Dog Mom Matching,Ornament,Medium,Pet identity and memorial designs fit seasonal keepsakes.
Dog Mom Matching,Mug,Medium,Pet-parent identity works on repeatable drinkware formats.
Teacher Thanksgiving Gift,Mug,High,Profession and hobby segments have strong everyday-use fit.
Teacher Thanksgiving Gift,Tumbler,High,Reusable drinkware supports names and simple icon systems.
Teacher Thanksgiving Gift,Tote Bag,Medium,"Functional carry products fit teacher, reader, and work niches."
Gardening Appreciation Gift,Mug,Medium,Default POD gift format for short demand phrases.
Gardening Appreciation Gift,Tumbler,Medium,Default practical product for personalized gift niches.
Gardening Appreciation Gift,Blanket,Low,Use as a validation product when the emotional angle is clear.
Christmas Hairstylist Gift,Ornament,High,Holiday segments fit keepsake and seasonal tree decor.
Christmas Hairstylist Gift,Mug,Medium,Holiday gift phrases can scale into drinkware.
Christmas Hairstylist Gift,Blanket,Medium,Seasonal family gifting can support cozy products.
Reading Mom Gift,Mug,High,Profession and hobby segments have strong everyday-use fit.
Reading Mom Gift,Tumbler,High,Reusable drinkware supports names and simple icon systems.
Reading Mom Gift,Tote Bag,Medium,"Functional carry products fit teacher, reader, and work niches."
Halloween Boy Decor,Ornament,High,Holiday segments fit keepsake and seasonal tree decor.
Halloween Boy Decor,Mug,Medium,Holiday gift phrases can scale into drinkware.
Halloween Boy Decor,Blanket,Medium,Seasonal family gifting can support cozy products.
Funny Soccer Gift,Tumbler,High,Interest-led segments work well on practical drinkware.
Funny Soccer Gift,Mug,High,Interest phrases are short enough for repeatable mug designs.
Funny Soccer Gift,Blanket,Medium,Giftable niche designs can scale into cozy home products.
Funny Gardening Gift,Poster,Medium,Theme-led designs can be tested as wall decor.
Funny Gardening Gift,Mug,Medium,Visual themes transfer cleanly to drinkware.
Funny Gardening Gift,Blanket,Medium,Style-led themes can work on larger print surfaces.
Cat Birthday Gift,Blanket,High,Pet and memorial segments support emotional gift products.
Cat Birthday Gift,Ornament,Medium,Pet identity and memorial designs fit seasonal keepsakes.
Cat Birthday Gift,Mug,Medium,Pet-parent identity works on repeatable drinkware formats.
Teacher Graduation Gift,Mug,High,Profession and hobby segments have strong everyday-use fit.
Teacher Graduation Gift,Tumbler,High,Reusable drinkware supports names and simple icon systems.
Teacher Graduation Gift,Tote Bag,Medium,"Functional carry products fit teacher, reader, and work niches."
Funny Gaming Gift,Tumbler,High,Interest-led segments work well on practical drinkware.
Funny Gaming Gift,Mug,High,Interest phrases are short enough for repeatable mug designs.
Funny Gaming Gift,Blanket,Medium,Giftable niche designs can scale into cozy home products.
Funny Cat Decor,Blanket,High,Pet and memorial segments support emotional gift products.
Funny Cat Decor,Ornament,Medium,Pet identity and memorial designs fit seasonal keepsakes.
Funny Cat Decor,Mug,Medium,Pet-parent identity works on repeatable drinkware formats.
Mom Appreciation Gift,Mug,Medium,Default POD gift format for short demand phrases.
Mom Appreciation Gift,Tumbler,Medium,Default practical product for personalized gift niches.
Mom Appreciation Gift,Blanket,Low,Use as a validation product when the emotional angle is clear.
Vintage Gardening Decor,Poster,Medium,Theme-led designs can be tested as wall decor.
Vintage Gardening Decor,Mug,Medium,Visual themes transfer cleanly to drinkware.
Vintage Gardening Decor,Blanket,Medium,Style-led themes can work on larger print surfaces.
Faith Husband Gift,Mug,Medium,Default POD gift format for short demand phrases.
Faith Husband Gift,Tumbler,Medium,Default practical product for personalized gift niches.
Faith Husband Gift,Blanket,Low,Use as a validation product when the emotional angle is clear.
Halloween Nurse Gift,Mug,High,Profession and hobby segments have strong everyday-use fit.
Halloween Nurse Gift,Tumbler,High,Reusable drinkware supports names and simple icon systems.
Halloween Nurse Gift,Tote Bag,Medium,"Functional carry products fit teacher, reader, and work niches."
Funny Daughter Gift,Poster,Medium,Theme-led designs can be tested as wall decor.
Funny Daughter Gift,Mug,Medium,Visual themes transfer cleanly to drinkware.
Funny Daughter Gift,Blanket,Medium,Style-led themes can work on larger print surfaces.
Boy Valentine's Day Gift,Mug,Medium,Default POD gift format for short demand phrases.
Boy Valentine's Day Gift,Tumbler,Medium,Default practical product for personalized gift niches.
Boy Valentine's Day Gift,Blanket,Low,Use as a validation product when the emotional angle is clear.
Valentine Boy Gift,Mug,Medium,Default POD gift format for short demand phrases.
Valentine Boy Gift,Tumbler,Medium,Default practical product for personalized gift niches.
Valentine Boy Gift,Blanket,Low,Use as a validation product when the emotional angle is clear.
Cowgirl Girl Decor,Mug,Medium,Default POD gift format for short demand phrases.
Cowgirl Girl Decor,Tumbler,Medium,Default practical product for personalized gift niches.
Cowgirl Girl Decor,Blanket,Low,Use as a validation product when the emotional angle is clear.
Vintage Boy Decor,Poster,Medium,Theme-led designs can be tested as wall decor.
Vintage Boy Decor,Mug,Medium,Visual themes transfer cleanly to drinkware.
Vintage Boy Decor,Blanket,Medium,Style-led themes can work on larger print surfaces.
Christmas Camping Gift,Tumbler,High,Interest-led segments work well on practical drinkware.
Christmas Camping Gift,Mug,High,Interest phrases are short enough for repeatable mug designs.
Christmas Camping Gift,Blanket,Medium,Giftable niche designs can scale into cozy home products.
Retro Gaming Decor,Tumbler,High,Interest-led segments work well on practical drinkware.
Retro Gaming Decor,Mug,High,Interest phrases are short enough for repeatable mug designs.
Retro Gaming Decor,Blanket,Medium,Giftable niche designs can scale into cozy home products.
Floral Gardening Decor,Poster,Medium,Theme-led designs can be tested as wall decor.
Floral Gardening Decor,Mug,Medium,Visual themes transfer cleanly to drinkware.
Floral Gardening Decor,Blanket,Medium,Style-led themes can work on larger print surfaces.
Christmas Pickleball Gift,Ornament,High,Holiday segments fit keepsake and seasonal tree decor.
Christmas Pickleball Gift,Mug,Medium,Holiday gift phrases can scale into drinkware.
Christmas Pickleball Gift,Blanket,Medium,Seasonal family gifting can support cozy products.
Reading Girl Gift,Mug,High,Profession and hobby segments have strong everyday-use fit.
Reading Girl Gift,Tumbler,High,Reusable drinkware supports names and simple icon systems.
Reading Girl Gift,Tote Bag,Medium,"Functional carry products fit teacher, reader, and work niches."
Coffee Christmas Gift,Mug,High,Profession and hobby segments have strong everyday-use fit.
Coffee Christmas Gift,Tumbler,High,Reusable drinkware supports names and simple icon systems.
Coffee Christmas Gift,Tote Bag,Medium,"Functional carry products fit teacher, reader, and work niches."
Christmas Chef Gift,Ornament,High,Holiday segments fit keepsake and seasonal tree decor.
Christmas Chef Gift,Mug,Medium,Holiday gift phrases can scale into drinkware.
Christmas Chef Gift,Blanket,Medium,Seasonal family gifting can support cozy products.
Camping Dad Gift,Tumbler,High,Interest-led segments work well on practical drinkware.
Camping Dad Gift,Mug,High,Interest phrases are short enough for repeatable mug designs.
Camping Dad Gift,Blanket,Medium,Giftable niche designs can scale into cozy home products.
Faith Daughter Gift,Mug,Medium,Default POD gift format for short demand phrases.
Faith Daughter Gift,Tumbler,Medium,Default practical product for personalized gift niches.
Faith Daughter Gift,Blanket,Low,Use as a validation product when the emotional angle is clear.
Christmas Police Officer Gift,Ornament,High,Holiday segments fit keepsake and seasonal tree decor.
Christmas Police Officer Gift,Mug,Medium,Holiday gift phrases can scale into drinkware.
Christmas Police Officer Gift,Blanket,Medium,Seasonal family gifting can support cozy products.
