priority,parent_demand,child_segment,segment_signature,segment_refinements,primary_segment_type,primary_segment_value,reason,opportunity_score,estimated_roi,suggested_products,suggested_customizations,next_action
P1,Girl Gift,Female,audience_modifier:female|audience_modifier:teen,Female|Teen,audience_group,female,Female inherits Mega parent demand with segment strength 40.1.,102.78,High,Mug | Tumbler | Blanket,Name,Create design/product tests for the top suggested products.
P1,Mom Gift,Wedding,occasion:wedding,Wedding,occasion,wedding,Wedding inherits Mega parent demand with segment strength 36.67.,101.05,High,Mug | Tumbler | Blanket,Name,Create design/product tests for the top suggested products.
P1,Mom Gift,Christmas,holiday:christmas,Christmas,holiday,christmas,Christmas inherits Mega parent demand with segment strength 36.63.,101.0,High,Ornament | Mug | Blanket,Name,Create design/product tests for the top suggested products.
P1,Girl Gift,Female,audience_modifier:female,Female,audience_group,female,Female inherits Mega parent demand with segment strength 37.01.,99.07,High,Mug | Tumbler | Blanket,Name,Create design/product tests for the top suggested products.
P1,Mom Gift,Wedding,audience_modifier:female|occasion:wedding,Female|Wedding,occasion,wedding,Wedding inherits Mega parent demand with segment strength 33.75.,97.55,High,Mug | Tumbler | Blanket,Name,Create design/product tests for the top suggested products.
P1,Mom Gift,Birthday,occasion:birthday,Birthday,occasion,birthday,Birthday inherits Mega parent demand with segment strength 32.42.,95.95,High,Mug | Tumbler | Blanket,Name | Birth Flower,Create design/product tests for the top suggested products.
P1,Dad Gift,Christmas,holiday:christmas,Christmas,holiday,christmas,Christmas inherits Mega parent demand with segment strength 34.43.,95.14,High,Ornament | Mug | Blanket,Name,Create design/product tests for the top suggested products.
P1,Girl Gift,Female,audience_modifier:female|holiday:christmas,Female|Christmas,audience_group,female,Female inherits Mega parent demand with segment strength 32.93.,94.18,High,Ornament | Mug | Blanket,Name,Create design/product tests for the top suggested products.
P1,Girl Gift,Female,audience_modifier:baby|audience_modifier:female,Baby|Female,audience_group,female,Female inherits Mega parent demand with segment strength 32.55.,93.72,High,Mug | Tumbler | Blanket,Name,Create design/product tests for the top suggested products.
P1,Girl Gift,Female,audience_modifier:female|audience_modifier:toddler|relationship:toddler,Female|Toddler|From Toddler,audience_group,female,Female inherits Mega parent demand with segment strength 32.34.,93.47,High,Mug | Tumbler | Blanket,Name,Create design/product tests for the top suggested products.
P1,Dad Gift,Birthday,occasion:birthday,Birthday,occasion,birthday,Birthday inherits Mega parent demand with segment strength 31.41.,91.52,High,Mug | Tumbler | Blanket,Name | Birth Flower,Create design/product tests for the top suggested products.
P1,Mom Gift,From Daughter,relationship:daughter,From Daughter,relationship,daughter,From Daughter inherits Mega parent demand with segment strength 28.63.,91.4,High,Mug | Tumbler | Blanket,Name,Create design/product tests for the top suggested products.
P1,Dad Gift,From Daughter,relationship:daughter,From Daughter,relationship,daughter,From Daughter inherits Mega parent demand with segment strength 30.22.,90.09,High,Mug | Tumbler | Blanket,Name,Create design/product tests for the top suggested products.
P1,Mom Gift,Christmas,holiday:christmas|relationship:daughter,Christmas|From Daughter,holiday,christmas,Christmas inherits Mega parent demand with segment strength 27.38.,89.9,High,Ornament | Mug | Blanket,Name,Create design/product tests for the top suggested products.
P1,Dad Gift,Cat,lifestyle:cat lover|pet:cat,Cat Lover|Cat,pet,cat,Cat inherits Mega parent demand with segment strength 30.05.,89.89,High,Blanket | Ornament | Mug,Name | Photo | Line Art,Create design/product tests for the top suggested products.
P1,Girl Gift,Female,audience_modifier:female|audience_modifier:teen|holiday:christmas,Female|Teen|Christmas,audience_group,female,Female inherits Mega parent demand with segment strength 29.21.,89.71,High,Ornament | Mug | Blanket,Name,Create design/product tests for the top suggested products.
P1,Girl Gift,Female,audience_modifier:baby|audience_modifier:female|holiday:christmas,Baby|Female|Christmas,audience_group,female,Female inherits Mega parent demand with segment strength 28.83.,89.26,High,Ornament | Mug | Blanket,Name,Create design/product tests for the top suggested products.
P1,Girl Gift,Female,audience_modifier:female|occasion:birthday,Female|Birthday,audience_group,female,Female inherits Mega parent demand with segment strength 28.72.,89.12,High,Mug | Tumbler | Blanket,Name | Birth Flower,Create design/product tests for the top suggested products.
P1,Dad Gift,Wedding,occasion:wedding,Wedding,occasion,wedding,Wedding inherits Mega parent demand with segment strength 29.06.,88.7,High,Mug | Tumbler | Blanket,Name,Create design/product tests for the top suggested products.
P1,Dad Gift,Christmas,holiday:christmas|relationship:daughter,Christmas|From Daughter,holiday,christmas,Christmas inherits Mega parent demand with segment strength 28.92.,88.53,High,Ornament | Mug | Blanket,Name,Create design/product tests for the top suggested products.
P1,Girl Gift,Female,audience_modifier:female|audience_modifier:toddler|holiday:christmas,Female|Toddler|Christmas,audience_group,female,Female inherits Mega parent demand with segment strength 27.66.,87.85,High,Ornament | Mug | Blanket,Name,Create design/product tests for the top suggested products.
P1,Mom Gift,From Son,relationship:son,From Son,relationship,son,From Son inherits Mega parent demand with segment strength 24.99.,87.04,Medium-High,Mug | Tumbler | Blanket,Name,Create design/product tests for the top suggested products.
P1,Girl Gift,Female,audience_modifier:female|audience_modifier:teen|occasion:birthday,Female|Teen|Birthday,audience_group,female,Female inherits Mega parent demand with segment strength 26.78.,86.8,High,Mug | Tumbler | Blanket,Name | Birth Flower,Create design/product tests for the top suggested products.
P1,Girl Gift,Female,audience_modifier:female|theme:floral,Female|Floral,audience_group,female,Female inherits Mega parent demand with segment strength 26.54.,86.51,High,Poster | Mug | Blanket,Name | Birth Flower,Create design/product tests for the top suggested products.
P1,Girl Gift,Female,audience_modifier:female|audience_modifier:toddler,Female|Toddler,audience_group,female,Female inherits Mega parent demand with segment strength 26.28.,86.2,High,Mug | Tumbler | Blanket,Name,Create design/product tests for the top suggested products.
P1,Grandma Gift,Christmas,holiday:christmas,Christmas,holiday,christmas,Christmas inherits Mega parent demand with segment strength 30.35.,85.96,High,Ornament | Mug | Blanket,Name,Create design/product tests for the top suggested products.
P1,Dad Gift,Male,audience_modifier:male|lifestyle:dog lover|pet:dog,Male|Dog Lover|Dog,audience_group,male,Male inherits Mega parent demand with segment strength 26.69.,85.85,High,Blanket | Ornament | Mug,Name | Photo | Line Art,Create design/product tests for the top suggested products.
P1,Dad Gift,Funny,theme:funny,Funny,niche,funny,Funny inherits Mega parent demand with segment strength 26.09.,85.13,High,Poster | Mug | Blanket,Name | Hand Drawing,Create design/product tests for the top suggested products.
P1,Dad Gift,From Son,relationship:son,From Son,relationship,son,From Son inherits Mega parent demand with segment strength 26.03.,85.06,High,Mug | Tumbler | Blanket,Name,Create design/product tests for the top suggested products.
P1,Mom Gift,Birthday,occasion:birthday|relationship:daughter,Birthday|From Daughter,occasion,birthday,Birthday inherits Mega parent demand with segment strength 22.95.,84.59,Medium-High,Mug | Tumbler | Blanket,Name | Birth Flower,Create design/product tests for the top suggested products.
P1,Mom Gift,Funny,theme:funny,Funny,niche,funny,Funny inherits Mega parent demand with segment strength 22.7.,84.29,Medium-High,Poster | Mug | Blanket,Name | Hand Drawing,Create design/product tests for the top suggested products.
P1,Girl Gift,Female,audience_modifier:female|interest:soccer,Female|Soccer,audience_group,female,Female inherits Mega parent demand with segment strength 24.53.,84.1,Medium-High,Tumbler | Mug | Blanket,Name,Create design/product tests for the top suggested products.
P1,Mom Gift,Memorial,occasion:memorial,Memorial,occasion,memorial,Memorial inherits Mega parent demand with segment strength 22.38.,83.9,Medium-High,Blanket | Ornament | Mug,Name | Photo | Line Art,Create design/product tests for the top suggested products.
P1,Girl Gift,Female,audience_modifier:female|occasion:wedding|theme:floral,Female|Wedding|Floral,audience_group,female,Female inherits Mega parent demand with segment strength 24.17.,83.66,Medium-High,Poster | Mug | Blanket,Name | Birth Flower,Create design/product tests for the top suggested products.
P1,Girl Gift,Female,audience_modifier:female|pet:cat,Female|Cat,audience_group,female,Female inherits Mega parent demand with segment strength 23.53.,82.9,Medium-High,Blanket | Ornament | Mug,Name | Photo | Line Art,Create design/product tests for the top suggested products.
P1,Mom Gift,Female,audience_modifier:female,Female,audience_group,female,Female inherits Mega parent demand with segment strength 20.61.,81.78,Medium-High,Mug | Tumbler | Blanket,Name,Create design/product tests for the top suggested products.
P1,Grandma Gift,Birthday,occasion:birthday,Birthday,occasion,birthday,Birthday inherits Mega parent demand with segment strength 26.52.,81.36,High,Mug | Tumbler | Blanket,Name | Birth Flower,Create design/product tests for the top suggested products.
P1,Girl Gift,Female,audience_modifier:female|lifestyle:country girl,Female|Country Girl,audience_group,female,Female inherits Mega parent demand with segment strength 21.62.,80.6,Medium-High,Mug | Tumbler | Blanket,Name,Create design/product tests for the top suggested products.
P1,Mom Gift,Christmas,holiday:christmas|relationship:son,Christmas|From Son,holiday,christmas,Christmas inherits Mega parent demand with segment strength 19.6.,80.57,Medium-High,Ornament | Mug | Blanket,Name,Create design/product tests for the top suggested products.
P1,Dad Gift,Memorial,occasion:memorial,Memorial,occasion,memorial,Memorial inherits Mega parent demand with segment strength 22.13.,80.38,Medium-High,Blanket | Ornament | Mug,Name | Photo | Line Art,Create design/product tests for the top suggested products.
P1,Mom Gift,Adult,audience_modifier:adult,Adult,audience_group,adult,Adult inherits Mega parent demand with segment strength 18.93.,79.76,Medium-High,Mug | Tumbler | Blanket,Name,Create design/product tests for the top suggested products.
P1,Girl Gift,Female,audience_modifier:female|occasion:wedding,Female|Wedding,audience_group,female,Female inherits Mega parent demand with segment strength 20.86.,79.69,Medium-High,Mug | Tumbler | Blanket,Name,Create design/product tests for the top suggested products.
P1,Dad Gift,Dog,lifestyle:dog lover|pet:dog,Dog Lover|Dog,pet,dog,Dog inherits Mega parent demand with segment strength 21.45.,79.57,Medium-High,Blanket | Ornament | Mug,Name | Photo | Line Art,Create design/product tests for the top suggested products.
P1,Girl Gift,Female,audience_modifier:female|holiday:christmas|pet:dog,Female|Christmas|Dog,audience_group,female,Female inherits Mega parent demand with segment strength 20.52.,79.28,Medium-High,Blanket | Ornament | Mug,Name | Photo | Line Art,Create design/product tests for the top suggested products.
P1,Mom Gift,Baby,audience_modifier:baby,Baby,audience_group,baby,Baby inherits Mega parent demand with segment strength 18.52.,79.27,Medium-High,Mug | Tumbler | Blanket,Name,Create design/product tests for the top suggested products.
P1,Mom Gift,Senior,audience_modifier:senior,Senior,audience_group,senior,Senior inherits Mega parent demand with segment strength 18.42.,79.15,Medium-High,Mug | Tumbler | Blanket,Name,Create design/product tests for the top suggested products.
P1,Dad Gift,Birthday,occasion:birthday|relationship:daughter,Birthday|From Daughter,occasion,birthday,Birthday inherits Mega parent demand with segment strength 20.93.,78.94,Medium-High,Mug | Tumbler | Blanket,Name | Birth Flower,Create design/product tests for the top suggested products.
P1,Girl Gift,Female,audience_modifier:baby|audience_modifier:female|occasion:birthday,Baby|Female|Birthday,audience_group,female,Female inherits Mega parent demand with segment strength 20.23.,78.94,Medium-High,Mug | Tumbler | Blanket,Name | Birth Flower,Create design/product tests for the top suggested products.
P1,Girl Gift,Female,audience_modifier:female|theme:american,Female|American,audience_group,female,Female inherits Mega parent demand with segment strength 20.12.,78.8,Medium-High,Mug | Tumbler | Blanket,Name,Create design/product tests for the top suggested products.
P1,Grandma Gift,Wedding,occasion:wedding,Wedding,occasion,wedding,Wedding inherits Mega parent demand with segment strength 24.09.,78.44,Medium-High,Mug | Tumbler | Blanket,Name,Create design/product tests for the top suggested products.
P1,Mom Gift,Birthday,occasion:birthday|relationship:son,Birthday|From Son,occasion,birthday,Birthday inherits Mega parent demand with segment strength 17.33.,77.84,Medium-High,Mug | Tumbler | Blanket,Name | Birth Flower,Create design/product tests for the top suggested products.
P1,Mom Gift,Faith,theme:faith,Faith,niche,faith,Faith inherits Mega parent demand with segment strength 17.33.,77.84,Medium-High,Mug | Tumbler | Blanket,Name,Create design/product tests for the top suggested products.
P1,Girl Gift,Female,audience_modifier:female|audience_modifier:teen|theme:faith,Female|Teen|Faith,audience_group,female,Female inherits Mega parent demand with segment strength 19.24.,77.75,Medium-High,Mug | Tumbler | Blanket,Name,Create design/product tests for the top suggested products.
P1,Dad Gift,Christmas,holiday:christmas|relationship:son,Christmas|From Son,holiday,christmas,Christmas inherits Mega parent demand with segment strength 19.8.,77.59,Medium-High,Ornament | Mug | Blanket,Name,Create design/product tests for the top suggested products.
P1,Mom Gift,Sympathy,occasion:sympathy,Sympathy,occasion,sympathy,Sympathy inherits Mega parent demand with segment strength 16.75.,77.15,Medium-High,Mug | Tumbler | Blanket,Name,Create design/product tests for the top suggested products.
P1,Girl Gift,Female,audience_modifier:female|audience_modifier:kid|holiday:christmas,Female|Kid|Christmas,audience_group,female,Female inherits Mega parent demand with segment strength 18.67.,77.06,Medium-High,Ornament | Mug | Blanket,Name,Create design/product tests for the top suggested products.
P1,Girl Gift,Female,audience_modifier:female|theme:faith,Female|Faith,audience_group,female,Female inherits Mega parent demand with segment strength 18.28.,76.6,Medium-High,Mug | Tumbler | Blanket,Name,Create design/product tests for the top suggested products.
P1,Girl Gift,Female,audience_modifier:female|audience_modifier:toddler|occasion:birthday,Female|Toddler|Birthday,audience_group,female,Female inherits Mega parent demand with segment strength 18.13.,76.42,Medium-High,Mug | Tumbler | Blanket,Name | Birth Flower,Create design/product tests for the top suggested products.
P2,Teacher Gift,Teacher,audience_modifier:teacher,Teacher,audience_group,teacher,Teacher inherits Large parent demand with segment strength 36.8.,91.47,Medium-High,Mug | Tumbler | Tote Bag,Name | Clipart,Create design/product tests for the top suggested products.
P2,Teacher Gift,Teacher,audience_modifier:teacher|holiday:christmas,Teacher|Christmas,audience_group,teacher,Teacher inherits Large parent demand with segment strength 33.71.,87.76,Medium-High,Mug | Tumbler | Tote Bag,Name | Clipart,Create design/product tests for the top suggested products.
P2,Teacher Gift,Teacher,audience_modifier:female|audience_modifier:teacher,Female|Teacher,audience_group,teacher,Teacher inherits Large parent demand with segment strength 33.48.,87.49,Medium-High,Mug | Tumbler | Tote Bag,Name | Clipart,Create design/product tests for the top suggested products.
P2,Wife Gift,Christmas,holiday:christmas,Christmas,holiday,christmas,Christmas inherits Large parent demand with segment strength 31.46.,82.93,Medium-High,Ornament | Mug | Blanket,Name,Create design/product tests for the top suggested products.
P2,Cat Lover Gift,Female,audience_modifier:female,Female,audience_group,female,Female inherits Large parent demand with segment strength 31.8.,82.17,Medium-High,Blanket | Ornament | Mug,Name | Photo | Line Art,Create design/product tests for the top suggested products.
P2,Cat Lover Gift,Cat Lover,audience_modifier:female|lifestyle:cat lover,Female|Cat Lover,lifestyle,cat lover,Cat Lover inherits Large parent demand with segment strength 31.71.,82.06,Medium-High,Blanket | Ornament | Mug,Name | Photo | Line Art,Create design/product tests for the top suggested products.
P2,Cat Lover Gift,Christmas,holiday:christmas,Christmas,holiday,christmas,Christmas inherits Large parent demand with segment strength 31.45.,81.75,Medium-High,Blanket | Ornament | Mug,Name | Photo | Line Art,Create design/product tests for the top suggested products.
P2,Cat Lover Gift,Cat Lover,lifestyle:cat lover,Cat Lover,lifestyle,cat lover,Cat Lover inherits Large parent demand with segment strength 31.17.,81.41,Medium-High,Blanket | Ornament | Mug,Name | Photo | Line Art,Create design/product tests for the top suggested products.
P2,Teacher Gift,Teacher,audience_modifier:teacher|intent:appreciation,Teacher|Appreciation,audience_group,teacher,Teacher inherits Large parent demand with segment strength 28.36.,81.34,Medium-High,Mug | Tumbler | Tote Bag,Name | Clipart,Create design/product tests for the top suggested products.
P2,Husband Gift,Christmas,holiday:christmas,Christmas,holiday,christmas,Christmas inherits Large parent demand with segment strength 30.35.,81.2,Medium-High,Ornament | Mug | Blanket,Name,Create design/product tests for the top suggested products.
P2,Wife Gift,Anniversary,occasion:anniversary,Anniversary,occasion,anniversary,Anniversary inherits Large parent demand with segment strength 29.09.,80.09,Medium-High,Mug | Tumbler | Blanket,Name,Create design/product tests for the top suggested products.
P2,Husband Gift,Anniversary,occasion:anniversary,Anniversary,occasion,anniversary,Anniversary inherits Large parent demand with segment strength 29.36.,80.01,Medium-High,Mug | Tumbler | Blanket,Name,Create design/product tests for the top suggested products.
P2,Wife Gift,Birthday,occasion:birthday,Birthday,occasion,birthday,Birthday inherits Large parent demand with segment strength 28.77.,79.7,Medium-High,Mug | Tumbler | Blanket,Name | Birth Flower,Create design/product tests for the top suggested products.
P2,Dog Lover Gift,Christmas,holiday:christmas,Christmas,holiday,christmas,Christmas inherits Mid parent demand with segment strength 33.91.,79.42,Medium-High,Blanket | Ornament | Mug,Name | Photo | Line Art,Create design/product tests for the top suggested products.
P2,Gardening Gift,Female,audience_modifier:female,Female,audience_group,female,Female inherits Mid parent demand with segment strength 31.55.,79.37,Medium-High,Mug | Tumbler | Blanket,Name,Create design/product tests for the top suggested products.
P2,Husband Gift,Birthday,occasion:birthday,Birthday,occasion,birthday,Birthday inherits Large parent demand with segment strength 28.66.,79.17,Medium-High,Mug | Tumbler | Blanket,Name | Birth Flower,Create design/product tests for the top suggested products.
P2,Gardening Gift,Christmas,holiday:christmas,Christmas,holiday,christmas,Christmas inherits Mid parent demand with segment strength 31.38.,79.17,Medium-High,Ornament | Mug | Blanket,Name,Create design/product tests for the top suggested products.
P2,Husband Gift,Male,audience_modifier:male,Male,audience_group,male,Male inherits Large parent demand with segment strength 27.93.,78.29,Medium-High,Mug | Tumbler | Blanket,Name,Create design/product tests for the top suggested products.
P2,Girl Gift,Female,audience_modifier:female|interest:hunting,Female|Hunting,audience_group,female,Female inherits Mega parent demand with segment strength 16.92.,74.96,Medium-High,Tumbler | Mug | Blanket,Name | Clipart,Create design/product tests for the top suggested products.
P2,Cat Lover Gift,Memorial,occasion:memorial,Memorial,occasion,memorial,Memorial inherits Large parent demand with segment strength 25.79.,74.96,Medium-High,Blanket | Ornament | Mug,Name | Photo | Line Art,Create design/product tests for the top suggested products.
P2,Cat Lover Gift,Funny,theme:funny,Funny,niche,funny,Funny inherits Large parent demand with segment strength 25.66.,74.8,Medium-High,Blanket | Ornament | Mug,Name | Photo | Line Art,Create design/product tests for the top suggested products.
P2,Coffee Lover Gift,Coffee Lover,lifestyle:coffee lover,Coffee Lover,lifestyle,coffee lover,Coffee Lover inherits Mid parent demand with segment strength 29.03.,74.52,Medium-High,Mug | Tumbler | Tote Bag,Name | Clipart,Create design/product tests for the top suggested products.
P2,Mom Gift,Birthday,occasion:birthday|theme:funny,Birthday|Funny,occasion,birthday,Birthday inherits Mega parent demand with segment strength 14.15.,74.03,Medium-High,Poster | Mug | Blanket,Name | Birth Flower | Hand Drawing,Create design/product tests for the top suggested products.
P2,Dog Lover Gift,Birthday,occasion:birthday,Birthday,occasion,birthday,Birthday inherits Mid parent demand with segment strength 29.41.,74.02,Medium-High,Blanket | Ornament | Mug,Name | Photo | Line Art,Create design/product tests for the top suggested products.
P2,Girl Gift,Female,audience_modifier:female|occasion:birthday|pet:dog,Female|Birthday|Dog,audience_group,female,Female inherits Mega parent demand with segment strength 15.95.,73.8,Medium-High,Blanket | Ornament | Mug,Name | Photo | Line Art,Create design/product tests for the top suggested products.
P2,Teacher Gift,Teacher,audience_modifier:teacher|theme:funny,Teacher|Funny,audience_group,teacher,Teacher inherits Large parent demand with segment strength 21.97.,73.67,Medium-High,Mug | Tumbler | Tote Bag,Name | Clipart | Hand Drawing,Create design/product tests for the top suggested products.
P2,Cat Lover Gift,Birthday,occasion:birthday,Birthday,occasion,birthday,Birthday inherits Large parent demand with segment strength 24.71.,73.66,Medium-High,Blanket | Ornament | Mug,Name | Photo | Line Art,Create design/product tests for the top suggested products.
P2,Dog Lover Gift,Dog Lover,lifestyle:dog lover,Dog Lover,lifestyle,dog lover,Dog Lover inherits Mid parent demand with segment strength 28.68.,73.15,Medium-High,Blanket | Ornament | Mug,Name | Photo | Line Art,Create design/product tests for the top suggested products.
P2,Mom Gift,Kid,audience_modifier:kid|relationship:kids,Kid|From Kids,audience_group,kid,Kid inherits Mega parent demand with segment strength 13.41.,73.14,Medium-High,Mug | Tumbler | Blanket,Name,Create design/product tests for the top suggested products.
P2,Grandpa Gift,Christmas,holiday:christmas,Christmas,holiday,christmas,Christmas inherits Large parent demand with segment strength 23.28.,72.95,Medium-High,Ornament | Mug | Blanket,Name,Create design/product tests for the top suggested products.
P2,Dog Lover Gift,Female,audience_modifier:female|lifestyle:dog lover,Female|Dog Lover,audience_group,female,Female inherits Mid parent demand with segment strength 28.45.,72.87,Medium-High,Blanket | Ornament | Mug,Name | Photo | Line Art,Create design/product tests for the top suggested products.
P2,Dad Gift,Senior,audience_modifier:senior,Senior,audience_group,senior,Senior inherits Mega parent demand with segment strength 15.84.,72.83,Medium-High,Mug | Tumbler | Blanket,Name,Create design/product tests for the top suggested products.
P2,Grandma Gift,Anniversary,occasion:anniversary,Anniversary,occasion,anniversary,Anniversary inherits Mega parent demand with segment strength 19.34.,72.74,Medium-High,Mug | Tumbler | Blanket,Name,Create design/product tests for the top suggested products.
P2,Girl Gift,Female,audience_modifier:female|audience_modifier:kid|occasion:birthday,Female|Kid|Birthday,audience_group,female,Female inherits Mega parent demand with segment strength 15.0.,72.66,Medium-High,Mug | Tumbler | Blanket,Name | Birth Flower,Create design/product tests for the top suggested products.
P2,Dad Gift,Birthday,occasion:birthday|theme:funny,Birthday|Funny,occasion,birthday,Birthday inherits Mega parent demand with segment strength 15.58.,72.52,Medium-High,Poster | Mug | Blanket,Name | Birth Flower | Hand Drawing,Create design/product tests for the top suggested products.
P2,Mom Gift,Soccer,interest:soccer,Soccer,interest,soccer,Soccer inherits Mega parent demand with segment strength 12.88.,72.5,Medium-High,Tumbler | Mug | Blanket,Name,Create design/product tests for the top suggested products.
P2,Mom Gift,Birthday,audience_modifier:female|occasion:birthday,Female|Birthday,occasion,birthday,Birthday inherits Mega parent demand with segment strength 12.86.,72.48,Medium-High,Mug | Tumbler | Blanket,Name | Birth Flower,Create design/product tests for the top suggested products.
P2,Teacher Gift,Teacher,audience_modifier:male|audience_modifier:teacher,Male|Teacher,audience_group,teacher,Teacher inherits Large parent demand with segment strength 20.77.,72.23,Medium-High,Mug | Tumbler | Tote Bag,Name | Clipart,Create design/product tests for the top suggested products.
P2,Girl Gift,Female,audience_modifier:female|holiday:halloween,Female|Halloween,audience_group,female,Female inherits Mega parent demand with segment strength 14.54.,72.11,Medium-High,Ornament | Mug | Blanket,Name,Create design/product tests for the top suggested products.
P2,Dad Gift,Baby,audience_modifier:baby,Baby,audience_group,baby,Baby inherits Mega parent demand with segment strength 15.14.,71.99,Medium-High,Mug | Tumbler | Blanket,Name,Create design/product tests for the top suggested products.
P2,Dog Lover Gift,Memorial,occasion:memorial,Memorial,occasion,memorial,Memorial inherits Mid parent demand with segment strength 27.54.,71.78,Medium-High,Blanket | Ornament | Mug,Name | Photo | Line Art,Create design/product tests for the top suggested products.
P2,Teacher Gift,Teacher,audience_modifier:teacher|holiday:halloween,Teacher|Halloween,audience_group,teacher,Teacher inherits Large parent demand with segment strength 20.36.,71.74,Medium-High,Mug | Tumbler | Tote Bag,Name | Clipart,Create design/product tests for the top suggested products.
P2,Coffee Lover Gift,Female,audience_modifier:female,Female,audience_group,female,Female inherits Mid parent demand with segment strength 26.6.,71.6,Medium-High,Mug | Tumbler | Tote Bag,Name | Clipart,Create design/product tests for the top suggested products.
P2,Dad Gift,Male,audience_modifier:male,Male,audience_group,male,Male inherits Mega parent demand with segment strength 14.77.,71.55,Medium-High,Mug | Tumbler | Blanket,Name,Create design/product tests for the top suggested products.
P2,Dad Gift,Kid,audience_modifier:kid|relationship:kids,Kid|From Kids,audience_group,kid,Kid inherits Mega parent demand with segment strength 14.49.,71.21,Medium-High,Mug | Tumbler | Blanket,Name,Create design/product tests for the top suggested products.
P2,Coffee Lover Gift,Coffee Lover,audience_modifier:female|lifestyle:coffee lover,Female|Coffee Lover,lifestyle,coffee lover,Coffee Lover inherits Mid parent demand with segment strength 26.21.,71.14,Medium-High,Mug | Tumbler | Tote Bag,Name | Clipart,Create design/product tests for the top suggested products.
P2,Girl Gift,Female,audience_modifier:female|interest:gaming,Female|Gaming,audience_group,female,Female inherits Mega parent demand with segment strength 13.68.,71.08,Medium-High,Tumbler | Mug | Blanket,Name,Create design/product tests for the top suggested products.
P2,Dad Gift,Sympathy,occasion:sympathy,Sympathy,occasion,sympathy,Sympathy inherits Mega parent demand with segment strength 14.38.,71.08,Medium-High,Mug | Tumbler | Blanket,Name,Create design/product tests for the top suggested products.
P2,Dog Lover Gift,Female,audience_modifier:female,Female,audience_group,female,Female inherits Mid parent demand with segment strength 26.89.,71.0,Medium-High,Blanket | Ornament | Mug,Name | Photo | Line Art,Create design/product tests for the top suggested products.
P2,Girl Gift,Female,audience_modifier:female|audience_modifier:senior,Female|Senior,audience_group,female,Female inherits Mega parent demand with segment strength 13.42.,70.76,Medium-High,Mug | Tumbler | Blanket,Name,Create design/product tests for the top suggested products.
P2,Teacher Gift,Teacher,audience_modifier:teacher|occasion:birthday,Teacher|Birthday,audience_group,teacher,Teacher inherits Large parent demand with segment strength 19.52.,70.73,Medium-High,Mug | Tumbler | Tote Bag,Name | Birth Flower | Clipart,Create design/product tests for the top suggested products.
P2,Girl Gift,Female,audience_modifier:baby|audience_modifier:female|intent:appreciation,Baby|Female|Appreciation,audience_group,female,Female inherits Mega parent demand with segment strength 13.21.,70.51,Medium-High,Mug | Tumbler | Blanket,Name,Create design/product tests for the top suggested products.
P2,Daughter Gift,Birthday,occasion:birthday,Birthday,occasion,birthday,Birthday inherits Mid parent demand with segment strength 25.24.,70.44,Medium-High,Mug | Tumbler | Blanket,Name | Birth Flower,Create design/product tests for the top suggested products.
P2,Coffee Lover Gift,Christmas,holiday:christmas,Christmas,holiday,christmas,Christmas inherits Mid parent demand with segment strength 25.54.,70.33,Medium-High,Mug | Tumbler | Tote Bag,Name | Clipart,Create design/product tests for the top suggested products.
P2,Husband Gift,Anniversary,audience_modifier:male|occasion:anniversary,Male|Anniversary,occasion,anniversary,Anniversary inherits Large parent demand with segment strength 21.25.,70.28,Medium-High,Mug | Tumbler | Blanket,Name,Create design/product tests for the top suggested products.
P2,Mom Gift,Christmas,audience_modifier:baby|holiday:christmas,Baby|Christmas,holiday,christmas,Christmas inherits Mega parent demand with segment strength 10.93.,70.16,Medium-High,Ornament | Mug | Blanket,Name,Create design/product tests for the top suggested products.
P2,Mom Gift,Wedding,occasion:wedding|theme:floral,Wedding|Floral,occasion,wedding,Wedding inherits Mega parent demand with segment strength 10.7.,69.89,Medium-High,Poster | Mug | Blanket,Name | Birth Flower,Create design/product tests for the top suggested products.
P2,Gardening Gift,Male,audience_modifier:male,Male,audience_group,male,Male inherits Mid parent demand with segment strength 23.61.,69.85,Medium-High,Mug | Tumbler | Blanket,Name,Create design/product tests for the top suggested products.
P2,Girl Gift,Female,audience_modifier:adult|audience_modifier:female,Adult|Female,audience_group,female,Female inherits Mega parent demand with segment strength 12.55.,69.72,Medium-High,Mug | Tumbler | Blanket,Name,Create design/product tests for the top suggested products.
P2,Husband Gift,Memorial,occasion:memorial,Memorial,occasion,memorial,Memorial inherits Large parent demand with segment strength 20.75.,69.68,Medium-High,Blanket | Ornament | Mug,Name | Photo | Line Art,Create design/product tests for the top suggested products.
P2,Girl Gift,Female,audience_modifier:baby|audience_modifier:female|occasion:wedding,Baby|Female|Wedding,audience_group,female,Female inherits Mega parent demand with segment strength 12.49.,69.65,Medium-High,Mug | Tumbler | Blanket,Name,Create design/product tests for the top suggested products.
P2,Girl Gift,Female,audience_modifier:female|lifestyle:cat lover|pet:cat,Female|Cat Lover|Cat,audience_group,female,Female inherits Mega parent demand with segment strength 12.49.,69.65,Medium-High,Blanket | Ornament | Mug,Name | Photo | Line Art,Create design/product tests for the top suggested products.
P2,Grandma Gift,Dog,pet:dog,Dog,pet,dog,Dog inherits Mega parent demand with segment strength 16.62.,69.48,Medium-High,Blanket | Ornament | Mug,Name | Photo | Line Art,Create design/product tests for the top suggested products.
P2,Girl Gift,American,theme:american,American,niche,american,American inherits Mega parent demand with segment strength 12.25.,69.36,Medium-High,Mug | Tumbler | Blanket,Name,Create design/product tests for the top suggested products.
P2,Soccer Gift,Birthday,occasion:birthday,Birthday,occasion,birthday,Birthday inherits Mid parent demand with segment strength 24.1.,69.31,Medium-High,Tumbler | Mug | Blanket,Name | Birth Flower,Create design/product tests for the top suggested products.
P2,Grandpa Gift,Birthday,occasion:birthday,Birthday,occasion,birthday,Birthday inherits Large parent demand with segment strength 20.23.,69.29,Medium-High,Mug | Tumbler | Blanket,Name | Birth Flower,Create design/product tests for the top suggested products.
P2,Wife Gift,Appreciation,intent:appreciation,Appreciation,intent,appreciation,Appreciation inherits Large parent demand with segment strength 20.05.,69.24,Medium-High,Mug | Tumbler | Blanket,Name,Create design/product tests for the top suggested products.
P2,Cat Lover Gift,Male,audience_modifier:male,Male,audience_group,male,Male inherits Large parent demand with segment strength 21.02.,69.23,Medium-High,Blanket | Ornament | Mug,Name | Photo | Line Art,Create design/product tests for the top suggested products.
P2,Dad Gift,From Daughter,relationship:daughter|theme:funny,From Daughter|Funny,relationship,daughter,From Daughter inherits Mega parent demand with segment strength 12.61.,68.96,Medium-High,Poster | Mug | Blanket,Name | Hand Drawing,Create design/product tests for the top suggested products.
P2,Girl Gift,Female,audience_modifier:female|lifestyle:book lover,Female|Book Lover,audience_group,female,Female inherits Mega parent demand with segment strength 11.61.,68.59,Medium-High,Mug | Tumbler | Tote Bag,Name,Create design/product tests for the top suggested products.
P2,Husband Gift,Valentine,holiday:valentine|occasion:valentine's day,Valentine|Valentine's Day,holiday,valentine,Valentine inherits Large parent demand with segment strength 19.78.,68.51,Medium-High,Mug | Tumbler | Blanket,Name,Create design/product tests for the top suggested products.
P2,Girl Gift,Female,audience_modifier:female|audience_modifier:kid,Female|Kid,audience_group,female,Female inherits Mega parent demand with segment strength 11.33.,68.26,Medium-High,Mug | Tumbler | Blanket,Name,Create design/product tests for the top suggested products.
P2,Girl Gift,Female,audience_modifier:female|audience_modifier:toddler|occasion:wedding,Female|Toddler|Wedding,audience_group,female,Female inherits Mega parent demand with segment strength 11.29.,68.21,Medium-High,Mug | Tumbler | Blanket,Name,Create design/product tests for the top suggested products.
P2,Girl Gift,Female,audience_modifier:female|audience_modifier:teen|holiday:halloween,Female|Teen|Halloween,audience_group,female,Female inherits Mega parent demand with segment strength 11.18.,68.08,Medium-High,Ornament | Mug | Blanket,Name,Create design/product tests for the top suggested products.
P2,Mom Gift,Mother's Day,holiday:mother's day,Mother's Day,holiday,mother's day,Mother's Day inherits Mega parent demand with segment strength 9.1.,67.97,Medium-High,Mug | Tumbler | Blanket,Name | Birth Flower,Create design/product tests for the top suggested products.
P2,Dad Gift,Christmas,audience_modifier:male|holiday:christmas,Male|Christmas,holiday,christmas,Christmas inherits Mega parent demand with segment strength 11.76.,67.94,Medium-High,Ornament | Mug | Blanket,Name,Create design/product tests for the top suggested products.
P2,Grandma Gift,Baby,audience_modifier:baby,Baby,audience_group,baby,Baby inherits Mega parent demand with segment strength 15.09.,67.64,Medium-High,Mug | Tumbler | Blanket,Name,Create design/product tests for the top suggested products.
P2,Dad Gift,Fishing,interest:fishing,Fishing,interest,fishing,Fishing inherits Mega parent demand with segment strength 11.46.,67.58,Medium-High,Tumbler | Mug | Blanket,Name | Clipart,Create design/product tests for the top suggested products.
P2,Mom Gift,Christmas,audience_modifier:female|holiday:christmas,Female|Christmas,holiday,christmas,Christmas inherits Mega parent demand with segment strength 8.66.,67.44,Medium-High,Ornament | Mug | Blanket,Name,Create design/product tests for the top suggested products.
P2,Daughter Gift,Adult,audience_modifier:adult,Adult,audience_group,adult,Adult inherits Mid parent demand with segment strength 22.72.,67.42,Medium-High,Mug | Tumbler | Blanket,Name,Create design/product tests for the top suggested products.
P2,Mom Gift,Wedding,occasion:wedding|relationship:daughter,Wedding|From Daughter,occasion,wedding,Wedding inherits Mega parent demand with segment strength 8.62.,67.39,Medium-High,Mug | Tumbler | Blanket,Name,Create design/product tests for the top suggested products.
P2,Mom Gift,Gardening,interest:gardening,Gardening,interest,gardening,Gardening inherits Mega parent demand with segment strength 8.37.,67.09,Medium-High,Mug | Tumbler | Blanket,Name,Create design/product tests for the top suggested products.
P2,Dog Lover Gift,Wedding,occasion:wedding,Wedding,occasion,wedding,Wedding inherits Mid parent demand with segment strength 23.63.,67.09,Medium-High,Blanket | Ornament | Mug,Name | Photo | Line Art,Create design/product tests for the top suggested products.
P2,Coffee Lover Gift,Wedding,occasion:wedding,Wedding,occasion,wedding,Wedding inherits Mid parent demand with segment strength 22.67.,66.89,Medium-High,Mug | Tumbler | Tote Bag,Name | Clipart,Create design/product tests for the top suggested products.
P2,Daughter Gift,Christmas,holiday:christmas,Christmas,holiday,christmas,Christmas inherits Mid parent demand with segment strength 22.02.,66.58,Medium-High,Ornament | Mug | Blanket,Name,Create design/product tests for the top suggested products.
P2,Girl Gift,Christmas,holiday:christmas,Christmas,holiday,christmas,Christmas inherits Mega parent demand with segment strength 9.91.,66.55,Medium-High,Ornament | Mug | Blanket,Name,Create design/product tests for the top suggested products.
P2,Mom Gift,Christmas,audience_modifier:senior|holiday:christmas,Senior|Christmas,holiday,christmas,Christmas inherits Mega parent demand with segment strength 7.89.,66.52,Medium-High,Ornament | Mug | Blanket,Name,Create design/product tests for the top suggested products.
P2,Dad Gift,Christmas,holiday:christmas|theme:funny,Christmas|Funny,holiday,christmas,Christmas inherits Mega parent demand with segment strength 10.56.,66.5,Medium-High,Ornament | Mug | Blanket,Name | Hand Drawing,Create design/product tests for the top suggested products.
P2,Soccer Gift,Male,audience_modifier:male,Male,audience_group,male,Male inherits Mid parent demand with segment strength 21.72.,66.45,Medium-High,Tumbler | Mug | Blanket,Name,Create design/product tests for the top suggested products.
P2,Dad Gift,Faith,theme:faith,Faith,niche,faith,Faith inherits Mega parent demand with segment strength 10.44.,66.35,Medium-High,Mug | Tumbler | Blanket,Name,Create design/product tests for the top suggested products.
P2,Husband Gift,Anniversary,occasion:anniversary|occasion:wedding,Anniversary|Wedding,occasion,anniversary,Anniversary inherits Large parent demand with segment strength 17.94.,66.31,Medium-High,Mug | Tumbler | Blanket,Name,Create design/product tests for the top suggested products.
P2,Grandma Gift,Funny,theme:funny,Funny,niche,funny,Funny inherits Mega parent demand with segment strength 13.94.,66.26,Medium-High,Poster | Mug | Blanket,Name | Hand Drawing,Create design/product tests for the top suggested products.
P2,Coffee Lover Gift,Male,audience_modifier:male,Male,audience_group,male,Male inherits Mid parent demand with segment strength 22.12.,66.23,Medium-High,Mug | Tumbler | Tote Bag,Name | Clipart,Create design/product tests for the top suggested products.
P2,Husband Gift,Valentine,holiday:valentine,Valentine,holiday,valentine,Valentine inherits Large parent demand with segment strength 17.76.,66.09,Medium-High,Mug | Tumbler | Blanket,Name,Create design/product tests for the top suggested products.
P2,Teacher Gift,Teacher,audience_modifier:female|audience_modifier:teacher|holiday:christmas,Female|Teacher|Christmas,audience_group,teacher,Teacher inherits Large parent demand with segment strength 15.55.,65.97,Medium-High,Mug | Tumbler | Tote Bag,Name | Clipart,Create design/product tests for the top suggested products.
P2,Girl Gift,Female,audience_modifier:female|audience_modifier:teen|theme:funny,Female|Teen|Funny,audience_group,female,Female inherits Mega parent demand with segment strength 9.29.,65.81,Medium-High,Poster | Mug | Blanket,Name | Hand Drawing,Create design/product tests for the top suggested products.
P2,Girl Gift,Female,audience_modifier:female|lifestyle:cowgirl,Female|Cowgirl,audience_group,female,Female inherits Mega parent demand with segment strength 9.18.,65.68,Medium-High,Mug | Tumbler | Blanket,Name,Create design/product tests for the top suggested products.
P2,Wife Gift,Wedding,occasion:wedding,Wedding,occasion,wedding,Wedding inherits Large parent demand with segment strength 16.87.,65.42,Medium-High,Mug | Tumbler | Blanket,Name,Create design/product tests for the top suggested products.
P2,Girl Gift,Female,audience_modifier:female|intent:appreciation,Female|Appreciation,audience_group,female,Female inherits Mega parent demand with segment strength 8.93.,65.38,Medium-High,Mug | Tumbler | Blanket,Name,Create design/product tests for the top suggested products.
P2,Coffee Lover Gift,Coffee Lover,audience_modifier:male|lifestyle:coffee lover,Male|Coffee Lover,lifestyle,coffee lover,Coffee Lover inherits Mid parent demand with segment strength 21.16.,65.08,Medium-High,Mug | Tumbler | Tote Bag,Name | Clipart,Create design/product tests for the top suggested products.
P2,Mom Gift,Christmas,audience_modifier:kid|holiday:christmas|relationship:kids,Kid|Christmas|From Kids,holiday,christmas,Christmas inherits Mega parent demand with segment strength 6.55.,64.91,Medium-High,Ornament | Mug | Blanket,Name,Create design/product tests for the top suggested products.
P2,Dad Gift,Hunting,interest:hunting,Hunting,interest,hunting,Hunting inherits Mega parent demand with segment strength 9.23.,64.9,Medium-High,Tumbler | Mug | Blanket,Name | Clipart,Create design/product tests for the top suggested products.
P2,Girl Gift,Female,audience_modifier:female|holiday:christmas|theme:american,Female|Christmas|American,audience_group,female,Female inherits Mega parent demand with segment strength 8.47.,64.82,Medium-High,Ornament | Mug | Blanket,Name,Create design/product tests for the top suggested products.
P2,Mom Gift,Christmas,holiday:christmas|theme:funny,Christmas|Funny,holiday,christmas,Christmas inherits Mega parent demand with segment strength 5.71.,63.9,Medium-High,Ornament | Mug | Blanket,Name | Hand Drawing,Create design/product tests for the top suggested products.
P2,Dad Gift,Birthday,occasion:birthday|relationship:son,Birthday|From Son,occasion,birthday,Birthday inherits Mega parent demand with segment strength 8.39.,63.89,Medium-High,Mug | Tumbler | Blanket,Name | Birth Flower,Create design/product tests for the top suggested products.
P2,Husband Gift,Birthday,occasion:birthday|theme:funny,Birthday|Funny,occasion,birthday,Birthday inherits Large parent demand with segment strength 15.91.,63.87,Medium-High,Poster | Mug | Blanket,Name | Birth Flower | Hand Drawing,Create design/product tests for the top suggested products.
P2,Teacher Gift,Teacher,audience_modifier:teacher|holiday:thanksgiving,Teacher|Thanksgiving,audience_group,teacher,Teacher inherits Large parent demand with segment strength 13.75.,63.81,Medium-High,Mug | Tumbler | Tote Bag,Name | Clipart,Create design/product tests for the top suggested products.
P2,Dad Gift,Father's Day,holiday:father's day,Father's Day,holiday,father's day,Father's Day inherits Mega parent demand with segment strength 8.27.,63.75,Medium-High,Mug | Tumbler | Blanket,Name,Create design/product tests for the top suggested products.
P2,Grandpa Gift,Funny,theme:funny,Funny,niche,funny,Funny inherits Large parent demand with segment strength 15.45.,63.55,Medium-High,Poster | Mug | Blanket,Name | Hand Drawing,Create design/product tests for the top suggested products.
P2,Girl Gift,Female,audience_modifier:female|audience_modifier:kid|relationship:kids,Female|Kid|From Kids,audience_group,female,Female inherits Mega parent demand with segment strength 7.31.,63.43,Medium-High,Mug | Tumbler | Blanket,Name,Create design/product tests for the top suggested products.
P2,Gardening Gift,Memorial,occasion:memorial,Memorial,occasion,memorial,Memorial inherits Mid parent demand with segment strength 18.16.,63.31,Medium-High,Blanket | Ornament | Mug,Name | Photo | Line Art,Create design/product tests for the top suggested products.
P2,Grandma Gift,Female,audience_modifier:female,Female,audience_group,female,Female inherits Mega parent demand with segment strength 11.47.,63.3,Medium-High,Mug | Tumbler | Blanket,Name,Create design/product tests for the top suggested products.
P2,Dad Gift,Gaming,interest:gaming,Gaming,interest,gaming,Gaming inherits Mega parent demand with segment strength 7.89.,63.29,Medium-High,Tumbler | Mug | Blanket,Name,Create design/product tests for the top suggested products.
P2,Dad Gift,Christmas,audience_modifier:kid|holiday:christmas|relationship:kids,Kid|Christmas|From Kids,holiday,christmas,Christmas inherits Mega parent demand with segment strength 7.8.,63.19,Medium-High,Ornament | Mug | Blanket,Name,Create design/product tests for the top suggested products.
P2,Mom Gift,Reading,interest:reading,Reading,interest,reading,Reading inherits Mega parent demand with segment strength 5.04.,63.1,Medium-High,Mug | Tumbler | Tote Bag,Name,Create design/product tests for the top suggested products.
P2,Girl Gift,Female,audience_modifier:female|audience_modifier:toddler|intent:appreciation,Female|Toddler|Appreciation,audience_group,female,Female inherits Mega parent demand with segment strength 6.96.,63.01,Medium-High,Mug | Tumbler | Blanket,Name,Create design/product tests for the top suggested products.
P2,Wife Gift,Anniversary,occasion:anniversary|theme:funny,Anniversary|Funny,occasion,anniversary,Anniversary inherits Large parent demand with segment strength 14.78.,62.92,Medium-High,Poster | Mug | Blanket,Name | Hand Drawing,Create design/product tests for the top suggested products.
P2,Mom Gift,From Daughter,audience_modifier:adult|relationship:daughter,Adult|From Daughter,relationship,daughter,From Daughter inherits Mega parent demand with segment strength 4.83.,62.84,Medium-High,Mug | Tumbler | Blanket,Name,Create design/product tests for the top suggested products.
P2,Cat Lover Gift,Cat Lover,audience_modifier:male|lifestyle:cat lover,Male|Cat Lover,lifestyle,cat lover,Cat Lover inherits Large parent demand with segment strength 15.66.,62.8,Medium-High,Blanket | Ornament | Mug,Name | Photo | Line Art,Create design/product tests for the top suggested products.
P2,Dad Gift,Male,audience_modifier:male|lifestyle:cat lover|pet:cat,Male|Cat Lover|Cat,audience_group,male,Male inherits Mega parent demand with segment strength 7.47.,62.79,Medium-High,Blanket | Ornament | Mug,Name | Photo | Line Art,Create design/product tests for the top suggested products.
P2,Mom Gift,Toddler,audience_modifier:toddler|relationship:toddler,Toddler|From Toddler,audience_group,toddler,Toddler inherits Mega parent demand with segment strength 4.73.,62.72,Medium-High,Mug | Tumbler | Blanket,Name,Create design/product tests for the top suggested products.
P2,Gardening Gift,Wedding,occasion:wedding,Wedding,occasion,wedding,Wedding inherits Mid parent demand with segment strength 17.58.,62.61,Medium-High,Mug | Tumbler | Blanket,Name,Create design/product tests for the top suggested products.
P2,Dad Gift,Christmas,audience_modifier:baby|holiday:christmas,Baby|Christmas,holiday,christmas,Christmas inherits Mega parent demand with segment strength 7.26.,62.54,Medium-High,Ornament | Mug | Blanket,Name,Create design/product tests for the top suggested products.
P2,Husband Gift,Funny,theme:funny,Funny,niche,funny,Funny inherits Large parent demand with segment strength 14.8.,62.54,Medium-High,Poster | Mug | Blanket,Name | Hand Drawing,Create design/product tests for the top suggested products.
P2,Girl Gift,Female,audience_modifier:female|lifestyle:farm life,Female|Farm Life,audience_group,female,Female inherits Mega parent demand with segment strength 6.42.,62.36,Medium-High,Mug | Tumbler | Blanket,Name,Create design/product tests for the top suggested products.
P2,Dad Gift,Soccer,interest:soccer,Soccer,interest,soccer,Soccer inherits Mega parent demand with segment strength 6.92.,62.13,Medium-High,Tumbler | Mug | Blanket,Name,Create design/product tests for the top suggested products.
P2,Mom Gift,Appreciation,intent:appreciation,Appreciation,intent,appreciation,Appreciation inherits Mega parent demand with segment strength 4.07.,61.93,Medium-High,Mug | Tumbler | Blanket,Name,Create design/product tests for the top suggested products.
P2,Girl Gift,Female,audience_modifier:female|pet:dog,Female|Dog,audience_group,female,Female inherits Mega parent demand with segment strength 6.02.,61.88,Medium-High,Blanket | Ornament | Mug,Name | Photo | Line Art,Create design/product tests for the top suggested products.
P2,Girl Gift,Female,audience_modifier:female|theme:funny,Female|Funny,audience_group,female,Female inherits Mega parent demand with segment strength 5.99.,61.85,Medium-High,Poster | Mug | Blanket,Name | Hand Drawing,Create design/product tests for the top suggested products.
P2,Mom Gift,Kid,audience_modifier:kid,Kid,audience_group,kid,Kid inherits Mega parent demand with segment strength 3.91.,61.74,Medium-High,Mug | Tumbler | Blanket,Name,Create design/product tests for the top suggested products.
P2,Cat Lover Gift,Christmas,holiday:christmas|theme:funny,Christmas|Funny,holiday,christmas,Christmas inherits Large parent demand with segment strength 14.77.,61.73,Medium-High,Blanket | Ornament | Mug,Name | Photo | Line Art,Create design/product tests for the top suggested products.
P2,Wife Gift,Anniversary,occasion:anniversary|occasion:wedding,Anniversary|Wedding,occasion,anniversary,Anniversary inherits Large parent demand with segment strength 13.7.,61.62,Medium-High,Mug | Tumbler | Blanket,Name,Create design/product tests for the top suggested products.
P2,Soccer Gift,Christmas,holiday:christmas,Christmas,holiday,christmas,Christmas inherits Mid parent demand with segment strength 17.66.,61.58,Medium-High,Tumbler | Mug | Blanket,Name,Create design/product tests for the top suggested products.
P2,Daughter Gift,Birthday,audience_modifier:adult|occasion:birthday,Adult|Birthday,occasion,birthday,Birthday inherits Mid parent demand with segment strength 17.75.,61.45,Medium-High,Mug | Tumbler | Blanket,Name | Birth Flower,Create design/product tests for the top suggested products.
P2,Teacher Gift,Teacher,audience_modifier:teacher|theme:faith,Teacher|Faith,audience_group,teacher,Teacher inherits Large parent demand with segment strength 11.71.,61.36,Medium-High,Mug | Tumbler | Tote Bag,Name | Clipart,Create design/product tests for the top suggested products.
P2,Dad Gift,Gardening,interest:gardening,Gardening,interest,gardening,Gardening inherits Mega parent demand with segment strength 6.24.,61.31,Medium-High,Mug | Tumbler | Blanket,Name,Create design/product tests for the top suggested products.
P2,Mom Gift,Cat,lifestyle:cat lover|pet:cat,Cat Lover|Cat,pet,cat,Cat inherits Mega parent demand with segment strength 3.52.,61.27,Medium-High,Blanket | Ornament | Mug,Name | Photo | Line Art,Create design/product tests for the top suggested products.
P2,Girl Gift,Female,audience_modifier:baby|audience_modifier:female|holiday:halloween,Baby|Female|Halloween,audience_group,female,Female inherits Mega parent demand with segment strength 5.22.,60.92,Medium-High,Ornament | Mug | Blanket,Name,Create design/product tests for the top suggested products.
P2,Dad Gift,From Daughter,audience_modifier:adult|relationship:daughter,Adult|From Daughter,relationship,daughter,From Daughter inherits Mega parent demand with segment strength 5.72.,60.69,Medium-High,Mug | Tumbler | Blanket,Name,Create design/product tests for the top suggested products.
P2,Mom Gift,Cat,pet:cat,Cat,pet,cat,Cat inherits Mega parent demand with segment strength 2.98.,60.62,Medium-High,Blanket | Ornament | Mug,Name | Photo | Line Art,Create design/product tests for the top suggested products.
P2,Husband Gift,Sympathy,occasion:sympathy,Sympathy,occasion,sympathy,Sympathy inherits Large parent demand with segment strength 13.17.,60.58,Medium-High,Mug | Tumbler | Blanket,Name,Create design/product tests for the top suggested products.
P2,Mom Gift,Female,audience_modifier:female|interest:soccer,Female|Soccer,audience_group,female,Female inherits Mega parent demand with segment strength 2.91.,60.54,Medium-High,Tumbler | Mug | Blanket,Name,Create design/product tests for the top suggested products.
P2,Husband Gift,Wedding,occasion:wedding,Wedding,occasion,wedding,Wedding inherits Large parent demand with segment strength 13.11.,60.51,Medium-High,Mug | Tumbler | Blanket,Name,Create design/product tests for the top suggested products.
P2,Wife Gift,Funny,theme:funny,Funny,niche,funny,Funny inherits Large parent demand with segment strength 12.71.,60.43,Medium-High,Poster | Mug | Blanket,Name | Hand Drawing,Create design/product tests for the top suggested products.
P2,Girl Gift,Female,audience_modifier:female|audience_modifier:kid|occasion:wedding,Female|Kid|Wedding,audience_group,female,Female inherits Mega parent demand with segment strength 4.77.,60.38,Medium-High,Mug | Tumbler | Blanket,Name,Create design/product tests for the top suggested products.
P2,Cat Lover Gift,Kid,audience_modifier:kid,Kid,audience_group,kid,Kid inherits Large parent demand with segment strength 13.62.,60.35,Medium-High,Blanket | Ornament | Mug,Name | Photo | Line Art,Create design/product tests for the top suggested products.
P2,Mom Gift,Female,audience_modifier:female|pet:dog,Female|Dog,audience_group,female,Female inherits Mega parent demand with segment strength 2.72.,60.31,Medium-High,Blanket | Ornament | Mug,Name | Photo | Line Art,Create design/product tests for the top suggested products.
P2,Cat Lover Gift,Female,audience_modifier:female|theme:funny,Female|Funny,audience_group,female,Female inherits Large parent demand with segment strength 13.51.,60.22,Medium-High,Blanket | Ornament | Mug,Name | Photo | Line Art,Create design/product tests for the top suggested products.
P3,Reading Gift,Book Lover,audience_modifier:female|lifestyle:book lover,Female|Book Lover,lifestyle,book lover,Book Lover inherits Mid parent demand with segment strength 32.03.,78.76,Medium,Mug | Tumbler | Tote Bag,Name,Validate search language and evidence before product testing.
P3,Reading Gift,Book Lover,lifestyle:book lover,Book Lover,lifestyle,book lover,Book Lover inherits Mid parent demand with segment strength 28.46.,74.48,Medium,Mug | Tumbler | Tote Bag,Name,Validate search language and evidence before product testing.
P3,Reading Gift,Female,audience_modifier:female,Female,audience_group,female,Female inherits Mid parent demand with segment strength 23.54.,68.57,Medium,Mug | Tumbler | Tote Bag,Name,Validate search language and evidence before product testing.
P3,Camping Gift,Male,audience_modifier:male,Male,audience_group,male,Male inherits Mid parent demand with segment strength 25.03.,68.31,Medium,Tumbler | Mug | Blanket,Name | Clipart,Validate search language and evidence before product testing.
P3,Camping Gift,Female,audience_modifier:female,Female,audience_group,female,Female inherits Mid parent demand with segment strength 24.04.,67.12,Medium,Tumbler | Mug | Blanket,Name | Clipart,Validate search language and evidence before product testing.
P3,Camping Gift,Birthday,occasion:birthday,Birthday,occasion,birthday,Birthday inherits Mid parent demand with segment strength 23.77.,66.8,Medium,Tumbler | Mug | Blanket,Name | Birth Flower | Clipart,Validate search language and evidence before product testing.
P3,Son Gift,Adult,audience_modifier:adult,Adult,audience_group,adult,Adult inherits Small parent demand with segment strength 23.94.,66.72,Medium,Mug | Tumbler | Blanket,Name,Validate search language and evidence before product testing.
P3,Son Gift,Birthday,occasion:birthday,Birthday,occasion,birthday,Birthday inherits Small parent demand with segment strength 23.63.,66.35,Medium,Mug | Tumbler | Blanket,Name | Birth Flower,Validate search language and evidence before product testing.
P3,Son Gift,Memorial,occasion:memorial,Memorial,occasion,memorial,Memorial inherits Small parent demand with segment strength 18.89.,60.66,Medium,Blanket | Ornament | Mug,Name | Photo | Line Art,Validate search language and evidence before product testing.
P3,Son Gift,Christmas,holiday:christmas,Christmas,holiday,christmas,Christmas inherits Small parent demand with segment strength 18.56.,60.26,Medium,Ornament | Mug | Blanket,Name,Validate search language and evidence before product testing.
P3,Teacher Gift,Teacher,audience_modifier:teacher|occasion:christmas,Teacher|Christmas,audience_group,teacher,Teacher inherits Large parent demand with segment strength 10.46.,59.86,Medium,Mug | Tumbler | Tote Bag,Name | Clipart,Validate search language and evidence before product testing.
P3,Dog Lover Gift,Sympathy,occasion:sympathy,Sympathy,occasion,sympathy,Sympathy inherits Mid parent demand with segment strength 17.33.,59.53,Medium,Blanket | Ornament | Mug,Name | Photo | Line Art,Validate search language and evidence before product testing.
P3,Girl Gift,Female,audience_modifier:female|holiday:christmas|pet:cat,Female|Christmas|Cat,audience_group,female,Female inherits Mega parent demand with segment strength 3.9.,59.34,Medium,Blanket | Ornament | Mug,Name | Photo | Line Art,Validate search language and evidence before product testing.
P3,Dad Gift,From Daughter,occasion:wedding|relationship:daughter,Wedding|From Daughter,relationship,daughter,From Daughter inherits Mega parent demand with segment strength 4.58.,59.32,Medium,Mug | Tumbler | Blanket,Name,Validate search language and evidence before product testing.
P3,Girl Gift,Female,audience_modifier:female|holiday:christmas|theme:vintage,Female|Christmas|Vintage,audience_group,female,Female inherits Mega parent demand with segment strength 3.87.,59.3,Medium,Ornament | Mug | Blanket,Name | Hand Drawing,Validate search language and evidence before product testing.
P3,Son Gift,Birthday,audience_modifier:adult|occasion:birthday,Adult|Birthday,occasion,birthday,Birthday inherits Small parent demand with segment strength 17.73.,59.27,Medium,Mug | Tumbler | Blanket,Name | Birth Flower,Validate search language and evidence before product testing.
P3,Grandma Gift,Gardening,interest:gardening,Gardening,interest,gardening,Gardening inherits Mega parent demand with segment strength 8.11.,59.27,Medium,Mug | Tumbler | Blanket,Name,Validate search language and evidence before product testing.
P3,Girl Gift,Female,audience_modifier:female|audience_modifier:toddler|holiday:halloween,Female|Toddler|Halloween,audience_group,female,Female inherits Mega parent demand with segment strength 3.8.,59.22,Medium,Ornament | Mug | Blanket,Name,Validate search language and evidence before product testing.
P3,Husband Gift,Christmas,audience_modifier:male|holiday:christmas,Male|Christmas,holiday,christmas,Christmas inherits Large parent demand with segment strength 12.02.,59.2,Medium,Ornament | Mug | Blanket,Name,Validate search language and evidence before product testing.
P3,Dad Gift,Cat,pet:cat,Cat,pet,cat,Cat inherits Mega parent demand with segment strength 4.47.,59.19,Medium,Blanket | Ornament | Mug,Name | Photo | Line Art,Validate search language and evidence before product testing.
P3,Coffee Lover Gift,Birthday,occasion:birthday,Birthday,occasion,birthday,Birthday inherits Mid parent demand with segment strength 16.16.,59.08,Medium,Mug | Tumbler | Tote Bag,Name | Birth Flower | Clipart,Validate search language and evidence before product testing.
P3,Cat Lover Gift,Appreciation,intent:appreciation,Appreciation,intent,appreciation,Appreciation inherits Large parent demand with segment strength 12.51.,59.02,Medium,Blanket | Ornament | Mug,Name | Photo | Line Art,Validate search language and evidence before product testing.
P3,Wife Gift,Female,audience_modifier:female,Female,audience_group,female,Female inherits Large parent demand with segment strength 11.39.,58.85,Medium,Mug | Tumbler | Blanket,Name,Validate search language and evidence before product testing.
P3,Grandma Gift,Faith,theme:faith,Faith,niche,faith,Faith inherits Mega parent demand with segment strength 7.5.,58.54,Medium,Mug | Tumbler | Blanket,Name,Validate search language and evidence before product testing.
P3,Dad Gift,Toddler,audience_modifier:toddler|relationship:toddler,Toddler|From Toddler,audience_group,toddler,Toddler inherits Mega parent demand with segment strength 3.92.,58.53,Medium,Mug | Tumbler | Blanket,Name,Validate search language and evidence before product testing.
P3,Soccer Gift,Kid,audience_modifier:kid,Kid,audience_group,kid,Kid inherits Mid parent demand with segment strength 15.11.,58.52,Medium,Tumbler | Mug | Blanket,Name,Validate search language and evidence before product testing.
P3,Girl Gift,Female,audience_modifier:female|audience_modifier:teen|interest:reading|lifestyle:book lover,Female|Teen|Reading|Book Lover,audience_group,female,Female inherits Mega parent demand with segment strength 3.19.,58.49,Medium,Mug | Tumbler | Tote Bag,Name,Validate search language and evidence before product testing.
P3,Girl Gift,Female,audience_modifier:female|audience_modifier:teen|interest:soccer,Female|Teen|Soccer,audience_group,female,Female inherits Mega parent demand with segment strength 2.91.,58.15,Medium,Tumbler | Mug | Blanket,Name,Validate search language and evidence before product testing.
P3,Wife Gift,Birthday,occasion:birthday|theme:funny,Birthday|Funny,occasion,birthday,Birthday inherits Large parent demand with segment strength 10.7.,58.02,Medium,Poster | Mug | Blanket,Name | Birth Flower | Hand Drawing,Validate search language and evidence before product testing.
P3,Cat Lover Gift,Birthday,occasion:birthday|theme:funny,Birthday|Funny,occasion,birthday,Birthday inherits Large parent demand with segment strength 11.67.,58.01,Medium,Blanket | Ornament | Mug,Name | Photo | Line Art,Validate search language and evidence before product testing.
P3,Soccer Gift,Senior,audience_modifier:senior,Senior,audience_group,senior,Senior inherits Mid parent demand with segment strength 14.49.,57.77,Medium,Tumbler | Mug | Blanket,Name,Validate search language and evidence before product testing.
P3,Grandma Gift,Cat,pet:cat,Cat,pet,cat,Cat inherits Mega parent demand with segment strength 6.77.,57.66,Medium,Blanket | Ornament | Mug,Name | Photo | Line Art,Validate search language and evidence before product testing.
P3,Husband Gift,Gaming,interest:gaming,Gaming,interest,gaming,Gaming inherits Large parent demand with segment strength 10.49.,57.37,Medium,Tumbler | Mug | Blanket,Name,Validate search language and evidence before product testing.
P3,Husband Gift,Anniversary,occasion:anniversary|theme:funny,Anniversary|Funny,occasion,anniversary,Anniversary inherits Large parent demand with segment strength 10.37.,57.22,Medium,Poster | Mug | Blanket,Name | Hand Drawing,Validate search language and evidence before product testing.
P3,Dad Gift,Camping,interest:camping,Camping,interest,camping,Camping inherits Mega parent demand with segment strength 2.77.,57.15,Medium,Tumbler | Mug | Blanket,Name | Clipart,Validate search language and evidence before product testing.
P3,Teacher Gift,Teacher,audience_modifier:female|audience_modifier:teacher|occasion:birthday,Female|Teacher|Birthday,audience_group,teacher,Teacher inherits Large parent demand with segment strength 8.13.,57.07,Medium,Mug | Tumbler | Tote Bag,Name | Birth Flower | Clipart,Validate search language and evidence before product testing.
P3,Dad Gift,Christmas,audience_modifier:female|audience_modifier:senior|holiday:christmas,Female|Senior|Christmas,holiday,christmas,Christmas inherits Mega parent demand with segment strength 2.55.,56.89,Medium,Ornament | Mug | Blanket,Name,Validate search language and evidence before product testing.
P3,Dad Gift,Dog,pet:dog,Dog,pet,dog,Dog inherits Mega parent demand with segment strength 2.55.,56.89,Medium,Blanket | Ornament | Mug,Name | Photo | Line Art,Validate search language and evidence before product testing.
P3,Teacher Gift,Teacher,audience_modifier:male|audience_modifier:teacher|holiday:christmas,Male|Teacher|Christmas,audience_group,teacher,Teacher inherits Large parent demand with segment strength 7.93.,56.83,Medium,Mug | Tumbler | Tote Bag,Name | Clipart,Validate search language and evidence before product testing.
P3,Daughter Gift,Memorial,occasion:memorial,Memorial,occasion,memorial,Memorial inherits Mid parent demand with segment strength 13.54.,56.4,Medium,Blanket | Ornament | Mug,Name | Photo | Line Art,Validate search language and evidence before product testing.
P3,Dog Lover Gift,Graduation,occasion:graduation,Graduation,occasion,graduation,Graduation inherits Mid parent demand with segment strength 14.69.,56.36,Medium,Blanket | Ornament | Mug,Name | Photo | Line Art,Validate search language and evidence before product testing.
P3,Daughter Gift,Christmas,audience_modifier:adult|holiday:christmas,Adult|Christmas,holiday,christmas,Christmas inherits Mid parent demand with segment strength 13.42.,56.26,Medium,Ornament | Mug | Blanket,Name,Validate search language and evidence before product testing.
P3,Reading Gift,Christmas,holiday:christmas,Christmas,holiday,christmas,Christmas inherits Mid parent demand with segment strength 13.27.,56.25,Medium,Mug | Tumbler | Tote Bag,Name,Validate search language and evidence before product testing.
P3,Cat Lover Gift,Christmas,holiday:christmas|lifestyle:cat lover,Christmas|Cat Lover,holiday,christmas,Christmas inherits Large parent demand with segment strength 10.03.,56.05,Medium,Blanket | Ornament | Mug,Name | Photo | Line Art,Validate search language and evidence before product testing.
P3,Dog Lover Gift,Dog Lover,audience_modifier:male|lifestyle:dog lover,Male|Dog Lover,lifestyle,dog lover,Dog Lover inherits Mid parent demand with segment strength 14.26.,55.84,Medium,Blanket | Ornament | Mug,Name | Photo | Line Art,Validate search language and evidence before product testing.
P3,Cat Lover Gift,Christmas,audience_modifier:female|holiday:christmas,Female|Christmas,holiday,christmas,Christmas inherits Large parent demand with segment strength 9.84.,55.82,Medium,Blanket | Ornament | Mug,Name | Photo | Line Art,Validate search language and evidence before product testing.
P3,Grandma Gift,Memorial,occasion:memorial,Memorial,occasion,memorial,Memorial inherits Mega parent demand with segment strength 4.97.,55.5,Medium,Blanket | Ornament | Mug,Name | Photo | Line Art,Validate search language and evidence before product testing.
P3,Soccer Gift,Appreciation,intent:appreciation,Appreciation,intent,appreciation,Appreciation inherits Mid parent demand with segment strength 12.58.,55.48,Medium,Tumbler | Mug | Blanket,Name,Validate search language and evidence before product testing.
P3,Teacher Gift,Teacher,audience_modifier:teacher|interest:yoga,Teacher|Yoga,audience_group,teacher,Teacher inherits Large parent demand with segment strength 6.79.,55.46,Medium,Mug | Tumbler | Tote Bag,Name | Clipart,Validate search language and evidence before product testing.
P3,Teacher Gift,Teacher,audience_modifier:teacher|interest:reading,Teacher|Reading,audience_group,teacher,Teacher inherits Large parent demand with segment strength 6.66.,55.3,Medium,Mug | Tumbler | Tote Bag,Name | Clipart,Validate search language and evidence before product testing.
P3,Gardening Gift,Birthday,occasion:birthday,Birthday,occasion,birthday,Birthday inherits Mid parent demand with segment strength 11.17.,54.92,Medium,Mug | Tumbler | Blanket,Name | Birth Flower,Validate search language and evidence before product testing.
P3,Grandpa Gift,Dog,pet:dog,Dog,pet,dog,Dog inherits Large parent demand with segment strength 8.26.,54.92,Medium,Blanket | Ornament | Mug,Name | Photo | Line Art,Validate search language and evidence before product testing.
P3,Cat Lover Gift,Christmas,holiday:christmas|theme:retro,Christmas|Retro,holiday,christmas,Christmas inherits Large parent demand with segment strength 8.72.,54.47,Medium,Blanket | Ornament | Mug,Name | Photo | Line Art,Validate search language and evidence before product testing.
P3,Teacher Gift,Teacher,audience_modifier:teacher|holiday:valentine|occasion:valentine's day,Teacher|Valentine|Valentine's Day,audience_group,teacher,Teacher inherits Large parent demand with segment strength 5.93.,54.43,Medium,Mug | Tumbler | Tote Bag,Name | Clipart,Validate search language and evidence before product testing.
P3,Wife Gift,Christmas,holiday:christmas|theme:funny,Christmas|Funny,holiday,christmas,Christmas inherits Large parent demand with segment strength 7.6.,54.3,Medium,Ornament | Mug | Blanket,Name | Hand Drawing,Validate search language and evidence before product testing.
P3,Husband Gift,Appreciation,intent:appreciation,Appreciation,intent,appreciation,Appreciation inherits Large parent demand with segment strength 7.9.,54.26,Medium,Mug | Tumbler | Blanket,Name,Validate search language and evidence before product testing.
P3,Teacher Gift,Teacher,audience_modifier:teacher|occasion:thanksgiving,Teacher|Thanksgiving,audience_group,teacher,Teacher inherits Large parent demand with segment strength 5.49.,53.9,Medium,Mug | Tumbler | Tote Bag,Name | Clipart,Validate search language and evidence before product testing.
P3,Daughter Gift,Anniversary,occasion:anniversary,Anniversary,occasion,anniversary,Anniversary inherits Mid parent demand with segment strength 11.33.,53.75,Medium,Mug | Tumbler | Blanket,Name,Validate search language and evidence before product testing.
P3,Soccer Gift,Christmas,audience_modifier:kid|holiday:christmas,Kid|Christmas,holiday,christmas,Christmas inherits Mid parent demand with segment strength 11.14.,53.75,Medium,Tumbler | Mug | Blanket,Name,Validate search language and evidence before product testing.
P3,Soccer Gift,Kid,audience_modifier:kid|relationship:kids,Kid|From Kids,audience_group,kid,Kid inherits Mid parent demand with segment strength 11.12.,53.73,Medium,Tumbler | Mug | Blanket,Name,Validate search language and evidence before product testing.
P3,Daughter Gift,Wedding,occasion:wedding,Wedding,occasion,wedding,Wedding inherits Mid parent demand with segment strength 11.15.,53.53,Medium,Mug | Tumbler | Blanket,Name,Validate search language and evidence before product testing.
P3,Wife Gift,Faith,theme:faith,Faith,niche,faith,Faith inherits Large parent demand with segment strength 6.92.,53.48,Medium,Mug | Tumbler | Blanket,Name,Validate search language and evidence before product testing.
P3,Son Gift,Christmas,audience_modifier:adult|holiday:christmas,Adult|Christmas,holiday,christmas,Christmas inherits Small parent demand with segment strength 12.79.,53.34,Medium,Ornament | Mug | Blanket,Name,Validate search language and evidence before product testing.
P3,Husband Gift,Christmas,holiday:christmas|theme:funny,Christmas|Funny,holiday,christmas,Christmas inherits Large parent demand with segment strength 7.13.,53.33,Medium,Ornament | Mug | Blanket,Name | Hand Drawing,Validate search language and evidence before product testing.
P3,Grandma Gift,Senior,audience_modifier:senior,Senior,audience_group,senior,Senior inherits Mega parent demand with segment strength 2.96.,53.09,Medium,Mug | Tumbler | Blanket,Name,Validate search language and evidence before product testing.
P3,Grandma Gift,Kid,audience_modifier:kid|relationship:kids,Kid|From Kids,audience_group,kid,Kid inherits Mega parent demand with segment strength 2.84.,52.94,Medium,Mug | Tumbler | Blanket,Name,Validate search language and evidence before product testing.
P3,Gardening Gift,Christmas,holiday:christmas|theme:funny,Christmas|Funny,holiday,christmas,Christmas inherits Mid parent demand with segment strength 9.34.,52.72,Medium,Ornament | Mug | Blanket,Name | Hand Drawing,Validate search language and evidence before product testing.
P3,Teacher Gift,Teacher,audience_modifier:teacher|occasion:graduation,Teacher|Graduation,audience_group,teacher,Teacher inherits Large parent demand with segment strength 4.4.,52.59,Medium,Mug | Tumbler | Tote Bag,Name | Clipart,Validate search language and evidence before product testing.
P3,Grandpa Gift,Fishing,interest:fishing,Fishing,interest,fishing,Fishing inherits Large parent demand with segment strength 6.04.,52.26,Medium,Tumbler | Mug | Blanket,Name | Clipart,Validate search language and evidence before product testing.
P3,Dog Lover Gift,Funny,theme:funny,Funny,niche,funny,Funny inherits Mid parent demand with segment strength 11.15.,52.11,Medium,Blanket | Ornament | Mug,Name | Photo | Line Art,Validate search language and evidence before product testing.
P3,Teacher Gift,Teacher,audience_modifier:male|audience_modifier:teacher|intent:appreciation,Male|Teacher|Appreciation,audience_group,teacher,Teacher inherits Large parent demand with segment strength 4.0.,52.11,Medium,Mug | Tumbler | Tote Bag,Name | Clipart,Validate search language and evidence before product testing.
P3,Cat Lover Gift,Cat Lover,lifestyle:cat lover|theme:funny,Cat Lover|Funny,lifestyle,cat lover,Cat Lover inherits Large parent demand with segment strength 6.64.,51.98,Medium,Blanket | Ornament | Mug,Name | Photo | Line Art,Validate search language and evidence before product testing.
P3,Dog Lover Gift,Birthday,audience_modifier:male|occasion:birthday,Male|Birthday,occasion,birthday,Birthday inherits Mid parent demand with segment strength 11.01.,51.94,Medium,Blanket | Ornament | Mug,Name | Photo | Line Art,Validate search language and evidence before product testing.
P3,Reading Gift,Book Lover,audience_modifier:male|lifestyle:book lover,Male|Book Lover,lifestyle,book lover,Book Lover inherits Mid parent demand with segment strength 9.65.,51.91,Medium,Mug | Tumbler | Tote Bag,Name,Validate search language and evidence before product testing.
P3,Teacher Gift,Teacher,audience_modifier:female|audience_modifier:teacher|intent:appreciation,Female|Teacher|Appreciation,audience_group,teacher,Teacher inherits Large parent demand with segment strength 3.6.,51.63,Medium,Mug | Tumbler | Tote Bag,Name | Clipart,Validate search language and evidence before product testing.
P3,Dog Lover Gift,Male,audience_modifier:male,Male,audience_group,male,Male inherits Mid parent demand with segment strength 10.7.,51.57,Medium,Blanket | Ornament | Mug,Name | Photo | Line Art,Validate search language and evidence before product testing.
P3,Dog Lover Gift,Appreciation,intent:appreciation,Appreciation,intent,appreciation,Appreciation inherits Mid parent demand with segment strength 10.69.,51.56,Medium,Blanket | Ornament | Mug,Name | Photo | Line Art,Validate search language and evidence before product testing.
P3,Son Gift,Birthday,occasion:birthday|theme:funny,Birthday|Funny,occasion,birthday,Birthday inherits Small parent demand with segment strength 11.29.,51.54,Medium,Poster | Mug | Blanket,Name | Birth Flower | Hand Drawing,Validate search language and evidence before product testing.
P3,Cat Lover Gift,Christmas,holiday:christmas|interest:gardening,Christmas|Gardening,holiday,christmas,Christmas inherits Large parent demand with segment strength 5.63.,50.77,Medium,Ornament | Mug | Blanket,Name,Validate search language and evidence before product testing.
P3,Gardening Gift,Memorial,occasion:memorial|pet:dog,Memorial|Dog,occasion,memorial,Memorial inherits Mid parent demand with segment strength 7.48.,50.49,Medium,Blanket | Ornament | Mug,Name | Photo | Line Art,Validate search language and evidence before product testing.
P3,Teacher Gift,Teacher,audience_modifier:teacher|audience_modifier:toddler|relationship:toddler,Teacher|Toddler|From Toddler,audience_group,teacher,Teacher inherits Large parent demand with segment strength 2.52.,50.33,Medium,Mug | Tumbler | Tote Bag,Name | Clipart,Validate search language and evidence before product testing.
P3,Dog Lover Gift,Christmas,holiday:christmas|lifestyle:dog lover,Christmas|Dog Lover,holiday,christmas,Christmas inherits Mid parent demand with segment strength 9.66.,50.32,Medium,Blanket | Ornament | Mug,Name | Photo | Line Art,Validate search language and evidence before product testing.
P3,Son Gift,Funny,theme:funny,Funny,niche,funny,Funny inherits Small parent demand with segment strength 10.01.,50.0,Medium,Poster | Mug | Blanket,Name | Hand Drawing,Validate search language and evidence before product testing.
P3,Cat Lover Gift,Funny,audience_modifier:male|theme:funny,Male|Funny,niche,funny,Funny inherits Large parent demand with segment strength 4.89.,49.88,Medium,Blanket | Ornament | Mug,Name | Photo | Line Art,Validate search language and evidence before product testing.
P3,Dog Lover Gift,Christmas,audience_modifier:female|holiday:christmas,Female|Christmas,holiday,christmas,Christmas inherits Mid parent demand with segment strength 9.09.,49.64,Medium,Blanket | Ornament | Mug,Name | Photo | Line Art,Validate search language and evidence before product testing.
P3,Husband Gift,Faith,theme:faith,Faith,niche,faith,Faith inherits Large parent demand with segment strength 3.83.,49.37,Medium,Mug | Tumbler | Blanket,Name,Validate search language and evidence before product testing.
P3,Reading Gift,Kid,audience_modifier:kid,Kid,audience_group,kid,Kid inherits Mid parent demand with segment strength 7.31.,49.1,Medium,Mug | Tumbler | Tote Bag,Name,Validate search language and evidence before product testing.
P3,Camping Gift,Kid,audience_modifier:kid,Kid,audience_group,kid,Kid inherits Mid parent demand with segment strength 8.4.,48.35,Medium,Tumbler | Mug | Blanket,Name | Clipart,Validate search language and evidence before product testing.
P3,Gardening Gift,Christmas,holiday:christmas|pet:cat,Christmas|Cat,holiday,christmas,Christmas inherits Mid parent demand with segment strength 5.63.,48.27,Medium,Blanket | Ornament | Mug,Name | Photo | Line Art,Validate search language and evidence before product testing.
P3,Dog Lover Gift,Senior,audience_modifier:senior,Senior,audience_group,senior,Senior inherits Mid parent demand with segment strength 7.8.,48.09,Medium,Blanket | Ornament | Mug,Name | Photo | Line Art,Validate search language and evidence before product testing.
P3,Gardening Gift,Appreciation,intent:appreciation,Appreciation,intent,appreciation,Appreciation inherits Mid parent demand with segment strength 5.4.,47.99,Medium,Mug | Tumbler | Blanket,Name,Validate search language and evidence before product testing.
P3,Dog Lover Gift,Memorial,interest:gardening|occasion:memorial,Gardening|Memorial,occasion,memorial,Memorial inherits Mid parent demand with segment strength 7.48.,47.71,Medium,Blanket | Ornament | Mug,Name | Photo | Line Art,Validate search language and evidence before product testing.
P3,Daughter Gift,Female,audience_modifier:female,Female,audience_group,female,Female inherits Mid parent demand with segment strength 6.29.,47.7,Medium,Mug | Tumbler | Blanket,Name,Validate search language and evidence before product testing.
P3,Cat Lover Gift,Christmas,audience_modifier:female|holiday:christmas|lifestyle:cat lover,Female|Christmas|Cat Lover,holiday,christmas,Christmas inherits Large parent demand with segment strength 2.96.,47.56,Medium,Blanket | Ornament | Mug,Name | Photo | Line Art,Validate search language and evidence before product testing.
P3,Gardening Gift,Christmas,holiday:christmas|theme:vintage,Christmas|Vintage,holiday,christmas,Christmas inherits Mid parent demand with segment strength 4.88.,47.37,Medium,Ornament | Mug | Blanket,Name | Hand Drawing,Validate search language and evidence before product testing.
P3,Gardening Gift,Funny,theme:funny,Funny,niche,funny,Funny inherits Mid parent demand with segment strength 4.78.,47.25,Medium,Poster | Mug | Blanket,Name | Hand Drawing,Validate search language and evidence before product testing.
P3,Son Gift,Wedding,occasion:wedding,Wedding,occasion,wedding,Wedding inherits Small parent demand with segment strength 7.52.,47.02,Medium,Mug | Tumbler | Blanket,Name,Validate search language and evidence before product testing.
P3,Coffee Lover Gift,Funny,theme:funny,Funny,niche,funny,Funny inherits Mid parent demand with segment strength 5.61.,46.42,Medium,Mug | Tumbler | Tote Bag,Name | Clipart | Hand Drawing,Validate search language and evidence before product testing.
P3,Soccer Gift,Funny,theme:funny,Funny,niche,funny,Funny inherits Mid parent demand with segment strength 4.9.,46.27,Medium,Tumbler | Mug | Blanket,Name | Hand Drawing,Validate search language and evidence before product testing.
P3,Daughter Gift,Teen,audience_modifier:teen,Teen,audience_group,teen,Teen inherits Mid parent demand with segment strength 5.07.,46.24,Medium,Mug | Tumbler | Blanket,Name,Validate search language and evidence before product testing.
P3,Coffee Lover Gift,Christmas,holiday:christmas|lifestyle:coffee lover,Christmas|Coffee Lover,holiday,christmas,Christmas inherits Mid parent demand with segment strength 5.45.,46.22,Medium,Mug | Tumbler | Tote Bag,Name | Clipart,Validate search language and evidence before product testing.
P3,Camping Gift,Funny,theme:funny,Funny,niche,funny,Funny inherits Mid parent demand with segment strength 6.58.,46.17,Medium,Tumbler | Mug | Blanket,Name | Clipart | Hand Drawing,Validate search language and evidence before product testing.
P3,Gardening Gift,Christmas,holiday:christmas|theme:faith,Christmas|Faith,holiday,christmas,Christmas inherits Mid parent demand with segment strength 3.78.,46.05,Medium,Ornament | Mug | Blanket,Name,Validate search language and evidence before product testing.
P3,Dog Lover Gift,Christmas,holiday:christmas|theme:funny,Christmas|Funny,holiday,christmas,Christmas inherits Mid parent demand with segment strength 5.81.,45.7,Medium,Blanket | Ornament | Mug,Name | Photo | Line Art,Validate search language and evidence before product testing.
P3,Reading Gift,Male,audience_modifier:male,Male,audience_group,male,Male inherits Mid parent demand with segment strength 3.85.,44.95,Medium,Mug | Tumbler | Tote Bag,Name,Validate search language and evidence before product testing.
P3,Soccer Gift,Teen,audience_modifier:teen,Teen,audience_group,teen,Teen inherits Mid parent demand with segment strength 3.79.,44.93,Medium,Tumbler | Mug | Blanket,Name,Validate search language and evidence before product testing.
P3,Daughter Gift,Funny,theme:funny,Funny,niche,funny,Funny inherits Mid parent demand with segment strength 3.7.,44.59,Medium,Poster | Mug | Blanket,Name | Hand Drawing,Validate search language and evidence before product testing.
P3,Soccer Gift,Female,audience_modifier:female,Female,audience_group,female,Female inherits Mid parent demand with segment strength 3.37.,44.43,Medium,Tumbler | Mug | Blanket,Name,Validate search language and evidence before product testing.
P3,Daughter Gift,Faith,theme:faith,Faith,niche,faith,Faith inherits Mid parent demand with segment strength 2.77.,43.48,Medium,Mug | Tumbler | Blanket,Name,Validate search language and evidence before product testing.
P3,Coffee Lover Gift,Adult,audience_modifier:adult,Adult,audience_group,adult,Adult inherits Mid parent demand with segment strength 3.07.,43.37,Medium,Mug | Tumbler | Tote Bag,Name | Clipart,Validate search language and evidence before product testing.
P3,Dog Lover Gift,Christmas,audience_modifier:male|holiday:christmas,Male|Christmas,holiday,christmas,Christmas inherits Mid parent demand with segment strength 3.77.,43.25,Medium,Blanket | Ornament | Mug,Name | Photo | Line Art,Validate search language and evidence before product testing.
P3,Coffee Lover Gift,Christmas,occasion:christmas,Christmas,occasion,christmas,Christmas inherits Mid parent demand with segment strength 2.94.,43.21,Medium,Mug | Tumbler | Tote Bag,Name | Clipart,Validate search language and evidence before product testing.
P3,Camping Gift,Christmas,holiday:christmas,Christmas,holiday,christmas,Christmas inherits Mid parent demand with segment strength 3.43.,42.39,Medium,Tumbler | Mug | Blanket,Name | Clipart,Validate search language and evidence before product testing.
P3,Son Gift,Teen,audience_modifier:teen,Teen,audience_group,teen,Teen inherits Small parent demand with segment strength 3.41.,42.08,Medium,Mug | Tumbler | Blanket,Name,Validate search language and evidence before product testing.
Watchlist,Hairstylist Gift,Female,audience_modifier:female,Female,audience_group,female,Female inherits Small parent demand with segment strength 22.11.,61.93,Low,Mug | Tumbler | Blanket,Name,Validate search language and evidence before product testing.
Watchlist,Electrician Gift,Male,audience_modifier:male,Male,audience_group,male,Male inherits Small parent demand with segment strength 20.63.,58.96,Low,Mug | Tumbler | Blanket,Name,Validate search language and evidence before product testing.
Watchlist,Realtor Gift,Female,audience_modifier:female,Female,audience_group,female,Female inherits Small parent demand with segment strength 15.44.,47.26,Low,Mug | Tumbler | Blanket,Name,Validate search language and evidence before product testing.
Watchlist,Hairstylist Gift,Christmas,holiday:christmas,Christmas,holiday,christmas,Christmas inherits Small parent demand with segment strength 8.5.,45.6,Low,Ornament | Mug | Blanket,Name,Validate search language and evidence before product testing.
Watchlist,Accountant Gift,Funny,theme:funny,Funny,niche,funny,Funny inherits Small parent demand with segment strength 7.5.,41.2,Low,Poster | Mug | Blanket,Name | Hand Drawing,Validate search language and evidence before product testing.
Watchlist,Electrician Gift,Funny,theme:funny,Funny,niche,funny,Funny inherits Small parent demand with segment strength 5.75.,41.11,Low,Poster | Mug | Blanket,Name | Hand Drawing,Validate search language and evidence before product testing.
Watchlist,Accountant Gift,Female,audience_modifier:female,Female,audience_group,female,Female inherits Small parent demand with segment strength 6.53.,40.04,Low,Mug | Tumbler | Blanket,Name,Validate search language and evidence before product testing.
Watchlist,Accountant Gift,Male,audience_modifier:male,Male,audience_group,male,Male inherits Small parent demand with segment strength 5.26.,38.51,Low,Mug | Tumbler | Blanket,Name,Validate search language and evidence before product testing.
Watchlist,Realtor Gift,Male,audience_modifier:male,Male,audience_group,male,Male inherits Small parent demand with segment strength 6.62.,36.68,Low,Mug | Tumbler | Blanket,Name,Validate search language and evidence before product testing.
Watchlist,Realtor Gift,Christmas,holiday:christmas,Christmas,holiday,christmas,Christmas inherits Small parent demand with segment strength 3.93.,33.45,Low,Ornament | Mug | Blanket,Name,Validate search language and evidence before product testing.
