demand_id,demand_name,market_size,growth_stage,market_stage,expansion_score,competition_level,seasonality_type,research_priority,recommendation,top_child_segments
CD000002,Dad Gift,Mega,Growing,Scale Market,100.0,High,Evergreen,P1,Research child segments first; use parent demand as the umbrella market.,Christmas Dad Gift | Dad Birthday Gift | Cat Lover Dad Gift | Cat Dad Gift | Dad Wedding Gift
CD000003,Girl Gift,Mega,Growing,Scale Market,100.0,High,Evergreen,P1,Research child segments first; use parent demand as the umbrella market.,Christmas Girl Gift | Girl Birthday Gift | Floral Girl Gift | Soccer Girl Gift | Cat Girl Gift
CD000001,Mom Gift,Mega,Growing,Scale Market,100.0,High,Evergreen,P1,Research child segments first; use parent demand as the umbrella market.,Christmas Mom Gift | Mom Birthday Gift | Dog Lover Mom Gift | Dog Mom Gift | Cat Mom Gift
CD000005,Boy Gift,Mega,Growing,Scale Market,96.71,High,Evergreen,P1,Research child segments first; use parent demand as the umbrella market.,Christmas Boy Gift | Soccer Boy Gift | Boy Birthday Gift | Gaming Boy Gift | Fishing Boy Gift
CD000006,Teacher Gift,Large,Growing,Scale Market,92.17,Medium,Evergreen,P2,Research child segments first; use parent demand as the umbrella market.,Christmas Teacher Gift | Teacher Appreciation Gift | Funny Teacher Gift | Halloween Teacher Gift | Teacher Birthday Gift
CD000015,Husband Gift,Large,Growing,Scale Market,87.59,Medium,Evergreen,P2,Research child segments first; use parent demand as the umbrella market.,Christmas Husband Gift | Husband Birthday Gift | Husband Anniversary Gift | Husband Valentine's Day Gift | Valentine Husband Gift
CD000004,Grandma Gift,Mega,Growing,Established Market,75.33,High,Evergreen,P3,Research best child segments before broad parent-demand product work.,Christmas Grandma Gift | Grandma Birthday Gift | Dog Grandma Gift | Funny Grandma Gift | Gardening Grandma Gift
CD000011,Grandpa Gift,Large,Growing,Established Market,66.77,Medium,Evergreen,P3,Research best child segments before broad parent-demand product work.,Christmas Grandpa Gift | Grandpa Birthday Gift | Funny Grandpa Gift | Dog Grandpa Gift | Fishing Grandpa Gift
CD000013,Wife Gift,Large,Growing,Established Market,66.37,Medium,Evergreen,P3,Research best child segments before broad parent-demand product work.,Christmas Wife Gift | Wife Birthday Gift | Wife Anniversary Gift | Wife Appreciation Gift | Wife Wedding Gift
CD000080,Boy Decor,Mid,Growing,Growth Market,61.94,Low-Medium,Evergreen,P3,Validate ranking durability and research focused child niches.,Gaming Boy Decor | Soccer Boy Decor | Fishing Boy Decor | Hunting Boy Decor | Halloween Boy Decor
CD000034,Coffee Gift,Mid,Growing,Growth Market,58.64,Low-Medium,Evergreen,P3,Validate ranking durability and research focused child niches.,Coffee Lover Coffee Gift | Christmas Coffee Gift | Funny Coffee Gift | Coffee Christmas Gift
CD000048,Girl Decor,Mid,Growing,Growth Market,53.37,Low-Medium,Evergreen,Watchlist,Validate ranking durability and research focused child niches.,Halloween Girl Decor | Vintage Girl Decor | Boho Girl Decor | Gaming Girl Decor | Cowgirl Girl Decor
CD000193,Girl Decor,Micro,Growing,Growth Market,53.37,Low-Medium,Evergreen,Watchlist,Validate ranking durability and research focused child niches.,Halloween Girl Decor | Vintage Girl Decor | Boho Girl Decor | Gaming Girl Decor | Cowgirl Girl Decor
CD000314,Girl Decor,Micro,Declining,Mature / Declining,53.37,Low-Medium,Declining,Watchlist,Research child segments; parent demand is too broad for direct action.,Halloween Girl Decor | Vintage Girl Decor | Boho Girl Decor | Gaming Girl Decor | Cowgirl Girl Decor
CD000371,Girl Decor,Micro,Declining,Mature / Declining,53.37,Low-Medium,Declining,Watchlist,Research child segments; parent demand is too broad for direct action.,Halloween Girl Decor | Vintage Girl Decor | Boho Girl Decor | Gaming Girl Decor | Cowgirl Girl Decor
CD000060,Daughter Gift,Mid,Growing,Growth Market,51.29,Low-Medium,Evergreen,Watchlist,Validate ranking durability and research focused child niches.,Daughter Birthday Gift | Christmas Daughter Gift | Daughter Wedding Gift | Funny Daughter Gift | Faith Daughter Gift
CD000023,Dog Gift,Large,Growing,Established Market,49.29,Medium,Evergreen,Watchlist,Research best child segments before broad parent-demand product work.,Christmas Dog Gift | Dog Lover Dog Gift | Dog Birthday Gift | Funny Dog Gift | Dog Appreciation Gift
CD000026,Cat Gift,Mid,Growing,Growth Market,47.91,Medium,Evergreen,Watchlist,Validate ranking durability and research focused child niches.,Cat Lover Cat Gift | Christmas Cat Gift | Funny Cat Gift | Cat Appreciation Gift | Cat Birthday Gift
CD000093,Son Gift,Mid,Growing,Growth Market,45.76,Low-Medium,Evergreen,Watchlist,Validate ranking durability and research focused child niches.,Son Birthday Gift | Christmas Son Gift | Funny Son Gift | Son Wedding Gift
CD000025,Nurse Gift,Mid,Growing,Growth Market,43.12,Medium,Evergreen,Watchlist,Validate ranking durability and research focused child niches.,Funny Nurse Gift | Nurse Graduation Gift | Christmas Nurse Gift | Nurse Appreciation Gift | Halloween Nurse Gift
CD000052,Soccer Gift,Mid,Growing,Growth Market,41.16,Low-Medium,Evergreen,Watchlist,Validate ranking durability and research focused child niches.,Soccer Appreciation Gift | Christmas Soccer Gift | Funny Soccer Gift
CD000081,Mom Matching,Mid,Growing,Growth Market,38.0,Low-Medium,Evergreen,Watchlist,Validate ranking durability and research focused child niches.,Christmas Mom Matching | Halloween Mom Matching | Thanksgiving Mom Matching | Dog Mom Matching
CD000089,Mom Matching,Small,Growing,Growth Market,38.0,Low-Medium,Evergreen,Watchlist,Validate ranking durability and research focused child niches.,Christmas Mom Matching | Halloween Mom Matching | Thanksgiving Mom Matching | Dog Mom Matching
CD000152,Mom Matching,Mid,Growing,Growth Market,38.0,Low-Medium,Evergreen,Watchlist,Validate ranking durability and research focused child niches.,Christmas Mom Matching | Halloween Mom Matching | Thanksgiving Mom Matching | Dog Mom Matching
CD000201,Mom Matching,Micro,Growing,Growth Market,38.0,Low-Medium,Evergreen,Watchlist,Validate ranking durability and research focused child niches.,Christmas Mom Matching | Halloween Mom Matching | Thanksgiving Mom Matching | Dog Mom Matching
CD000401,Mom Matching,Micro,Unproven,Early Signal,38.0,Low-Medium,Insufficient Data,Watchlist,Research child segments; parent demand is too broad for direct action.,Christmas Mom Matching | Halloween Mom Matching | Thanksgiving Mom Matching | Dog Mom Matching
CD000109,Cat Decor,Small,Growing,Growth Market,37.8,Low-Medium,Evergreen,Watchlist,Validate ranking durability and research focused child niches.,Cat Lover Cat Decor | Halloween Cat Decor | Gardening Cat Decor | Funny Cat Decor
CD000129,Cat Decor,Small,Unproven,Validation Market,37.8,Low-Medium,Evergreen,Watchlist,Research child segments; parent demand is too broad for direct action.,Cat Lover Cat Decor | Halloween Cat Decor | Gardening Cat Decor | Funny Cat Decor
CD000396,Cat Decor,Micro,Emerging,Early Signal,37.8,Low-Medium,Insufficient Data,Watchlist,Research child segments; parent demand is too broad for direct action.,Cat Lover Cat Decor | Halloween Cat Decor | Gardening Cat Decor | Funny Cat Decor
CD000047,Gardening Decor,Mid,Growing,Growth Market,35.63,Low-Medium,Evergreen,Watchlist,Validate ranking durability and research focused child niches.,Halloween Gardening Decor | Funny Gardening Decor | Vintage Gardening Decor | Floral Gardening Decor
CD000372,Gardening Decor,Micro,Emerging,Early Signal,35.63,Low-Medium,Insufficient Data,Watchlist,Research child segments; parent demand is too broad for direct action.,Halloween Gardening Decor | Funny Gardening Decor | Vintage Gardening Decor | Floral Gardening Decor
CD000248,Gardening Decor,Micro,Declining,Mature / Declining,35.63,Low-Medium,Declining,Watchlist,Research child segments; parent demand is too broad for direct action.,Halloween Gardening Decor | Funny Gardening Decor | Vintage Gardening Decor | Floral Gardening Decor
CD000107,Police Officer Gift,Small,Growing,Growth Market,33.46,Low,Evergreen,Watchlist,Validate ranking durability and research focused child niches.,Police Officer Graduation Gift | Funny Police Officer Gift | Christmas Police Officer Gift
CD000206,Girl Wedding,Micro,Growing,Growth Market,33.38,Low,Holiday Seasonal,Watchlist,Research seasonal segments and validate timing windows.,Floral Girl Wedding | Wedding Girl Wedding
CD000135,Girl Wedding,Small,Declining,Mature / Declining,33.38,Low,Holiday Seasonal,Watchlist,Research seasonal segments and validate timing windows.,Floral Girl Wedding | Wedding Girl Wedding
CD000182,Girl Wedding,Small,Declining,Mature / Declining,33.38,Low,Holiday Seasonal,Watchlist,Research seasonal segments and validate timing windows.,Floral Girl Wedding | Wedding Girl Wedding
CD000007,Mom Wedding,Large,Declining,Mature / Declining,31.95,Medium,Holiday Seasonal,Watchlist,Research seasonal segments and validate timing windows.,Wedding Mom Wedding | Floral Mom Wedding
CD000199,Mom Wedding,Small,Declining,Mature / Declining,31.95,Low,Holiday Seasonal,Watchlist,Research seasonal segments and validate timing windows.,Wedding Mom Wedding | Floral Mom Wedding
CD000027,Fishing Gift,Mid,Growing,Growth Market,31.89,Low-Medium,Evergreen,Watchlist,Validate ranking durability and research focused child niches.,Funny Fishing Gift | Christmas Fishing Gift
CD000202,Girl Matching,Small,Growing,Growth Market,29.36,Low,Evergreen,Watchlist,Validate ranking durability and research focused child niches.,American Girl Matching | Christmas Girl Matching
CD000122,Girl Matching,Small,Declining,Mature / Declining,29.36,Low,Declining,Watchlist,Research child segments; parent demand is too broad for direct action.,American Girl Matching | Christmas Girl Matching
CD000367,Girl Matching,Micro,Declining,Mature / Declining,29.36,Low,Declining,Watchlist,Research child segments; parent demand is too broad for direct action.,American Girl Matching | Christmas Girl Matching
CD000046,Pickleball Gift,Mid,Growing,Growth Market,28.0,Medium,Evergreen,Watchlist,Validate ranking durability and research focused child niches.,Funny Pickleball Gift | Christmas Pickleball Gift
CD000038,Gardening Gift,Mid,Growing,Growth Market,27.93,Low-Medium,Evergreen,Watchlist,Validate ranking durability and research focused child niches.,Gardening Appreciation Gift | Funny Gardening Gift
CD000029,Gaming Gift,Mid,Growing,Growth Market,27.57,Low-Medium,Evergreen,Watchlist,Validate ranking durability and research focused child niches.,Christmas Gaming Gift | Funny Gaming Gift
CD000014,Hunting Gift,Large,Established,Established Market,27.37,Medium,Evergreen,Watchlist,"Research parent demand positioning, then segment into niches.",Funny Hunting Gift | Christmas Hunting Gift
CD000144,Reading Gift,Small,Growing,Growth Market,26.92,Low,Evergreen,Watchlist,Validate ranking durability and research focused child niches.,Book Lover Reading Gift
CD000071,Camping Gift,Mid,Growing,Growth Market,25.96,Low-Medium,Evergreen,Watchlist,Validate ranking durability and research focused child niches.,Funny Camping Gift | Christmas Camping Gift
CD000075,Firefighter Gift,Mid,Growing,Growth Market,23.79,Low-Medium,Evergreen,Watchlist,Validate ranking durability and research focused child niches.,Funny Firefighter Gift | Christmas Firefighter Gift
CD000044,Chef Gift,Mid,Growing,Growth Market,23.03,Low-Medium,Evergreen,Watchlist,Validate ranking durability and research focused child niches.,Funny Chef Gift | Christmas Chef Gift
CD000137,Dog Wedding,Small,Declining,Mature / Declining,21.66,Low,Holiday Seasonal,Watchlist,Research seasonal segments and validate timing windows.,Wedding Dog Wedding
CD000208,Dog Wedding,Small,Declining,Mature / Declining,21.66,Low,Holiday Seasonal,Watchlist,Research seasonal segments and validate timing windows.,Wedding Dog Wedding
CD000128,Dog Matching,Small,Growing,Growth Market,20.57,Low,Evergreen,Watchlist,Validate ranking durability and research focused child niches.,Christmas Dog Matching | Halloween Dog Matching
CD000212,Dog Matching,Micro,Growing,Growth Market,20.57,Low,Evergreen,Watchlist,Validate ranking durability and research focused child niches.,Christmas Dog Matching | Halloween Dog Matching
CD000249,Dog Matching,Mid,Growing,Growth Market,20.57,Low-Medium,Evergreen,Watchlist,Validate ranking durability and research focused child niches.,Christmas Dog Matching | Halloween Dog Matching
CD000051,Coffee Decor,Mid,Declining,Mature / Declining,18.72,Low-Medium,Declining,Watchlist,Research child segments; parent demand is too broad for direct action.,Halloween Coffee Decor
CD000270,Coffee Decor,Micro,Declining,Mature / Declining,18.72,Low,Declining,Watchlist,Research child segments; parent demand is too broad for direct action.,Halloween Coffee Decor
CD000257,Reading Decor,Micro,Established,Validation Market,17.89,Low,Evergreen,Watchlist,Research child segments; parent demand is too broad for direct action.,Book Lover Reading Decor
CD000139,Truck Driver Gift,Mid,Growing,Growth Market,17.85,Low-Medium,Evergreen,Watchlist,Validate ranking durability and research focused child niches.,Truck Driver Appreciation Gift
CD000190,Camping Decor,Small,Declining,Mature / Declining,17.81,Low,Declining,Watchlist,Research child segments; parent demand is too broad for direct action.,Halloween Camping Decor
CD000331,Camping Decor,Micro,Declining,Mature / Declining,17.81,Low,Declining,Watchlist,Research child segments; parent demand is too broad for direct action.,Halloween Camping Decor
CD000116,Grandma Wedding,Small,Declining,Mature / Declining,17.64,Low,Holiday Seasonal,Watchlist,Research seasonal segments and validate timing windows.,Wedding Grandma Wedding
CD000349,Grandma Wedding,Micro,Declining,Mature / Declining,17.64,Low,Holiday Seasonal,Watchlist,Research seasonal segments and validate timing windows.,Wedding Grandma Wedding
CD000098,Dog Decor,Small,Declining,Mature / Declining,16.98,Low,Declining,Watchlist,Research child segments; parent demand is too broad for direct action.,Halloween Dog Decor
CD000227,Dog Decor,Micro,Declining,Mature / Declining,16.98,Low,Declining,Watchlist,Research child segments; parent demand is too broad for direct action.,Halloween Dog Decor
CD000090,Dog Memorial,Mid,Established,Validation Market,16.37,Low-Medium,Evergreen,Watchlist,Research child segments; parent demand is too broad for direct action.,Gardening Dog Memorial
CD000102,Gaming Decor,Small,Growing,Growth Market,14.52,Low,Evergreen,Watchlist,Validate ranking durability and research focused child niches.,Retro Gaming Decor
CD000261,Husband Matching,Micro,Growing,Growth Market,14.15,Low,Evergreen,Watchlist,Validate ranking durability and research focused child niches.,Christmas Husband Matching
CD000368,Husband Matching,Micro,Unproven,Validation Market,14.15,Low,Evergreen,Watchlist,Research child segments; parent demand is too broad for direct action.,Christmas Husband Matching
CD000207,Dad Matching,Micro,Growing,Growth Market,14.12,Low,Evergreen,Watchlist,Validate ranking durability and research focused child niches.,Christmas Dad Matching
CD000221,Boy Matching,Micro,Established,Validation Market,13.97,Low,Evergreen,Watchlist,Research child segments; parent demand is too broad for direct action.,Christmas Boy Matching
CD000191,Accountant Gift,Small,Growing,Growth Market,13.38,Low,Evergreen,Watchlist,Validate ranking durability and research focused child niches.,Funny Accountant Gift
CD000162,Electrician Gift,Small,Growing,Growth Market,12.59,Low,Evergreen,Watchlist,Validate ranking durability and research focused child niches.,Funny Electrician Gift
CD000149,Hairstylist Gift,Small,Growing,Growth Market,12.38,Low,Evergreen,Watchlist,Validate ranking durability and research focused child niches.,Christmas Hairstylist Gift
CD000178,Anniversary Husband Gift,Small,Declining,Mature / Declining,0.0,Low,Declining,Watchlist,Validate further before assigning research.,
CD000181,Anniversary Wife Gift,Small,Declining,Mature / Declining,0.0,Low,Declining,Watchlist,Validate further before assigning research.,
CD000042,Birthday Boy Gift,Mid,Declining,Mature / Declining,0.0,Low-Medium,Declining,Watchlist,Validate further before assigning research.,
CD000055,Birthday Dad Gift,Mid,Declining,Mature / Declining,0.0,Low-Medium,Declining,Watchlist,Validate further before assigning research.,
CD000176,Birthday Daughter Gift,Small,Declining,Mature / Declining,0.0,Low,Declining,Watchlist,Validate further before assigning research.,
CD000211,Birthday Dog Gift,Mid,Declining,Mature / Declining,0.0,Low-Medium,Declining,Watchlist,Validate further before assigning research.,
CD000031,Birthday Girl Gift,Mid,Declining,Mature / Declining,0.0,Low-Medium,Declining,Watchlist,Validate further before assigning research.,
CD000110,Birthday Grandma Gift,Mid,Declining,Mature / Declining,0.0,Low-Medium,Declining,Watchlist,Validate further before assigning research.,
CD000194,Birthday Grandpa Gift,Small,Declining,Mature / Declining,0.0,Low,Declining,Watchlist,Validate further before assigning research.,
CD000100,Birthday Husband Gift,Mid,Declining,Mature / Declining,0.0,Low-Medium,Declining,Watchlist,Validate further before assigning research.,
CD000040,Birthday Mom Gift,Mid,Declining,Mature / Declining,0.0,Low-Medium,Declining,Watchlist,Validate further before assigning research.,
CD000262,Birthday Son Gift,Micro,Declining,Mature / Declining,0.0,Low,Declining,Watchlist,Validate further before assigning research.,
CD000238,Birthday Teacher Gift,Micro,Declining,Mature / Declining,0.0,Low,Declining,Watchlist,Validate further before assigning research.,
CD000120,Birthday Wife Gift,Mid,Declining,Mature / Declining,0.0,Low-Medium,Declining,Watchlist,Validate further before assigning research.,
CD000087,Boy Apparel,Small,Growing,Growth Market,0.0,Low,Evergreen,Watchlist,Validate ranking durability and research focused child niches.,
CD000072,Boy Apparel,Mid,Growing,Growth Market,0.0,Low-Medium,Evergreen,Watchlist,Validate ranking durability and research focused child niches.,
CD000336,Boy Apparel,Micro,Growing,Growth Market,0.0,Low,Evergreen,Watchlist,Validate ranking durability and research focused child niches.,
CD000271,Boy Apparel,Micro,Growing,Growth Market,0.0,Low,Evergreen,Watchlist,Validate ranking durability and research focused child niches.,
CD000340,Boy Apparel,Micro,Growing,Growth Market,0.0,Low,Evergreen,Watchlist,Validate ranking durability and research focused child niches.,
CD000009,Boy Apparel,Large,Declining,Mature / Declining,0.0,Medium,Declining,Watchlist,"Research parent demand positioning, then segment into niches.",
CD000352,Boy Apparel,Micro,Declining,Mature / Declining,0.0,Low,Declining,Watchlist,Validate further before assigning research.,
CD000350,Boy Appreciation,Micro,Declining,Mature / Declining,0.0,Low,Holiday Seasonal,Watchlist,Research seasonal segments and validate timing windows.,
CD000078,Boy Birthday,Mid,Declining,Mature / Declining,0.0,Low-Medium,Declining,Watchlist,Validate further before assigning research.,
CD000297,Boy Faith Gift,Micro,Growing,Growth Market,0.0,Low,Evergreen,Watchlist,Validate ranking durability and research focused child niches.,
CD000239,Boy Fishing Apparel,Mid,Growing,Growth Market,0.0,Low-Medium,Evergreen,Watchlist,Validate ranking durability and research focused child niches.,
CD000171,Boy Fishing Gift,Mid,Growing,Growth Market,0.0,Low-Medium,Evergreen,Watchlist,Validate ranking durability and research focused child niches.,
CD000252,Boy Funny Gift,Micro,Growing,Growth Market,0.0,Low,Evergreen,Watchlist,Validate ranking durability and research focused child niches.,
CD000353,Boy Gaming Apparel,Micro,Emerging,Early Signal,0.0,Low,Insufficient Data,Watchlist,Validate further before assigning research.,
CD000130,Boy Gaming Decor,Small,Growing,Growth Market,0.0,Low,Evergreen,Watchlist,Validate ranking durability and research focused child niches.,
CD000150,Boy Gaming Gift,Small,Growing,Growth Market,0.0,Low,Evergreen,Watchlist,Validate ranking durability and research focused child niches.,
CD000235,Boy Hunting Apparel,Micro,Growing,Growth Market,0.0,Low,Evergreen,Watchlist,Validate ranking durability and research focused child niches.,
CD000390,Boy Hunting Decor,Micro,Unproven,Validation Market,0.0,Low,Evergreen,Watchlist,Validate further before assigning research.,
CD000258,Boy Hunting Gift,Micro,Growing,Growth Market,0.0,Low,Evergreen,Watchlist,Validate ranking durability and research focused child niches.,
CD000210,Boy Soccer Apparel,Micro,Growing,Growth Market,0.0,Low,Evergreen,Watchlist,Validate ranking durability and research focused child niches.,
CD000256,Boy Soccer Decor,Mid,Growing,Growth Market,0.0,Low-Medium,Evergreen,Watchlist,Validate ranking durability and research focused child niches.,
CD000074,Boy Soccer Gift,Mid,Growing,Growth Market,0.0,Low-Medium,Evergreen,Watchlist,Validate ranking durability and research focused child niches.,
CD000240,Boy Wedding,Mid,Declining,Mature / Declining,0.0,Low-Medium,Holiday Seasonal,Watchlist,Research seasonal segments and validate timing windows.,
CD000253,Camping Apparel,Micro,Declining,Mature / Declining,0.0,Low,Declining,Watchlist,Validate further before assigning research.,
CD000183,Camping Birthday,Mid,Declining,Mature / Declining,0.0,Low-Medium,Declining,Watchlist,Validate further before assigning research.,
CD000255,Camping Matching,Micro,Growing,Growth Market,0.0,Low,Evergreen,Watchlist,Validate ranking durability and research focused child niches.,
CD000041,Cat Apparel,Mid,Growing,Growth Market,0.0,Low-Medium,Evergreen,Watchlist,Validate ranking durability and research focused child niches.,
CD000146,Cat Apparel,Small,Growing,Growth Market,0.0,Low,Evergreen,Watchlist,Validate ranking durability and research focused child niches.,
CD000203,Cat Apparel,Micro,Growing,Growth Market,0.0,Low,Evergreen,Watchlist,Validate ranking durability and research focused child niches.,
CD000387,Cat Apparel,Micro,Unproven,Early Signal,0.0,Low,Insufficient Data,Watchlist,Validate further before assigning research.,
CD000115,Cat Birthday,Small,Declining,Mature / Declining,0.0,Low,Declining,Watchlist,Validate further before assigning research.,
CD000059,Cat Cat Lover Gift,Mid,Growing,Growth Market,0.0,Low-Medium,Evergreen,Watchlist,Validate ranking durability and research focused child niches.,
CD000357,Cat Cat Lover Gift,Micro,Emerging,Early Signal,0.0,Low,Insufficient Data,Watchlist,Validate further before assigning research.,
CD000125,Cat Funny Gift,Mid,Growing,Growth Market,0.0,Low-Medium,Evergreen,Watchlist,Validate ranking durability and research focused child niches.,
CD000361,Cat Matching,Micro,Growing,Growth Market,0.0,Low,Evergreen,Watchlist,Validate ranking durability and research focused child niches.,
CD000148,Cat Memorial,Mid,Declining,Mature / Declining,0.0,Low-Medium,Declining,Watchlist,Validate further before assigning research.,
CD000215,Cat Mom Apparel,Mid,Growing,Growth Market,0.0,Low-Medium,Evergreen,Watchlist,Validate ranking durability and research focused child niches.,
CD000094,Cat Mom Cat Lover Gift,Mid,Growing,Growth Market,0.0,Low-Medium,Evergreen,Watchlist,Validate ranking durability and research focused child niches.,
CD000021,Chef Apparel,Large,Declining,Mature / Declining,0.0,Medium,Declining,Watchlist,"Research parent demand positioning, then segment into niches.",
CD000156,Chef Decor,Small,Declining,Mature / Declining,0.0,Low,Declining,Watchlist,Validate further before assigning research.,
CD000400,Chef Matching,Micro,Emerging,Early Signal,0.0,Low,Insufficient Data,Watchlist,Validate further before assigning research.,
CD000022,Christmas Boy,Large,Growing,Established Market,0.0,Medium,Q4 Seasonal,Watchlist,Research seasonal segments and validate timing windows.,
CD000384,Christmas Boy,Micro,Emerging,Early Signal,0.0,Low,Insufficient Data,Watchlist,Validate further before assigning research.,
CD000054,Christmas Boy Gift,Mid,Growing,Growth Market,0.0,Low-Medium,Q4 Seasonal,Watchlist,Research seasonal segments and validate timing windows.,
CD000322,Christmas Camping,Micro,Growing,Growth Market,0.0,Low,Q4 Seasonal,Watchlist,Research seasonal segments and validate timing windows.,
CD000032,Christmas Cat,Mid,Growing,Growth Market,0.0,Medium,Q4 Seasonal,Watchlist,Research seasonal segments and validate timing windows.,
CD000266,Christmas Cat,Micro,Growing,Growth Market,0.0,Low,Q4 Seasonal,Watchlist,Research seasonal segments and validate timing windows.,
CD000376,Christmas Cat,Micro,Growing,Growth Market,0.0,Low,Q4 Seasonal,Watchlist,Research seasonal segments and validate timing windows.,
CD000385,Christmas Cat Gardening,Micro,Unproven,Early Signal,0.0,Low,Insufficient Data,Watchlist,Validate further before assigning research.,
CD000079,Christmas Cat Gift,Mid,Growing,Growth Market,0.0,Low-Medium,Q4 Seasonal,Watchlist,Research seasonal segments and validate timing windows.,
CD000333,Christmas Cat Gift,Micro,Growing,Growth Market,0.0,Low,Q4 Seasonal,Watchlist,Research seasonal segments and validate timing windows.,
CD000278,Christmas Chef,Micro,Declining,Mature / Declining,0.0,Low,Q4 Seasonal,Watchlist,Research seasonal segments and validate timing windows.,
CD000061,Christmas Coffee,Mid,Growing,Growth Market,0.0,Low-Medium,Q4 Seasonal,Watchlist,Research seasonal segments and validate timing windows.,
CD000290,Christmas Coffee Gift,Micro,Growing,Growth Market,0.0,Low,Q4 Seasonal,Watchlist,Research seasonal segments and validate timing windows.,
CD000118,Christmas Dad,Small,Growing,Growth Market,0.0,Low,Q4 Seasonal,Watchlist,Research seasonal segments and validate timing windows.,
CD000012,Christmas Dad Gift,Large,Growing,Established Market,0.0,Medium,Q4 Seasonal,Watchlist,Research seasonal segments and validate timing windows.,
CD000339,Christmas Dad Gift,Micro,Growing,Growth Market,0.0,Low,Q4 Seasonal,Watchlist,Research seasonal segments and validate timing windows.,
CD000158,Christmas Daughter,Mid,Growing,Growth Market,0.0,Low-Medium,Q4 Seasonal,Watchlist,Research seasonal segments and validate timing windows.,
CD000169,Christmas Daughter Gift,Mid,Growing,Growth Market,0.0,Low-Medium,Q4 Seasonal,Watchlist,Research seasonal segments and validate timing windows.,
CD000019,Christmas Dog,Large,Growing,Established Market,0.0,Medium,Q4 Seasonal,Watchlist,Research seasonal segments and validate timing windows.,
CD000388,Christmas Dog,Micro,Emerging,Early Signal,0.0,Low,Insufficient Data,Watchlist,Validate further before assigning research.,
CD000016,Christmas Dog Gift,Large,Growing,Established Market,0.0,Medium,Q4 Seasonal,Watchlist,Research seasonal segments and validate timing windows.,
CD000264,Christmas Electrician,Micro,Growing,Growth Market,0.0,Low,Q4 Seasonal,Watchlist,Research seasonal segments and validate timing windows.,
CD000284,Christmas Firefighter,Micro,Growing,Growth Market,0.0,Low,Q4 Seasonal,Watchlist,Research seasonal segments and validate timing windows.,
CD000195,Christmas Fishing,Micro,Growing,Growth Market,0.0,Low,Q4 Seasonal,Watchlist,Research seasonal segments and validate timing windows.,
CD000291,Christmas Gaming,Micro,Declining,Mature / Declining,0.0,Low,Q4 Seasonal,Watchlist,Research seasonal segments and validate timing windows.,
CD000028,Christmas Gardening,Mid,Growing,Growth Market,0.0,Low-Medium,Q4 Seasonal,Watchlist,Research seasonal segments and validate timing windows.,
CD000308,Christmas Gardening,Micro,Unproven,Early Signal,0.0,Low,Insufficient Data,Watchlist,Validate further before assigning research.,
CD000018,Christmas Girl,Large,Growing,Established Market,0.0,Medium,Q4 Seasonal,Watchlist,Research seasonal segments and validate timing windows.,
CD000049,Christmas Girl Gift,Mid,Growing,Growth Market,0.0,Low-Medium,Q4 Seasonal,Watchlist,Research seasonal segments and validate timing windows.,
CD000254,Christmas Grandma,Micro,Growing,Growth Market,0.0,Low,Q4 Seasonal,Watchlist,Research seasonal segments and validate timing windows.,
CD000043,Christmas Grandma Gift,Mid,Growing,Growth Market,0.0,Low-Medium,Q4 Seasonal,Watchlist,Research seasonal segments and validate timing windows.,
CD000292,Christmas Grandpa,Micro,Growing,Growth Market,0.0,Low,Q4 Seasonal,Watchlist,Research seasonal segments and validate timing windows.,
CD000112,Christmas Grandpa Gift,Mid,Growing,Growth Market,0.0,Low-Medium,Q4 Seasonal,Watchlist,Research seasonal segments and validate timing windows.,
CD000279,Christmas Hairstylist,Micro,Growing,Growth Market,0.0,Low,Q4 Seasonal,Watchlist,Research seasonal segments and validate timing windows.,
CD000230,Christmas Hunting,Micro,Growing,Growth Market,0.0,Low,Q4 Seasonal,Watchlist,Research seasonal segments and validate timing windows.,
CD000092,Christmas Husband,Small,Growing,Growth Market,0.0,Low,Q4 Seasonal,Watchlist,Research seasonal segments and validate timing windows.,
CD000362,Christmas Husband,Micro,Emerging,Early Signal,0.0,Low,Insufficient Data,Watchlist,Validate further before assigning research.,
CD000050,Christmas Husband Gift,Mid,Growing,Growth Market,0.0,Low-Medium,Q4 Seasonal,Watchlist,Research seasonal segments and validate timing windows.,
CD000111,Christmas Mom,Small,Growing,Growth Market,0.0,Low,Q4 Seasonal,Watchlist,Research seasonal segments and validate timing windows.,
CD000008,Christmas Mom Gift,Large,Growing,Established Market,0.0,Medium,Q4 Seasonal,Watchlist,Research seasonal segments and validate timing windows.,
CD000377,Christmas Mom Gift,Micro,Emerging,Early Signal,0.0,Low,Insufficient Data,Watchlist,Validate further before assigning research.,
CD000141,Christmas Nurse,Small,Growing,Growth Market,0.0,Low,Q4 Seasonal,Watchlist,Research seasonal segments and validate timing windows.,
CD000187,Christmas Nurse Gift,Micro,Growing,Growth Market,0.0,Low,Q4 Seasonal,Watchlist,Research seasonal segments and validate timing windows.,
CD000225,Christmas Pickleball,Mid,Growing,Growth Market,0.0,Low-Medium,Q4 Seasonal,Watchlist,Research seasonal segments and validate timing windows.,
CD000324,Christmas Police Officer,Micro,Declining,Mature / Declining,0.0,Low,Q4 Seasonal,Watchlist,Research seasonal segments and validate timing windows.,
CD000272,Christmas Reading,Micro,Growing,Growth Market,0.0,Low,Q4 Seasonal,Watchlist,Research seasonal segments and validate timing windows.,
CD000188,Christmas Soccer,Small,Growing,Growth Market,0.0,Low,Q4 Seasonal,Watchlist,Research seasonal segments and validate timing windows.,
CD000344,Christmas Soccer Gift,Micro,Growing,Growth Market,0.0,Low,Q4 Seasonal,Watchlist,Research seasonal segments and validate timing windows.,
CD000153,Christmas Son,Small,Growing,Growth Market,0.0,Low,Q4 Seasonal,Watchlist,Research seasonal segments and validate timing windows.,
CD000198,Christmas Son Gift,Micro,Growing,Growth Market,0.0,Low,Q4 Seasonal,Watchlist,Research seasonal segments and validate timing windows.,
CD000143,Christmas Teacher,Small,Growing,Growth Market,0.0,Low,Q4 Seasonal,Watchlist,Research seasonal segments and validate timing windows.,
CD000020,Christmas Teacher Gift,Large,Growing,Established Market,0.0,Medium,Q4 Seasonal,Watchlist,Research seasonal segments and validate timing windows.,
CD000174,Christmas Truck Driver,Small,Growing,Growth Market,0.0,Low,Q4 Seasonal,Watchlist,Research seasonal segments and validate timing windows.,
CD000099,Christmas Wife,Small,Growing,Growth Market,0.0,Low,Q4 Seasonal,Watchlist,Research seasonal segments and validate timing windows.,
CD000346,Christmas Wife,Micro,Emerging,Early Signal,0.0,Low,Insufficient Data,Watchlist,Validate further before assigning research.,
CD000030,Christmas Wife Gift,Mid,Growing,Growth Market,0.0,Medium,Q4 Seasonal,Watchlist,Research seasonal segments and validate timing windows.,
CD000286,Christmas Yoga,Micro,Growing,Growth Market,0.0,Low,Q4 Seasonal,Watchlist,Research seasonal segments and validate timing windows.,
CD000101,Coffee Apparel,Small,Declining,Mature / Declining,0.0,Low,Declining,Watchlist,Validate further before assigning research.,
CD000304,Coffee Birthday,Micro,Declining,Mature / Declining,0.0,Low,Declining,Watchlist,Validate further before assigning research.,
CD000073,Coffee Coffee Lover Gift,Mid,Growing,Growth Market,0.0,Low-Medium,Evergreen,Watchlist,Validate ranking durability and research focused child niches.,
CD000391,Coffee Funny Gift,Micro,Emerging,Early Signal,0.0,Low,Insufficient Data,Watchlist,Validate further before assigning research.,
CD000064,Coffee Matching,Mid,Declining,Mature / Declining,0.0,Low-Medium,Declining,Watchlist,Validate further before assigning research.,
CD000380,Coffee Retirement,Micro,Growing,Growth Market,0.0,Low,Evergreen,Watchlist,Validate ranking durability and research focused child niches.,
CD000119,Coffee Wedding,Mid,Declining,Mature / Declining,0.0,Low-Medium,Holiday Seasonal,Watchlist,Research seasonal segments and validate timing windows.,
CD000069,Dad Apparel,Mid,Growing,Growth Market,0.0,Low-Medium,Evergreen,Watchlist,Validate ranking durability and research focused child niches.,
CD000104,Dad Apparel,Small,Growing,Growth Market,0.0,Low,Evergreen,Watchlist,Validate ranking durability and research focused child niches.,
CD000114,Dad Apparel,Mid,Growing,Growth Market,0.0,Low-Medium,Evergreen,Watchlist,Validate ranking durability and research focused child niches.,
CD000260,Dad Apparel,Micro,Growing,Growth Market,0.0,Low,Evergreen,Watchlist,Validate ranking durability and research focused child niches.,
CD000237,Dad Apparel,Micro,Growing,Growth Market,0.0,Low,Evergreen,Watchlist,Validate ranking durability and research focused child niches.,
CD000124,Dad Birthday,Mid,Declining,Mature / Declining,0.0,Low-Medium,Declining,Watchlist,Validate further before assigning research.,
CD000317,Dad Birthday,Micro,Declining,Mature / Declining,0.0,Low,Declining,Watchlist,Validate further before assigning research.,
CD000095,Dad Cat Lover Gift,Mid,Growing,Growth Market,0.0,Low-Medium,Evergreen,Watchlist,Validate ranking durability and research focused child niches.,
CD000134,Dad Dog Lover Gift,Mid,Growing,Growth Market,0.0,Low-Medium,Evergreen,Watchlist,Validate ranking durability and research focused child niches.,
CD000316,Dad Faith Gift,Micro,Growing,Growth Market,0.0,Low,Evergreen,Watchlist,Validate ranking durability and research focused child niches.,
CD000280,Dad Fishing Gift,Micro,Growing,Growth Market,0.0,Low,Evergreen,Watchlist,Validate ranking durability and research focused child niches.,
CD000108,Dad Funny Gift,Small,Growing,Growth Market,0.0,Low,Evergreen,Watchlist,Validate ranking durability and research focused child niches.,
CD000332,Dad Hunting Gift,Micro,Growing,Growth Market,0.0,Low,Evergreen,Watchlist,Validate ranking durability and research focused child niches.,
CD000173,Dad Memorial,Small,Growing,Growth Market,0.0,Low,Evergreen,Watchlist,Validate ranking durability and research focused child niches.,
CD000299,Dad Soccer Apparel,Micro,Declining,Mature / Declining,0.0,Low,Declining,Watchlist,Validate further before assigning research.,
CD000347,Dad Soccer Gift,Micro,Emerging,Early Signal,0.0,Low,Insufficient Data,Watchlist,Validate further before assigning research.,
CD000068,Dad Wedding,Mid,Established,Validation Market,0.0,Low-Medium,Holiday Seasonal,Watchlist,Research seasonal segments and validate timing windows.,
CD000321,Daughter Anniversary,Micro,Declining,Mature / Declining,0.0,Low,Declining,Watchlist,Validate further before assigning research.,
CD000070,Daughter Apparel,Mid,Growing,Growth Market,0.0,Low-Medium,Evergreen,Watchlist,Validate ranking durability and research focused child niches.,
CD000140,Daughter Birthday,Small,Declining,Mature / Declining,0.0,Low,Declining,Watchlist,Validate further before assigning research.,
CD000399,Daughter Funny Gift,Micro,Emerging,Early Signal,0.0,Low,Insufficient Data,Watchlist,Validate further before assigning research.,
CD000354,Daughter Wedding,Micro,Declining,Mature / Declining,0.0,Low,Holiday Seasonal,Watchlist,Research seasonal segments and validate timing windows.,
CD000024,Dog Apparel,Large,Growing,Established Market,0.0,Medium,Evergreen,Watchlist,"Research parent demand positioning, then segment into niches.",
CD000123,Dog Apparel,Mid,Growing,Growth Market,0.0,Low-Medium,Evergreen,Watchlist,Validate ranking durability and research focused child niches.,
CD000155,Dog Apparel,Small,Growing,Growth Market,0.0,Low,Evergreen,Watchlist,Validate ranking durability and research focused child niches.,
CD000309,Dog Apparel,Micro,Growing,Growth Market,0.0,Low,Evergreen,Watchlist,Validate ranking durability and research focused child niches.,
CD000389,Dog Apparel,Micro,Emerging,Early Signal,0.0,Low,Insufficient Data,Watchlist,Validate further before assigning research.,
CD000386,Dog Appreciation,Micro,Declining,Mature / Declining,0.0,Low,Holiday Seasonal,Watchlist,Research seasonal segments and validate timing windows.,
CD000053,Dog Birthday,Mid,Declining,Mature / Declining,0.0,Low-Medium,Declining,Watchlist,Validate further before assigning research.,
CD000096,Dog Dog Lover Gift,Mid,Growing,Growth Market,0.0,Low-Medium,Evergreen,Watchlist,Validate ranking durability and research focused child niches.,
CD000287,Dog Funny Gift,Micro,Growing,Growth Market,0.0,Low,Evergreen,Watchlist,Validate ranking durability and research focused child niches.,
CD000358,Dog Graduation,Micro,Declining,Mature / Declining,0.0,Low,Holiday Seasonal,Watchlist,Research seasonal segments and validate timing windows.,
CD000154,Dog Mom Apparel,Mid,Growing,Growth Market,0.0,Low-Medium,Evergreen,Watchlist,Validate ranking durability and research focused child niches.,
CD000062,Dog Mom Dog Lover Gift,Mid,Growing,Growth Market,0.0,Medium,Evergreen,Watchlist,Validate ranking durability and research focused child niches.,
CD000282,Dog Sympathy,Micro,Declining,Mature / Declining,0.0,Low,Declining,Watchlist,Validate further before assigning research.,
CD000356,Electrician Apparel,Micro,Growing,Growth Market,0.0,Low,Evergreen,Watchlist,Validate ranking durability and research focused child niches.,
CD000056,Firefighter Apparel,Mid,Declining,Mature / Declining,0.0,Low-Medium,Declining,Watchlist,Validate further before assigning research.,
CD000374,Firefighter Decor,Micro,Declining,Mature / Declining,0.0,Low,Declining,Watchlist,Validate further before assigning research.,
CD000063,Fishing Apparel,Mid,Growing,Growth Market,0.0,Low-Medium,Evergreen,Watchlist,Validate ranking durability and research focused child niches.,
CD000186,Fishing Apparel,Small,Growing,Growth Market,0.0,Low,Evergreen,Watchlist,Validate ranking durability and research focused child niches.,
CD000172,Fishing Birthday,Small,Declining,Mature / Declining,0.0,Low,Declining,Watchlist,Validate further before assigning research.,
CD000218,Fishing Decor,Micro,Established,Validation Market,0.0,Low,Evergreen,Watchlist,Validate further before assigning research.,
CD000200,Fishing Funny Gift,Micro,Growing,Growth Market,0.0,Low,Evergreen,Watchlist,Validate ranking durability and research focused child niches.,
CD000185,Gaming Apparel,Small,Growing,Growth Market,0.0,Low,Evergreen,Watchlist,Validate ranking durability and research focused child niches.,
CD000175,Gaming Birthday,Small,Declining,Mature / Declining,0.0,Low,Declining,Watchlist,Validate further before assigning research.,
CD000288,Gaming Matching,Micro,Growing,Growth Market,0.0,Low,Evergreen,Watchlist,Validate ranking durability and research focused child niches.,
CD000274,Gardening Apparel,Micro,Established,Validation Market,0.0,Low,Evergreen,Watchlist,Validate further before assigning research.,
CD000338,Gardening Appreciation,Micro,Declining,Mature / Declining,0.0,Low,Holiday Seasonal,Watchlist,Research seasonal segments and validate timing windows.,
CD000294,Gardening Birthday,Micro,Declining,Mature / Declining,0.0,Low,Declining,Watchlist,Validate further before assigning research.,
CD000276,Gardening Memorial,Micro,Declining,Mature / Declining,0.0,Low,Declining,Watchlist,Validate further before assigning research.,
CD000243,Gardening Wedding,Micro,Declining,Mature / Declining,0.0,Low,Holiday Seasonal,Watchlist,Research seasonal segments and validate timing windows.,
CD000236,Girl American Gift,Micro,Growing,Growth Market,0.0,Low,Evergreen,Watchlist,Validate ranking durability and research focused child niches.,
CD000033,Girl Apparel,Mid,Growing,Growth Market,0.0,Medium,Evergreen,Watchlist,Validate ranking durability and research focused child niches.,
CD000076,Girl Apparel,Mid,Growing,Growth Market,0.0,Low-Medium,Evergreen,Watchlist,Validate ranking durability and research focused child niches.,
CD000127,Girl Apparel,Small,Growing,Growth Market,0.0,Low,Evergreen,Watchlist,Validate ranking durability and research focused child niches.,
CD000010,Girl Apparel,Large,Declining,Mature / Declining,0.0,Medium,Declining,Watchlist,"Research parent demand positioning, then segment into niches.",
CD000383,Girl Apparel,Micro,Unproven,Validation Market,0.0,Low,Evergreen,Watchlist,Validate further before assigning research.,
CD000318,Girl Apparel,Micro,Emerging,Early Signal,0.0,Low,Insufficient Data,Watchlist,Validate further before assigning research.,
CD000147,Girl Apparel,Small,Declining,Mature / Declining,0.0,Low,Declining,Watchlist,Validate further before assigning research.,
CD000277,Girl Apparel,Mid,Declining,Mature / Declining,0.0,Low-Medium,Declining,Watchlist,Validate further before assigning research.,
CD000345,Girl Apparel,Micro,Declining,Mature / Declining,0.0,Low,Declining,Watchlist,Validate further before assigning research.,
CD000330,Girl Apparel,Micro,Declining,Mature / Declining,0.0,Low,Declining,Watchlist,Validate further before assigning research.,
CD000296,Girl Appreciation,Micro,Growing,Growth Market,0.0,Low,Holiday Seasonal,Watchlist,Research seasonal segments and validate timing windows.,
CD000066,Girl Birthday,Mid,Declining,Mature / Declining,0.0,Low-Medium,Declining,Watchlist,Validate further before assigning research.,
CD000196,Girl Country Girl Gift,Small,Growing,Growth Market,0.0,Low,Evergreen,Watchlist,Validate ranking durability and research focused child niches.,
CD000360,Girl Cowgirl Gift,Micro,Growing,Growth Market,0.0,Low,Evergreen,Watchlist,Validate ranking durability and research focused child niches.,
CD000232,Girl Faith Gift,Micro,Growing,Growth Market,0.0,Low,Evergreen,Watchlist,Validate ranking durability and research focused child niches.,
CD000138,Girl Floral Gift,Mid,Declining,Mature / Declining,0.0,Low-Medium,Declining,Watchlist,Validate further before assigning research.,
CD000363,Girl Funny Gift,Micro,Growing,Growth Market,0.0,Low,Evergreen,Watchlist,Validate ranking durability and research focused child niches.,
CD000247,Girl Gaming Gift,Micro,Growing,Growth Market,0.0,Low,Evergreen,Watchlist,Validate ranking durability and research focused child niches.,
CD000306,Girl Hunting Apparel,Micro,Established,Validation Market,0.0,Low,Evergreen,Watchlist,Validate further before assigning research.,
CD000245,Girl Hunting Gift,Micro,Growing,Growth Market,0.0,Low,Evergreen,Watchlist,Validate ranking durability and research focused child niches.,
CD000300,Girl Soccer Apparel,Micro,Declining,Mature / Declining,0.0,Low,Declining,Watchlist,Validate further before assigning research.,
CD000142,Girl Soccer Gift,Small,Growing,Growth Market,0.0,Low,Evergreen,Watchlist,Validate ranking durability and research focused child niches.,
CD000216,Graduation Nurse Gift,Micro,Growing,Growth Market,0.0,Low,Holiday Seasonal,Watchlist,Research seasonal segments and validate timing windows.,
CD000223,Grandma Anniversary,Mid,Declining,Mature / Declining,0.0,Low-Medium,Declining,Watchlist,Validate further before assigning research.,
CD000057,Grandma Apparel,Mid,Growing,Growth Market,0.0,Low-Medium,Evergreen,Watchlist,Validate ranking durability and research focused child niches.,
CD000228,Grandma Birthday,Micro,Declining,Mature / Declining,0.0,Low,Declining,Watchlist,Validate further before assigning research.,
CD000131,Grandma Decor,Small,Declining,Mature / Declining,0.0,Low,Declining,Watchlist,Validate further before assigning research.,
CD000328,Grandma Faith Gift,Micro,Emerging,Early Signal,0.0,Low,Insufficient Data,Watchlist,Validate further before assigning research.,
CD000246,Grandma Funny Gift,Micro,Growing,Growth Market,0.0,Low,Evergreen,Watchlist,Validate ranking durability and research focused child niches.,
CD000342,Grandma Gardening Gift,Micro,Emerging,Early Signal,0.0,Low,Insufficient Data,Watchlist,Validate further before assigning research.,
CD000105,Grandpa Apparel,Small,Growing,Growth Market,0.0,Low,Evergreen,Watchlist,Validate ranking durability and research focused child niches.,
CD000229,Grandpa Apparel,Micro,Growing,Growth Market,0.0,Low,Evergreen,Watchlist,Validate ranking durability and research focused child niches.,
CD000281,Grandpa Birthday,Micro,Declining,Mature / Declining,0.0,Low,Declining,Watchlist,Validate further before assigning research.,
CD000370,Grandpa Fishing Gift,Micro,Emerging,Early Signal,0.0,Low,Insufficient Data,Watchlist,Validate further before assigning research.,
CD000242,Grandpa Funny Gift,Mid,Growing,Growth Market,0.0,Low-Medium,Evergreen,Watchlist,Validate ranking durability and research focused child niches.,
CD000251,Halloween Boy Gift,Micro,Growing,Growth Market,0.0,Low,Q4 Seasonal,Watchlist,Research seasonal segments and validate timing windows.,
CD000214,Halloween Girl Gift,Micro,Growing,Growth Market,0.0,Low,Q4 Seasonal,Watchlist,Research seasonal segments and validate timing windows.,
CD000163,Halloween Teacher Gift,Mid,Growing,Growth Market,0.0,Low-Medium,Q4 Seasonal,Watchlist,Research seasonal segments and validate timing windows.,
CD000269,Hunting Apparel,Micro,Growing,Growth Market,0.0,Low,Evergreen,Watchlist,Validate ranking durability and research focused child niches.,
CD000083,Hunting Apparel,Mid,Declining,Mature / Declining,0.0,Low-Medium,Declining,Watchlist,Validate further before assigning research.,
CD000167,Hunting Birthday,Mid,Declining,Mature / Declining,0.0,Low-Medium,Declining,Watchlist,Validate further before assigning research.,
CD000217,Hunting Decor,Small,Growing,Growth Market,0.0,Low,Evergreen,Watchlist,Validate ranking durability and research focused child niches.,
CD000323,Hunting Funny Gift,Micro,Growing,Growth Market,0.0,Low,Evergreen,Watchlist,Validate ranking durability and research focused child niches.,
CD000192,Hunting Matching,Mid,Growing,Growth Market,0.0,Low-Medium,Evergreen,Watchlist,Validate ranking durability and research focused child niches.,
CD000067,Husband Anniversary,Mid,Declining,Mature / Declining,0.0,Low-Medium,Declining,Watchlist,Validate further before assigning research.,
CD000329,Husband Anniversary,Micro,Declining,Mature / Declining,0.0,Low,Declining,Watchlist,Validate further before assigning research.,
CD000219,Husband Apparel,Micro,Established,Validation Market,0.0,Low,Evergreen,Watchlist,Validate further before assigning research.,
CD000077,Husband Birthday,Mid,Declining,Mature / Declining,0.0,Low-Medium,Declining,Watchlist,Validate further before assigning research.,
CD000312,Husband Birthday,Micro,Declining,Mature / Declining,0.0,Low,Declining,Watchlist,Validate further before assigning research.,
CD000233,Husband Funny Gift,Micro,Growing,Growth Market,0.0,Low,Evergreen,Watchlist,Validate ranking durability and research focused child niches.,
CD000315,Husband Gaming Gift,Micro,Growing,Growth Market,0.0,Low,Evergreen,Watchlist,Validate ranking durability and research focused child niches.,
CD000381,Husband Sympathy,Micro,Declining,Mature / Declining,0.0,Low,Declining,Watchlist,Validate further before assigning research.,
CD000037,Mom Apparel,Mid,Growing,Growth Market,0.0,Low-Medium,Evergreen,Watchlist,Validate ranking durability and research focused child niches.,
CD000209,Mom Apparel,Small,Growing,Growth Market,0.0,Low,Evergreen,Watchlist,Validate ranking durability and research focused child niches.,
CD000168,Mom Apparel,Small,Growing,Growth Market,0.0,Low,Evergreen,Watchlist,Validate ranking durability and research focused child niches.,
CD000307,Mom Apparel,Micro,Unproven,Early Signal,0.0,Low,Insufficient Data,Watchlist,Validate further before assigning research.,
CD000373,Mom Apparel,Micro,Unproven,Early Signal,0.0,Low,Insufficient Data,Watchlist,Validate further before assigning research.,
CD000113,Mom Birthday,Mid,Declining,Mature / Declining,0.0,Low-Medium,Declining,Watchlist,Validate further before assigning research.,
CD000359,Mom Birthday,Micro,Declining,Mature / Declining,0.0,Low,Declining,Watchlist,Validate further before assigning research.,
CD000226,Mom Decor,Small,Declining,Mature / Declining,0.0,Low,Declining,Watchlist,Validate further before assigning research.,
CD000204,Mom Faith Gift,Micro,Growing,Growth Market,0.0,Low,Evergreen,Watchlist,Validate ranking durability and research focused child niches.,
CD000159,Mom Funny Gift,Small,Growing,Growth Market,0.0,Low,Evergreen,Watchlist,Validate ranking durability and research focused child niches.,
CD000337,Mom Gardening Gift,Micro,Emerging,Early Signal,0.0,Low,Insufficient Data,Watchlist,Validate further before assigning research.,
CD000145,Mom Memorial,Small,Growing,Growth Market,0.0,Low,Evergreen,Watchlist,Validate ranking durability and research focused child niches.,
CD000082,Mom Soccer Apparel,Mid,Declining,Mature / Declining,0.0,Low-Medium,Declining,Watchlist,Validate further before assigning research.,
CD000302,Mom Soccer Gift,Micro,Growing,Growth Market,0.0,Low,Evergreen,Watchlist,Validate ranking durability and research focused child niches.,
CD000303,Mom Sympathy,Micro,Declining,Mature / Declining,0.0,Low,Declining,Watchlist,Validate further before assigning research.,
CD000366,Mother's Day Mom Gift,Micro,Growing,Growth Market,0.0,Low,Holiday Seasonal,Watchlist,Research seasonal segments and validate timing windows.,
CD000103,Nurse Apparel,Small,Growing,Growth Market,0.0,Low,Evergreen,Watchlist,Validate ranking durability and research focused child niches.,
CD000136,Nurse Apparel,Small,Growing,Growth Market,0.0,Low,Evergreen,Watchlist,Validate ranking durability and research focused child niches.,
CD000180,Nurse Apparel,Micro,Growing,Growth Market,0.0,Low,Evergreen,Watchlist,Validate ranking durability and research focused child niches.,
CD000375,Nurse Apparel,Micro,Emerging,Early Signal,0.0,Low,Insufficient Data,Watchlist,Validate further before assigning research.,
CD000311,Nurse Appreciation,Micro,Established,Validation Market,0.0,Low,Holiday Seasonal,Watchlist,Research seasonal segments and validate timing windows.,
CD000263,Nurse Decor,Micro,Declining,Mature / Declining,0.0,Low,Declining,Watchlist,Validate further before assigning research.,
CD000197,Nurse Funny Gift,Small,Growing,Growth Market,0.0,Low,Evergreen,Watchlist,Validate ranking durability and research focused child niches.,
CD000289,Nurse Graduation,Micro,Growing,Growth Market,0.0,Low,Holiday Seasonal,Watchlist,Research seasonal segments and validate timing windows.,
CD000313,Nurse Matching,Micro,Unproven,Early Signal,0.0,Low,Insufficient Data,Watchlist,Validate further before assigning research.,
CD000234,Personalized Boy,Micro,Growing,Growth Market,0.0,Low,Evergreen,Watchlist,Validate ranking durability and research focused child niches.,
CD000273,Personalized Boy,Micro,Unproven,Early Signal,0.0,Low,Insufficient Data,Watchlist,Validate further before assigning research.,
CD000170,Personalized Cat,Small,Declining,Mature / Declining,0.0,Low,Declining,Watchlist,Validate further before assigning research.,
CD000305,Personalized Cat,Micro,Declining,Mature / Declining,0.0,Low,Declining,Watchlist,Validate further before assigning research.,
CD000395,Personalized Chef,Micro,Growing,Growth Market,0.0,Low,Evergreen,Watchlist,Validate ranking durability and research focused child niches.,
CD000086,Personalized Coffee,Mid,Growing,Growth Market,0.0,Low-Medium,Evergreen,Watchlist,Validate ranking durability and research focused child niches.,
CD000398,Personalized Dad,Micro,Emerging,Early Signal,0.0,Low,Insufficient Data,Watchlist,Validate further before assigning research.,
CD000106,Personalized Dog,Mid,Growing,Growth Market,0.0,Low-Medium,Evergreen,Watchlist,Validate ranking durability and research focused child niches.,
CD000017,Personalized Dog,Large,Declining,Mature / Declining,0.0,Medium,Declining,Watchlist,"Research parent demand positioning, then segment into niches.",
CD000310,Personalized Dog,Micro,Declining,Mature / Declining,0.0,Low,Declining,Watchlist,Validate further before assigning research.,
CD000397,Personalized Fishing,Micro,Declining,Mature / Declining,0.0,Low,Declining,Watchlist,Validate further before assigning research.,
CD000298,Personalized Gardening,Micro,Declining,Mature / Declining,0.0,Low,Declining,Watchlist,Validate further before assigning research.,
CD000179,Personalized Girl,Small,Growing,Growth Market,0.0,Low,Evergreen,Watchlist,Validate ranking durability and research focused child niches.,
CD000222,Personalized Girl,Micro,Growing,Growth Market,0.0,Low,Evergreen,Watchlist,Validate ranking durability and research focused child niches.,
CD000275,Personalized Grandma,Micro,Growing,Growth Market,0.0,Low,Evergreen,Watchlist,Validate ranking durability and research focused child niches.,
CD000325,Personalized Mom,Micro,Growing,Growth Market,0.0,Low,Evergreen,Watchlist,Validate ranking durability and research focused child niches.,
CD000379,Personalized Mom Soccer,Micro,Unproven,Early Signal,0.0,Low,Insufficient Data,Watchlist,Validate further before assigning research.,
CD000364,Personalized Pickleball,Micro,Growing,Growth Market,0.0,Low,Evergreen,Watchlist,Validate ranking durability and research focused child niches.,
CD000268,Personalized Police Officer,Micro,Unproven,Early Signal,0.0,Low,Insufficient Data,Watchlist,Validate further before assigning research.,
CD000393,Personalized Reading,Micro,Growing,Growth Market,0.0,Low,Evergreen,Watchlist,Validate ranking durability and research focused child niches.,
CD000121,Personalized Soccer,Small,Declining,Mature / Declining,0.0,Low,Declining,Watchlist,Validate further before assigning research.,
CD000351,Personalized Teacher,Micro,Declining,Mature / Declining,0.0,Low,Declining,Watchlist,Validate further before assigning research.,
CD000220,Personalized Truck Driver,Small,Declining,Mature / Declining,0.0,Low,Declining,Watchlist,Validate further before assigning research.,
CD000189,Pickleball Apparel,Small,Growing,Growth Market,0.0,Low,Evergreen,Watchlist,Validate ranking durability and research focused child niches.,
CD000348,Pickleball Apparel,Micro,Growing,Growth Market,0.0,Low,Evergreen,Watchlist,Validate ranking durability and research focused child niches.,
CD000365,Pickleball Apparel,Micro,Unproven,Early Signal,0.0,Low,Insufficient Data,Watchlist,Validate further before assigning research.,
CD000378,Pickleball Birthday,Micro,Declining,Mature / Declining,0.0,Low,Declining,Watchlist,Validate further before assigning research.,
CD000326,Pickleball Decor,Micro,Declining,Mature / Declining,0.0,Low,Declining,Watchlist,Validate further before assigning research.,
CD000293,Pickleball Funny Gift,Micro,Growing,Growth Market,0.0,Low,Evergreen,Watchlist,Validate ranking durability and research focused child niches.,
CD000091,Police Officer Apparel,Small,Declining,Mature / Declining,0.0,Low,Declining,Watchlist,Validate further before assigning research.,
CD000341,Police Officer Funny Gift,Micro,Emerging,Early Signal,0.0,Low,Insufficient Data,Watchlist,Validate further before assigning research.,
CD000224,Police Officer Matching,Mid,Growing,Growth Market,0.0,Low-Medium,Evergreen,Watchlist,Validate ranking durability and research focused child niches.,
CD000205,Reading Apparel,Micro,Growing,Growth Market,0.0,Low,Evergreen,Watchlist,Validate ranking durability and research focused child niches.,
CD000327,Reading Apparel,Micro,Growing,Growth Market,0.0,Low,Evergreen,Watchlist,Validate ranking durability and research focused child niches.,
CD000045,Reading Book Lover Gift,Mid,Growing,Growth Market,0.0,Low-Medium,Evergreen,Watchlist,Validate ranking durability and research focused child niches.,
CD000164,Realtor Decor,Small,Declining,Mature / Declining,0.0,Low,Declining,Watchlist,Validate further before assigning research.,
CD000177,Realtor Gift,Mid,Growing,Growth Market,0.0,Low-Medium,Evergreen,Watchlist,Validate ranking durability and research focused child niches.,
CD000058,Soccer Apparel,Mid,Declining,Mature / Declining,0.0,Low-Medium,Declining,Watchlist,Validate further before assigning research.,
CD000334,Soccer Apparel,Micro,Unproven,Early Signal,0.0,Low,Insufficient Data,Watchlist,Validate further before assigning research.,
CD000283,Soccer Apparel,Micro,Declining,Mature / Declining,0.0,Low,Declining,Watchlist,Validate further before assigning research.,
CD000126,Soccer Birthday,Small,Declining,Mature / Declining,0.0,Low,Declining,Watchlist,Validate further before assigning research.,
CD000035,Soccer Decor,Mid,Declining,Mature / Declining,0.0,Low-Medium,Declining,Watchlist,Validate further before assigning research.,
CD000241,Son Apparel,Micro,Growing,Growth Market,0.0,Low,Evergreen,Watchlist,Validate ranking durability and research focused child niches.,
CD000161,Son Birthday,Mid,Declining,Mature / Declining,0.0,Low-Medium,Declining,Watchlist,Validate further before assigning research.,
CD000319,Son Funny Gift,Micro,Growing,Growth Market,0.0,Low,Evergreen,Watchlist,Validate ranking durability and research focused child niches.,
CD000085,Teacher Apparel,Mid,Growing,Growth Market,0.0,Low-Medium,Evergreen,Watchlist,Validate ranking durability and research focused child niches.,
CD000165,Teacher Apparel,Small,Growing,Growth Market,0.0,Low,Evergreen,Watchlist,Validate ranking durability and research focused child niches.,
CD000355,Teacher Apparel,Micro,Unproven,Validation Market,0.0,Low,Evergreen,Watchlist,Validate further before assigning research.,
CD000039,Teacher Apparel,Mid,Declining,Mature / Declining,0.0,Low-Medium,Declining,Watchlist,Validate further before assigning research.,
CD000285,Teacher Apparel,Micro,Unproven,Early Signal,0.0,Low,Insufficient Data,Watchlist,Validate further before assigning research.,
CD000244,Teacher Apparel,Micro,Declining,Mature / Declining,0.0,Low,Declining,Watchlist,Validate further before assigning research.,
CD000065,Teacher Appreciation,Mid,Growing,Growth Market,0.0,Low-Medium,Holiday Seasonal,Watchlist,Research seasonal segments and validate timing windows.,
CD000213,Teacher Decor,Micro,Declining,Mature / Declining,0.0,Low,Declining,Watchlist,Validate further before assigning research.,
CD000160,Teacher Funny Gift,Small,Growing,Growth Market,0.0,Low,Evergreen,Watchlist,Validate ranking durability and research focused child niches.,
CD000250,Thanksgiving Teacher Gift,Mid,Unproven,Early Signal,0.0,Low-Medium,Insufficient Data,Watchlist,Validate further before assigning research.,
CD000184,Truck Driver Apparel,Mid,Growing,Growth Market,0.0,Low-Medium,Evergreen,Watchlist,Validate ranking durability and research focused child niches.,
CD000036,Truck Driver Apparel,Mid,Declining,Mature / Declining,0.0,Low-Medium,Declining,Watchlist,Validate further before assigning research.,
CD000265,Truck Driver Apparel,Micro,Declining,Mature / Declining,0.0,Low,Declining,Watchlist,Validate further before assigning research.,
CD000335,Truck Driver Apparel,Micro,Declining,Mature / Declining,0.0,Low,Declining,Watchlist,Validate further before assigning research.,
CD000320,Truck Driver Apparel,Micro,Declining,Mature / Declining,0.0,Low,Declining,Watchlist,Validate further before assigning research.,
CD000267,Truck Driver Appreciation,Mid,Unproven,Early Signal,0.0,Low-Medium,Insufficient Data,Watchlist,Validate further before assigning research.,
CD000343,Truck Driver Soccer Apparel,Micro,Unproven,Early Signal,0.0,Low,Insufficient Data,Watchlist,Validate further before assigning research.,
CD000166,Valentine Husband Gift,Mid,Emerging,Early Signal,0.0,Low-Medium,Insufficient Data,Watchlist,Validate further before assigning research.,
CD000133,Wedding Dad Gift,Small,Declining,Mature / Declining,0.0,Low,Holiday Seasonal,Watchlist,Research seasonal segments and validate timing windows.,
CD000301,Wedding Daughter Gift,Micro,Declining,Mature / Declining,0.0,Low,Holiday Seasonal,Watchlist,Research seasonal segments and validate timing windows.,
CD000394,Wedding Husband Gift,Micro,Declining,Mature / Declining,0.0,Low,Holiday Seasonal,Watchlist,Research seasonal segments and validate timing windows.,
CD000088,Wedding Mom Gift,Mid,Declining,Mature / Declining,0.0,Low-Medium,Holiday Seasonal,Watchlist,Research seasonal segments and validate timing windows.,
CD000392,Wedding Son Gift,Micro,Declining,Mature / Declining,0.0,Low,Holiday Seasonal,Watchlist,Research seasonal segments and validate timing windows.,
CD000084,Wife Anniversary,Mid,Declining,Mature / Declining,0.0,Low-Medium,Declining,Watchlist,Validate further before assigning research.,
CD000151,Wife Apparel,Small,Declining,Mature / Declining,0.0,Low,Declining,Watchlist,Validate further before assigning research.,
CD000231,Wife Appreciation,Small,Declining,Mature / Declining,0.0,Low,Holiday Seasonal,Watchlist,Research seasonal segments and validate timing windows.,
CD000097,Wife Birthday,Mid,Declining,Mature / Declining,0.0,Low-Medium,Declining,Watchlist,Validate further before assigning research.,
CD000382,Wife Birthday,Micro,Declining,Mature / Declining,0.0,Low,Declining,Watchlist,Validate further before assigning research.,
CD000117,Wife Decor,Small,Declining,Mature / Declining,0.0,Low,Declining,Watchlist,Validate further before assigning research.,
CD000259,Wife Funny Gift,Micro,Growing,Growth Market,0.0,Low,Evergreen,Watchlist,Validate ranking durability and research focused child niches.,
CD000132,Yoga Apparel,Mid,Declining,Mature / Declining,0.0,Low-Medium,Declining,Watchlist,Validate further before assigning research.,
CD000369,Yoga Decor,Micro,Established,Validation Market,0.0,Low,Evergreen,Watchlist,Validate further before assigning research.,
CD000157,Yoga Gift,Mid,Growing,Growth Market,0.0,Low-Medium,Evergreen,Watchlist,Validate ranking durability and research focused child niches.,
CD000295,Yoga Matching,Micro,Declining,Mature / Declining,0.0,Low,Declining,Watchlist,Validate further before assigning research.,
