demand,stage,evidence,recommendation
Baby Mom Gift,Early Signal,Market size Micro; trend stage Emerging; 0 child segment(s); seasonality Insufficient Data.,Validate further before assigning research.
Coffee Christmas Gift,Early Signal,Market size Micro; trend stage Emerging; 0 child segment(s); seasonality Insufficient Data.,Validate further before assigning research.
Dad Fishing Gift,Early Signal,Market size Micro; trend stage Emerging; 0 child segment(s); seasonality Insufficient Data.,Validate further before assigning research.
Dad Hunting Gift,Early Signal,Market size Micro; trend stage Emerging; 0 child segment(s); seasonality Insufficient Data.,Validate further before assigning research.
Dad Kid Christmas Gift,Early Signal,Market size Micro; trend stage Emerging; 0 child segment(s); seasonality Insufficient Data.,Validate further before assigning research.
Dad Toddler Gift,Early Signal,Market size Micro; trend stage Emerging; 0 child segment(s); seasonality Insufficient Data.,Validate further before assigning research.
Gift for Teen Daughter,Early Signal,Market size Micro; trend stage Emerging; 0 child segment(s); seasonality Insufficient Data.,Validate further before assigning research.
Grandma Xmas Gift,Early Signal,Market size Micro; trend stage Emerging; 0 child segment(s); seasonality Insufficient Data.,Validate further before assigning research.
Husband Day Valentine Gift,Early Signal,Market size Mid; trend stage Emerging; 0 child segment(s); seasonality Insufficient Data.,Validate further before assigning research.
Kid Mom Gift,Early Signal,Market size Micro; trend stage Emerging; 0 child segment(s); seasonality Insufficient Data.,Validate further before assigning research.
Senior Dog Gift,Early Signal,Market size Micro; trend stage Emerging; 0 child segment(s); seasonality Insufficient Data.,Validate further before assigning research.
Thanksgiving Teacher Gift,Early Signal,Market size Mid; trend stage Unproven; 0 child segment(s); seasonality Insufficient Data.,Validate further before assigning research.
Toddler Mom Gift,Early Signal,Market size Micro; trend stage Emerging; 0 child segment(s); seasonality Insufficient Data.,Validate further before assigning research.
Baby Boy Gift,Established Market,Market size Large; trend stage Growing; 0 child segment(s); seasonality Evergreen.,"Research parent demand positioning, then segment into niches."
Baby Girl Gift,Established Market,Market size Mega; trend stage Growing; 0 child segment(s); seasonality Evergreen.,"Research parent demand positioning, then segment into niches."
Boy Christmas Gift,Established Market,Market size Large; trend stage Growing; 0 child segment(s); seasonality Q4 Seasonal.,Research seasonal segments and validate timing windows.
Cat Gift,Established Market,Market size Large; trend stage Growing; 0 child segment(s); seasonality Evergreen.,"Research parent demand positioning, then segment into niches."
Cat Lover Gift,Established Market,Market size Large; trend stage Growing; 5 child segment(s); seasonality Evergreen.,Research best child segments before broad parent-demand product work.
Coffee Gift,Established Market,Market size Large; trend stage Growing; 4 child segment(s); seasonality Evergreen.,Research best child segments before broad parent-demand product work.
Dad Christmas Gift,Established Market,Market size Large; trend stage Growing; 0 child segment(s); seasonality Q4 Seasonal.,Research seasonal segments and validate timing windows.
Dog Christmas Gift,Established Market,Market size Large; trend stage Growing; 0 child segment(s); seasonality Q4 Seasonal.,Research seasonal segments and validate timing windows.
Dog Gift,Established Market,Market size Large; trend stage Growing; 4 child segment(s); seasonality Evergreen.,Research best child segments before broad parent-demand product work.
Fishing Gift,Established Market,Market size Large; trend stage Growing; 2 child segment(s); seasonality Evergreen.,"Research parent demand positioning, then segment into niches."
Gardening Gift,Established Market,Market size Large; trend stage Growing; 2 child segment(s); seasonality Evergreen.,"Research parent demand positioning, then segment into niches."
Gift for Wife,Established Market,Market size Large; trend stage Growing; 7 child segment(s); seasonality Evergreen.,Research best child segments before broad parent-demand product work.
Girl Gift,Established Market,Market size Large; trend stage Growing; 0 child segment(s); seasonality Evergreen.,"Research parent demand positioning, then segment into niches."
Grandma Gift,Established Market,Market size Mega; trend stage Growing; 7 child segment(s); seasonality Evergreen.,Research best child segments before broad parent-demand product work.
Grandpa Gift,Established Market,Market size Mega; trend stage Growing; 5 child segment(s); seasonality Evergreen.,Research best child segments before broad parent-demand product work.
Mom Christmas Gift,Established Market,Market size Mega; trend stage Growing; 0 child segment(s); seasonality Q4 Seasonal.,Research seasonal segments and validate timing windows.
Nurse Gift,Established Market,Market size Large; trend stage Growing; 5 child segment(s); seasonality Evergreen.,Research best child segments before broad parent-demand product work.
Papa Gift,Established Market,Market size Large; trend stage Growing; 0 child segment(s); seasonality Evergreen.,"Research parent demand positioning, then segment into niches."
Pickleball Gift,Established Market,Market size Large; trend stage Growing; 2 child segment(s); seasonality Evergreen.,"Research parent demand positioning, then segment into niches."
Soccer Gift,Established Market,Market size Large; trend stage Growing; 3 child segment(s); seasonality Evergreen.,Research best child segments before broad parent-demand product work.
Teacher Appreciation Gift,Established Market,Market size Large; trend stage Growing; 0 child segment(s); seasonality Holiday Seasonal.,Research seasonal segments and validate timing windows.
Teacher Christmas Gift,Established Market,Market size Large; trend stage Growing; 0 child segment(s); seasonality Q4 Seasonal.,Research seasonal segments and validate timing windows.
Wife Christmas Gift,Established Market,Market size Large; trend stage Growing; 0 child segment(s); seasonality Q4 Seasonal.,Research seasonal segments and validate timing windows.
Adult Daughter Christmas Gift,Growth Market,Market size Micro; trend stage Growing; 0 child segment(s); seasonality Q4 Seasonal.,Research seasonal segments and validate timing windows.
Adult Son Christmas Gift,Growth Market,Market size Micro; trend stage Growing; 0 child segment(s); seasonality Q4 Seasonal.,Research seasonal segments and validate timing windows.
Baby Boy Christmas Gift,Growth Market,Market size Small; trend stage Growing; 0 child segment(s); seasonality Q4 Seasonal.,Research seasonal segments and validate timing windows.
Baby Girl Christmas Gift,Growth Market,Market size Mid; trend stage Growing; 0 child segment(s); seasonality Q4 Seasonal.,Research seasonal segments and validate timing windows.
Book Lover Gift,Growth Market,Market size Mid; trend stage Growing; 0 child segment(s); seasonality Evergreen.,Validate ranking durability and research focused child niches.
Boy Gift,Growth Market,Market size Mid; trend stage Growing; 0 child segment(s); seasonality Evergreen.,Validate ranking durability and research focused child niches.
Boy Halloween Gift,Growth Market,Market size Micro; trend stage Growing; 0 child segment(s); seasonality Q4 Seasonal.,Research seasonal segments and validate timing windows.
Boy Soccer Gift,Growth Market,Market size Micro; trend stage Growing; 0 child segment(s); seasonality Evergreen.,Validate ranking durability and research focused child niches.
Boy Teen Gift,Growth Market,Market size Micro; trend stage Growing; 0 child segment(s); seasonality Evergreen.,Validate ranking durability and research focused child niches.
Camping Gift,Growth Market,Market size Mid; trend stage Growing; 2 child segment(s); seasonality Evergreen.,Validate ranking durability and research focused child niches.
Cat Cat Gift,Growth Market,Market size Micro; trend stage Growing; 0 child segment(s); seasonality Evergreen.,Validate ranking durability and research focused child niches.
Cat Cat Lover Gift,Growth Market,Market size Mid; trend stage Growing; 0 child segment(s); seasonality Evergreen.,Validate ranking durability and research focused child niches.
Cat Christmas Gift,Growth Market,Market size Mid; trend stage Growing; 0 child segment(s); seasonality Q4 Seasonal.,Research seasonal segments and validate timing windows.
Cat Dad Gift,Growth Market,Market size Mid; trend stage Growing; 0 child segment(s); seasonality Evergreen.,Validate ranking durability and research focused child niches.
Cat Girl Gift,Growth Market,Market size Mid; trend stage Growing; 0 child segment(s); seasonality Evergreen.,Validate ranking durability and research focused child niches.
Cat Lover Christmas Gift,Growth Market,Market size Micro; trend stage Growing; 0 child segment(s); seasonality Q4 Seasonal.,Research seasonal segments and validate timing windows.
Cat Mom Gift,Growth Market,Market size Mid; trend stage Growing; 0 child segment(s); seasonality Evergreen.,Validate ranking durability and research focused child niches.
Chef Gift,Growth Market,Market size Small; trend stage Growing; 2 child segment(s); seasonality Evergreen.,Validate ranking durability and research focused child niches.
Coffee Lover Gift,Growth Market,Market size Mid; trend stage Growing; 0 child segment(s); seasonality Evergreen.,Validate ranking durability and research focused child niches.
Dad Daughter Christmas Gift,Growth Market,Market size Mid; trend stage Growing; 0 child segment(s); seasonality Q4 Seasonal.,Research seasonal segments and validate timing windows.
Dad Kid Gift,Growth Market,Market size Micro; trend stage Growing; 0 child segment(s); seasonality Evergreen.,Validate ranking durability and research focused child niches.
Dad Son Christmas Gift,Growth Market,Market size Mid; trend stage Growing; 0 child segment(s); seasonality Q4 Seasonal.,Research seasonal segments and validate timing windows.
Dad Xmas Gift,Growth Market,Market size Micro; trend stage Growing; 0 child segment(s); seasonality Evergreen.,Validate ranking durability and research focused child niches.
Daughter Christmas Gift,Growth Market,Market size Mid; trend stage Growing; 0 child segment(s); seasonality Q4 Seasonal.,Research seasonal segments and validate timing windows.
Dog Dad Gift,Growth Market,Market size Small; trend stage Growing; 0 child segment(s); seasonality Evergreen.,Validate ranking durability and research focused child niches.
Dog Lover Gift,Growth Market,Market size Mid; trend stage Growing; 0 child segment(s); seasonality Evergreen.,Validate ranking durability and research focused child niches.
Dog Mom Gift,Growth Market,Market size Mid; trend stage Growing; 0 child segment(s); seasonality Evergreen.,Validate ranking durability and research focused child niches.
Dog Xmas Gift,Growth Market,Market size Micro; trend stage Growing; 0 child segment(s); seasonality Evergreen.,Validate ranking durability and research focused child niches.
Electrician Gift,Growth Market,Market size Small; trend stage Growing; 1 child segment(s); seasonality Evergreen.,Validate ranking durability and research focused child niches.
Father Christmas Gift,Growth Market,Market size Small; trend stage Growing; 0 child segment(s); seasonality Q4 Seasonal.,Research seasonal segments and validate timing windows.
Father Gift,Growth Market,Market size Mid; trend stage Growing; 0 child segment(s); seasonality Evergreen.,Validate ranking durability and research focused child niches.
Firefighter Gift,Growth Market,Market size Mid; trend stage Growing; 2 child segment(s); seasonality Evergreen.,Validate ranking durability and research focused child niches.
Fishing Boy Gift,Growth Market,Market size Mid; trend stage Growing; 0 child segment(s); seasonality Evergreen.,Validate ranking durability and research focused child niches.
Fishing Dad Gift,Growth Market,Market size Micro; trend stage Growing; 0 child segment(s); seasonality Evergreen.,Validate ranking durability and research focused child niches.
Gaming Gift,Growth Market,Market size Mid; trend stage Growing; 2 child segment(s); seasonality Evergreen.,Validate ranking durability and research focused child niches.
Gift for Adult Daughter,Growth Market,Market size Mid; trend stage Growing; 0 child segment(s); seasonality Evergreen.,Validate ranking durability and research focused child niches.
Gift for Adult Son,Growth Market,Market size Small; trend stage Growing; 0 child segment(s); seasonality Evergreen.,Validate ranking durability and research focused child niches.
Gift for Dad Daughter,Growth Market,Market size Mid; trend stage Growing; 0 child segment(s); seasonality Evergreen.,Validate ranking durability and research focused child niches.
Gift for Dad Son,Growth Market,Market size Small; trend stage Growing; 0 child segment(s); seasonality Evergreen.,Validate ranking durability and research focused child niches.
Gift for Daughter,Growth Market,Market size Mid; trend stage Growing; 5 child segment(s); seasonality Evergreen.,Validate ranking durability and research focused child niches.
Gift for Son,Growth Market,Market size Mid; trend stage Growing; 4 child segment(s); seasonality Evergreen.,Validate ranking durability and research focused child niches.
Girl Christmas Gift,Growth Market,Market size Mid; trend stage Growing; 0 child segment(s); seasonality Q4 Seasonal.,Research seasonal segments and validate timing windows.
Girl Halloween Gift,Growth Market,Market size Micro; trend stage Growing; 0 child segment(s); seasonality Q4 Seasonal.,Research seasonal segments and validate timing windows.
Girl Soccer Gift,Growth Market,Market size Mid; trend stage Growing; 0 child segment(s); seasonality Evergreen.,Validate ranking durability and research focused child niches.
Girl Teen Gift,Growth Market,Market size Micro; trend stage Growing; 0 child segment(s); seasonality Evergreen.,Validate ranking durability and research focused child niches.
Girl Xmas Gift,Growth Market,Market size Micro; trend stage Growing; 0 child segment(s); seasonality Evergreen.,Validate ranking durability and research focused child niches.
Grandfather Christmas Gift,Growth Market,Market size Micro; trend stage Growing; 0 child segment(s); seasonality Q4 Seasonal.,Research seasonal segments and validate timing windows.
Grandfather Gift,Growth Market,Market size Mid; trend stage Growing; 0 child segment(s); seasonality Evergreen.,Validate ranking durability and research focused child niches.
Grandma Christmas Gift,Growth Market,Market size Mid; trend stage Growing; 0 child segment(s); seasonality Q4 Seasonal.,Research seasonal segments and validate timing windows.
Grandmother Christmas Gift,Growth Market,Market size Mid; trend stage Growing; 0 child segment(s); seasonality Q4 Seasonal.,Research seasonal segments and validate timing windows.
Grandmother Gift,Growth Market,Market size Mid; trend stage Growing; 0 child segment(s); seasonality Evergreen.,Validate ranking durability and research focused child niches.
Grandpa Christmas Gift,Growth Market,Market size Mid; trend stage Growing; 0 child segment(s); seasonality Q4 Seasonal.,Research seasonal segments and validate timing windows.
Hairstylist Gift,Growth Market,Market size Micro; trend stage Growing; 1 child segment(s); seasonality Evergreen.,Validate ranking durability and research focused child niches.
Hunting Dad Gift,Growth Market,Market size Micro; trend stage Growing; 0 child segment(s); seasonality Evergreen.,Validate ranking durability and research focused child niches.
Hunting Gift,Growth Market,Market size Mid; trend stage Growing; 2 child segment(s); seasonality Evergreen.,Validate ranking durability and research focused child niches.
Husband Christmas Gift,Growth Market,Market size Mid; trend stage Growing; 0 child segment(s); seasonality Q4 Seasonal.,Research seasonal segments and validate timing windows.
Husband Xmas Gift,Growth Market,Market size Micro; trend stage Growing; 0 child segment(s); seasonality Evergreen.,Validate ranking durability and research focused child niches.
Kid Boy Christmas Gift,Growth Market,Market size Micro; trend stage Growing; 0 child segment(s); seasonality Q4 Seasonal.,Research seasonal segments and validate timing windows.
Kid Boy Gift,Growth Market,Market size Micro; trend stage Growing; 0 child segment(s); seasonality Evergreen.,Validate ranking durability and research focused child niches.
Kid Girl Christmas Gift,Growth Market,Market size Micro; trend stage Growing; 0 child segment(s); seasonality Q4 Seasonal.,Research seasonal segments and validate timing windows.
Kid Girl Gift,Growth Market,Market size Micro; trend stage Growing; 0 child segment(s); seasonality Evergreen.,Validate ranking durability and research focused child niches.
Male Teacher Gift,Growth Market,Market size Small; trend stage Growing; 0 child segment(s); seasonality Evergreen.,Validate ranking durability and research focused child niches.
Mama Gift,Growth Market,Market size Mid; trend stage Growing; 0 child segment(s); seasonality Evergreen.,Validate ranking durability and research focused child niches.
Mom Kid Gift,Growth Market,Market size Micro; trend stage Growing; 0 child segment(s); seasonality Evergreen.,Validate ranking durability and research focused child niches.
Mom Xmas Gift,Growth Market,Market size Mid; trend stage Growing; 0 child segment(s); seasonality Evergreen.,Validate ranking durability and research focused child niches.
Mother Christmas Gift,Growth Market,Market size Mid; trend stage Growing; 0 child segment(s); seasonality Q4 Seasonal.,Research seasonal segments and validate timing windows.
Mother Gift,Growth Market,Market size Mid; trend stage Growing; 0 child segment(s); seasonality Evergreen.,Validate ranking durability and research focused child niches.
Nurse Christmas Gift,Growth Market,Market size Micro; trend stage Growing; 0 child segment(s); seasonality Q4 Seasonal.,Research seasonal segments and validate timing windows.
Papa Christmas Gift,Growth Market,Market size Mid; trend stage Growing; 0 child segment(s); seasonality Q4 Seasonal.,Research seasonal segments and validate timing windows.
Police Gift,Growth Market,Market size Small; trend stage Growing; 0 child segment(s); seasonality Evergreen.,Validate ranking durability and research focused child niches.
Police Officer Gift,Growth Market,Market size Mid; trend stage Growing; 3 child segment(s); seasonality Evergreen.,Validate ranking durability and research focused child niches.
Reading Gift,Growth Market,Market size Mid; trend stage Growing; 1 child segment(s); seasonality Evergreen.,Validate ranking durability and research focused child niches.
Soccer Boy Gift,Growth Market,Market size Mid; trend stage Growing; 0 child segment(s); seasonality Evergreen.,Validate ranking durability and research focused child niches.
Soccer Girl Gift,Growth Market,Market size Mid; trend stage Growing; 0 child segment(s); seasonality Evergreen.,Validate ranking durability and research focused child niches.
Soccer Kid Gift,Growth Market,Market size Micro; trend stage Growing; 0 child segment(s); seasonality Evergreen.,Validate ranking durability and research focused child niches.
Son Christmas Gift,Growth Market,Market size Micro; trend stage Growing; 0 child segment(s); seasonality Q4 Seasonal.,Research seasonal segments and validate timing windows.
Teacher Halloween Gift,Growth Market,Market size Mid; trend stage Growing; 0 child segment(s); seasonality Q4 Seasonal.,Research seasonal segments and validate timing windows.
Teacher Xmas Gift,Growth Market,Market size Micro; trend stage Growing; 0 child segment(s); seasonality Evergreen.,Validate ranking durability and research focused child niches.
Teen Boy Christmas Gift,Growth Market,Market size Mid; trend stage Growing; 0 child segment(s); seasonality Q4 Seasonal.,Research seasonal segments and validate timing windows.
Teen Girl Christmas Gift,Growth Market,Market size Mid; trend stage Growing; 0 child segment(s); seasonality Q4 Seasonal.,Research seasonal segments and validate timing windows.
Toddler Boy Christmas Gift,Growth Market,Market size Mid; trend stage Growing; 0 child segment(s); seasonality Q4 Seasonal.,Research seasonal segments and validate timing windows.
Toddler Boy Gift,Growth Market,Market size Mid; trend stage Growing; 0 child segment(s); seasonality Evergreen.,Validate ranking durability and research focused child niches.
Toddler Girl Christmas Gift,Growth Market,Market size Mid; trend stage Growing; 0 child segment(s); seasonality Q4 Seasonal.,Research seasonal segments and validate timing windows.
Toddler Girl Gift,Growth Market,Market size Mid; trend stage Growing; 0 child segment(s); seasonality Evergreen.,Validate ranking durability and research focused child niches.
Truck Driver Gift,Growth Market,Market size Mid; trend stage Growing; 1 child segment(s); seasonality Evergreen.,Validate ranking durability and research focused child niches.
Wife Xmas Gift,Growth Market,Market size Mid; trend stage Growing; 0 child segment(s); seasonality Evergreen.,Validate ranking durability and research focused child niches.
Yoga Gift,Growth Market,Market size Mid; trend stage Growing; 0 child segment(s); seasonality Evergreen.,Validate ranking durability and research focused child niches.
Adult Daughter Birthday Gift,Mature / Declining,Market size Micro; trend stage Declining; 0 child segment(s); seasonality Declining.,Validate further before assigning research.
Boy Birthday Gift,Mature / Declining,Market size Mid; trend stage Declining; 0 child segment(s); seasonality Declining.,Validate further before assigning research.
Bride Father Gift,Mature / Declining,Market size Mid; trend stage Declining; 0 child segment(s); seasonality Declining.,Validate further before assigning research.
Bride Mother Gift,Mature / Declining,Market size Mid; trend stage Declining; 0 child segment(s); seasonality Declining.,Validate further before assigning research.
Dad Birthday Gift,Mature / Declining,Market size Large; trend stage Declining; 0 child segment(s); seasonality Declining.,"Research parent demand positioning, then segment into niches."
Daughter Birthday Gift,Mature / Declining,Market size Mid; trend stage Declining; 0 child segment(s); seasonality Declining.,Validate further before assigning research.
Dog Birthday Gift,Mature / Declining,Market size Mid; trend stage Declining; 0 child segment(s); seasonality Declining.,Validate further before assigning research.
Dog Memorial,Mature / Declining,Market size Mid; trend stage Declining; 1 child segment(s); seasonality Declining.,Research child segments; parent demand is too broad for direct action.
Girl Birthday Gift,Mature / Declining,Market size Mid; trend stage Declining; 0 child segment(s); seasonality Declining.,Validate further before assigning research.
Grandma Birthday Gift,Mature / Declining,Market size Mid; trend stage Declining; 0 child segment(s); seasonality Declining.,Validate further before assigning research.
Grandpa Birthday Gift,Mature / Declining,Market size Small; trend stage Declining; 0 child segment(s); seasonality Declining.,Validate further before assigning research.
Groom Mother Gift,Mature / Declining,Market size Mid; trend stage Declining; 0 child segment(s); seasonality Declining.,Validate further before assigning research.
Husband Anniversary Gift,Mature / Declining,Market size Mid; trend stage Declining; 0 child segment(s); seasonality Declining.,Validate further before assigning research.
Husband Birthday Gift,Mature / Declining,Market size Mid; trend stage Declining; 0 child segment(s); seasonality Declining.,Validate further before assigning research.
Mom Birthday Gift,Mature / Declining,Market size Large; trend stage Declining; 0 child segment(s); seasonality Declining.,"Research parent demand positioning, then segment into niches."
Mother Birthday Gift,Mature / Declining,Market size Small; trend stage Declining; 0 child segment(s); seasonality Declining.,Validate further before assigning research.
Son Birthday Gift,Mature / Declining,Market size Micro; trend stage Declining; 0 child segment(s); seasonality Declining.,Validate further before assigning research.
Teen Boy Birthday Gift,Mature / Declining,Market size Micro; trend stage Declining; 0 child segment(s); seasonality Declining.,Validate further before assigning research.
Teen Girl Birthday Gift,Mature / Declining,Market size Mid; trend stage Declining; 0 child segment(s); seasonality Declining.,Validate further before assigning research.
Wife Anniversary Gift,Mature / Declining,Market size Mid; trend stage Declining; 0 child segment(s); seasonality Declining.,Validate further before assigning research.
Wife Birthday Gift,Mature / Declining,Market size Mid; trend stage Declining; 0 child segment(s); seasonality Declining.,Validate further before assigning research.
Gift for Dad,Scale Market,Market size Mega; trend stage Growing; 14 child segment(s); seasonality Evergreen.,Research child segments first; use parent demand as the umbrella market.
Gift for Husband,Scale Market,Market size Large; trend stage Growing; 9 child segment(s); seasonality Evergreen.,Research child segments first; use parent demand as the umbrella market.
Gift for Mom,Scale Market,Market size Mega; trend stage Growing; 14 child segment(s); seasonality Evergreen.,Research child segments first; use parent demand as the umbrella market.
Teacher Gift,Scale Market,Market size Mega; trend stage Growing; 13 child segment(s); seasonality Evergreen.,Research child segments first; use parent demand as the umbrella market.
Teen Boy Gift,Scale Market,Market size Mega; trend stage Growing; 11 child segment(s); seasonality Evergreen.,Research child segments first; use parent demand as the umbrella market.
Teen Girl Gift,Scale Market,Market size Mega; trend stage Growing; 19 child segment(s); seasonality Evergreen.,Research child segments first; use parent demand as the umbrella market.
