segment_id,parent_demand_id,parent_demand,segment_name,segment_signature,segment_types,segment_values,segment_refinements,primary_segment_type,primary_segment_value,segment_type,segment_value,segment_label_source,canonical_evidence_phrase,is_evidence_backed,observed_products,intent,recipient,profession,interest,pet,holiday,occasion,theme,lifestyle,keyword_count,best_rank,median_rank,active_months,trend,segment_strength,evidence_keywords
SEG000001,CD000003,Girl Gift,Female,audience_modifier:female|audience_modifier:teen,audience_group|audience_group,female|teen,Female|Teen,audience_group,female,audience_group,female,observed_refinement_signature,teen girl gift trendy stuff,True,,gift,teen,,,,,,,,510,455,625362.5,4,growing,40.1,teen girl gift trendy stuff | gift for teenage girls | teen girl gift | gift for teen girls | teenager girl gift ideas | best gift for teen girls | teenage girl gift ideas | gift for teen girl
SEG000002,CD000003,Girl Gift,Female,audience_modifier:female,audience_group,female,Female,audience_group,female,audience_group,female,observed_refinement_signature,stitch gift for girls,True,,gift,female,,,,,,,,1769,986,711696.0,4,growing,37.01,stitch gift for girls | gift for girls 8 12 deals | lilo and stitch gift for girls | gift for girls | girl gift | girls gift | girls gift 8 10 | little girl gift
SEG000003,CD000005,Teacher Gift,Teacher,audience_modifier:teacher,audience_group,teacher,Teacher,audience_group,teacher,audience_group,teacher,observed_refinement_signature,teacher gift,True,,gift,teacher,teacher,,,,,,,240,1015,722152.5,4,growing,36.8,teacher gift | teacher gift bulk | daycare teacher gift | gift for teacher | best teacher gift | student gift from teacher | music teacher gift | dance teacher gift
SEG000004,CD000001,Mom Gift,Wedding,occasion:wedding,occasion,wedding,Wedding,occasion,wedding,occasion,wedding,observed_refinement_signature,mother of bride dresses,True,,gift,mom,,,,,wedding,,,397,1077,670424.0,4,declining,36.67,mother of bride dresses | mother of the bride dresses | mother of the groom dresses | mother of the bride gift | mother of the bride dress | mother of the bride pant suits | formal mother of bride dress | mother of bride dress plus size
SEG000005,CD000001,Mom Gift,Christmas,holiday:christmas,holiday,christmas,Christmas,holiday,christmas,holiday,christmas,observed_refinement_signature,christmas gift for mom,True,,gift,mom,,,,christmas,,,,312,1231,664604.0,4,growing,36.63,christmas gift for mom | mom christmas gift | gift for mom christmas | mom gift for christmas | mother in law christmas gift | christmas presents for mom | mother christmas gift | christmas for mom
SEG000006,CD000002,Dad Gift,Christmas,holiday:christmas,holiday,christmas,Christmas,holiday,christmas,holiday,christmas,observed_refinement_signature,dad christmas gift,True,,gift,dad,,,,christmas,,,,240,2483,662422.0,4,growing,34.43,dad christmas gift | christmas gift for dad | dad gift for christmas | gift for dad christmas | letters from father christmas by j r r tolkien | father christmas gift | father in law christmas gift | christmas for dad
SEG000007,CD000017,Dog Lover Gift,Christmas,holiday:christmas,holiday,christmas,Christmas,holiday,christmas,holiday,christmas,observed_refinement_signature,dog christmas gift,True,,gift,,,dog lover,,christmas,,,,953,2843,677515.0,4,growing,33.91,dog christmas gift | dog christmas outfit | christmas dog collar | christmas dog toys | dog christmas pajamas | christmas dog treats | dog stockings christmas | dog christmas stocking
SEG000008,CD000001,Mom Gift,Wedding,audience_modifier:female|occasion:wedding,audience_group|occasion,female|wedding,Female|Wedding,occasion,wedding,occasion,wedding,observed_refinement_signature,mother of the bride dresses for women,True,,gift,female,,,,,wedding,,,11,14273,380684.0,4,declining,33.75,mother of the bride dresses for women | mother of the groom dresses for women | mother of the bride dresses for women plus size | lace appliques mother of the bride dress for women | boat neck mother of the bride dress for women
SEG000009,CD000005,Teacher Gift,Teacher,audience_modifier:teacher|holiday:christmas,audience_group|holiday,teacher|christmas,Teacher|Christmas,audience_group,teacher,audience_group,teacher,observed_refinement_signature,teacher christmas gift,True,Card,gift,teacher,teacher,,,christmas,,,,92,3609,572772.5,4,growing,33.71,teacher christmas gift | teacher gift for christmas | teacher christmas gift bulk | christmas teacher gift | christmas gift for teacher | teacher gift christmas | teacher christmas cards | teacher holiday gift
SEG000010,CD000005,Teacher Gift,Teacher,audience_modifier:female|audience_modifier:teacher,audience_group|audience_group,female|teacher,Female|Teacher,audience_group,teacher,audience_group,teacher,observed_refinement_signature,teacher gift for women,True,,gift,teacher,teacher,,,,,,,12,6513,1034341.5,4,growing,33.48,teacher gift for women | teacher gift for women bulk | piano teacher gift for women | teacher retirement gift for women | teacher friend gift for women | music teacher gift women | math teacher gift for women | teacher gift sets for women
SEG000011,CD000003,Girl Gift,Female,audience_modifier:female|holiday:christmas,audience_group|holiday,female|christmas,Female|Christmas,audience_group,female,audience_group,female,observed_refinement_signature,girls christmas dress,True,,gift,female,,,,christmas,,,,1152,3240,771822.5,4,growing,32.93,girls christmas dress | girls christmas pajamas | christmas dresses for girls | girls christmas gift | girls christmas outfit | christmas outfits for girls | christmas pajamas for girls | christmas gift girls
SEG000012,CD000003,Girl Gift,Female,audience_modifier:baby|audience_modifier:female,audience_group|audience_group,baby|female,Baby|Female,audience_group,female,audience_group,female,observed_refinement_signature,baby girl gift,True,,gift,female,,,,,,,,218,4936,596215.0,4,growing,32.55,baby girl gift | baby shower gift for girls | baby gift for girls | gift for baby girl | baby girl gift bag | newborn girl gift | new born baby girls gift | personalized baby girl gift
SEG000013,CD000001,Mom Gift,Birthday,occasion:birthday,occasion,birthday,Birthday,occasion,birthday,occasion,birthday,observed_refinement_signature,mom birthday gift,True,Card,gift,mom,,,,,birthday,,,163,8392,537835.0,4,declining,32.42,mom birthday gift | birthday gift for mom | gift for mom birthday | mom birthday card | birthday card for mom | mom gift for birthday | mother in law birthday gift | mom birthday
SEG000014,CD000003,Girl Gift,Female,audience_modifier:female|audience_modifier:toddler|relationship:toddler,audience_group|audience_group|relationship,female|toddler|toddler,Female|Toddler|From Toddler,audience_group,female,audience_group,female,observed_refinement_signature,toddler girl gift,True,,gift,toddler,,,,,,,,33,9014,391504.0,4,growing,32.34,toddler girl gift | toddler girl gift age 2 | toddler girl gift age 3 4 | girl toddler gift | toddler girl gift age 4 5 | toddler girl gift age 3 | toddler girl gift ideas | toddler girl gift age 1
SEG000015,CD000011,Reading Gift,Book Lover,audience_modifier:female|lifestyle:book lover,audience_group|lifestyle,female|book lover,Female|Book Lover,lifestyle,book lover,lifestyle,book lover,observed_refinement_signature,book lover gift for women,True,,gift,female,,reading,,,,,book lover,20,10421,485071.5,4,growing,32.03,book lover gift for women | gift for book lover women | book reader gift women | reader gift for women | bookworm gift for women | gift for a book lover women | gift for a reader women
SEG000016,CD000009,Cat Lover Gift,Female,audience_modifier:female,audience_group,female,Female,audience_group,female,audience_group,female,observed_refinement_signature,cat gift for women,True,,gift,female,,cat lover,,,,,,35,9623,452911.0,4,growing,31.8,cat gift for women | cat themed gift for women | cat lady gift for women | cat lady gift | crazy cat lady gift | black cat gift for women | cat related gift for women | cute cat gift for women
SEG000017,CD000009,Cat Lover Gift,Cat Lover,audience_modifier:female|lifestyle:cat lover,audience_group|lifestyle,female|cat lover,Female|Cat Lover,lifestyle,cat lover,lifestyle,cat lover,observed_refinement_signature,cat lover gift for women,True,,gift,female,,cat lover,,,,,cat lover,19,14299,313905.0,4,growing,31.71,cat lover gift for women | gift for cat lovers for women | cat lovers gift for women | cat gift for women cat lovers | gift for cat lovers women | cat person gift for women
SEG000018,CD000010,Gardening Gift,Female,audience_modifier:female,audience_group,female,Female,audience_group,female,audience_group,female,observed_refinement_signature,gardening gift for women,True,,gift,female,,gardening,,,,,,28,11440,403339.0,4,growing,31.55,gardening gift for women | plant lover gift for women | garden gift women | gardener gift women | garden gift for women unique | gardening gift for women unique | gift for the female gardener | garden gift for women
SEG000019,CD000007,Wife Gift,Christmas,holiday:christmas,holiday,christmas,Christmas,holiday,christmas,holiday,christmas,observed_refinement_signature,wife christmas gift ideas,True,Card,gift,wife,,,,christmas,,,,131,6604,673047.0,4,growing,31.46,wife christmas gift ideas | christmas gift for wife | gift for wife christmas | wife christmas gift | christmas card for wife | top 20 christmas gift for wife | wife christmas card | christmas card wife
SEG000020,CD000009,Cat Lover Gift,Christmas,holiday:christmas,holiday,christmas,Christmas,holiday,christmas,holiday,christmas,observed_refinement_signature,cat christmas tree,True,,gift,,,cat lover,,christmas,,,,622,6711,610884.5,4,growing,31.45,cat christmas tree | christmas cat tree | christmas cat collar | cat christmas gift | christmas cat toys | cat stockings christmas | cat christmas stocking | cat christmas outfit
SEG000021,CD000002,Dad Gift,Birthday,occasion:birthday,occasion,birthday,Birthday,occasion,birthday,occasion,birthday,observed_refinement_signature,dad birthday gift,True,Card,gift,dad,,,,,birthday,,,115,12360,391910.0,4,declining,31.41,dad birthday gift | birthday gift for dad | dad birthday card | gift for dad birthday | birthday card for dad | dad gift for birthday | happy birthday dad | happy birthday dad card
SEG000022,CD000010,Gardening Gift,Christmas,holiday:christmas,holiday,christmas,Christmas,holiday,christmas,holiday,christmas,observed_refinement_signature,christmas garden flag,True,,gift,,,gardening,,christmas,,,,83,6131,792396.0,4,growing,31.38,christmas garden flag | christmas garden flags for outside | christmas solar kettle lights garden lawn decorative lights | christmas garden flags | garden flag christmas | merry christmas garden flag | christmas garden flags 12x18 double sided | christmas garden stakes
SEG000023,CD000009,Cat Lover Gift,Cat Lover,lifestyle:cat lover,lifestyle,cat lover,Cat Lover,lifestyle,cat lover,lifestyle,cat lover,observed_refinement_signature,gift for cat lovers,True,,gift,,,cat lover,,,,,cat lover,43,13410,397451.0,4,growing,31.17,gift for cat lovers | cat lover gift | cat gift for cat lovers | cat lovers gift | gift for cat lover | fun cat lover gift | cat person gift | cat lovers gift ideas
SEG000024,CD000004,Grandma Gift,Christmas,holiday:christmas,holiday,christmas,Christmas,holiday,christmas,holiday,christmas,observed_refinement_signature,grandma christmas gift,True,,gift,grandma,,,,christmas,,,,86,9464,647903.0,4,growing,30.35,grandma christmas gift | christmas gift for grandma | gift for grandma christmas | grandma gift for christmas | nana christmas gift | grandmother christmas gift | nana gift for christmas | christmas gift for nana
SEG000025,CD000008,Husband Gift,Christmas,holiday:christmas,holiday,christmas,Christmas,holiday,christmas,holiday,christmas,observed_refinement_signature,gift for husband christmas,True,Card,gift,husband,,,,christmas,,,,167,11179,509987.0,4,growing,30.35,gift for husband christmas | husband christmas gift | christmas gift for husband | christmas card for husband | husband christmas gift from wife | finding mr christmas | husband christmas card | christmas gift for wife from husband
SEG000026,CD000002,Dad Gift,From Daughter,relationship:daughter,relationship,daughter,From Daughter,relationship,daughter,relationship,daughter,observed_refinement_signature,gift for dad from daughter,True,,gift,dad,,,,,,,,40,11063,521045.0,4,growing,30.22,gift for dad from daughter | dad gift from daughter | father daughter gift | dad daughter gift | gift from daughter to dad | step dad gift from daughter | gift to dad from daughter | dad from daughter gift
SEG000027,CD000002,Dad Gift,Cat,lifestyle:cat lover|pet:cat,lifestyle|pet,cat lover|cat,Cat Lover|Cat,pet,cat,pet,cat,observed_refinement_signature,cat dad gift,True,,gift,dad,,,cat,,,,cat lover,5,28520,291036.0,4,growing,30.05,cat dad gift
SEG000028,CD000017,Dog Lover Gift,Birthday,occasion:birthday,occasion,birthday,Birthday,occasion,birthday,occasion,birthday,observed_refinement_signature,dog birthday,True,,gift,,,dog lover,,,birthday,,,198,11398,613852.0,4,declining,29.41,dog birthday | dog birthday cake | dog birthday hat | dog birthday decorations | dog birthday bandana | dog birthday toy | dog birthday treats | dog birthday gift
SEG000029,CD000008,Husband Gift,Anniversary,occasion:anniversary,occasion,anniversary,Anniversary,occasion,anniversary,occasion,anniversary,observed_refinement_signature,anniversary card to husband,True,Card,gift,husband,,,,,anniversary,,,77,16207,596892.0,4,declining,29.36,anniversary card to husband | anniversary card for husband | wedding anniversary gift for husband | cool anniversary gift for husband | anniversary gift for husband | husband anniversary gift | anniversary cards for husband | husband anniversary card
SEG000030,CD000003,Girl Gift,Female,audience_modifier:female|audience_modifier:teen|holiday:christmas,audience_group|audience_group|holiday,female|teen|christmas,Female|Teen|Christmas,audience_group,female,audience_group,female,observed_refinement_signature,christmas gift for teen girls,True,,gift,teen,,,,christmas,,,,171,11801,648112.0,4,growing,29.21,christmas gift for teen girls | christmas gift for teenage girls | teen girl christmas gift | christmas gift for teens girls | teenage girl christmas gift | teen girl christmas gift 2025 | teen christmas gift girls | christmas presents for teen girls
SEG000031,CD000007,Wife Gift,Anniversary,occasion:anniversary,occasion,anniversary,Anniversary,occasion,anniversary,occasion,anniversary,observed_refinement_signature,anniversary cards for wife,True,Card,gift,wife,,,,,anniversary,,,38,23034,479515.0,4,declining,29.09,anniversary cards for wife | anniversary gift for wife | wedding anniversary gift for wife | anniversary card for wife | wife anniversary gift | wife anniversary card | 20th anniversary gift for wife | 5th anniversary gift for wife
SEG000032,CD000002,Dad Gift,Wedding,occasion:wedding,occasion,wedding,Wedding,occasion,wedding,occasion,wedding,observed_refinement_signature,father of the bride,True,,gift,dad,,,,,wedding,,,37,16341,699898.0,4,stable,29.06,father of the bride | father of the bride gift | father of the groom gift | father of the bride 2 | father of the bride dvd | father of the groom | father of the bride socks | father in law wedding gift
SEG000033,CD000015,Coffee Lover Gift,Coffee Lover,lifestyle:coffee lover,lifestyle,coffee lover,Coffee Lover,lifestyle,coffee lover,lifestyle,coffee lover,observed_refinement_signature,coffee lover gift,True,,gift,,,coffee lover,,,,,coffee lover,32,18646,496837.0,4,growing,29.03,coffee lover gift | gift for coffee lovers | coffee lovers gift | coffee gift for coffee lovers | cool gift for coffee lovers | coffee lovers gift ideas | gift for coffee lover | coffee lovers gift basket
SEG000034,CD000002,Dad Gift,Christmas,holiday:christmas|relationship:daughter,holiday|relationship,christmas|daughter,Christmas|From Daughter,holiday,christmas,holiday,christmas,observed_refinement_signature,dad christmas gift from daughter,True,,gift,dad,,,,christmas,,,,10,22168,275921.5,3,growing,28.92,dad christmas gift from daughter | christmas gift for dad from daughter | christmas presents for dad from daughter
SEG000035,CD000003,Girl Gift,Female,audience_modifier:baby|audience_modifier:female|holiday:christmas,audience_group|audience_group|holiday,baby|female|christmas,Baby|Female|Christmas,audience_group,female,audience_group,female,observed_refinement_signature,my first christmas baby girl outfit,True,,gift,female,,,,christmas,,,,284,13924,689510.5,4,growing,28.83,my first christmas baby girl outfit | baby girl christmas outfit | christmas outfit baby girl | newborn christmas outfit girl | baby girl christmas dress | christmas baby girl outfit | christmas dress baby girl | first christmas baby girl outfit
SEG000036,CD000007,Wife Gift,Birthday,occasion:birthday,occasion,birthday,Birthday,occasion,birthday,occasion,birthday,observed_refinement_signature,birthday card for wife,True,Card,gift,wife,,,,,birthday,,,65,29553,294392.0,4,declining,28.77,birthday card for wife | wife birthday gift ideas | wife birthday card | birthday gift for wife | gift for wife birthday | mrs rachel birthday decorations | birthday cards for wife | birthday card wife
SEG000037,CD000003,Girl Gift,Female,audience_modifier:female|occasion:birthday,audience_group|occasion,female|birthday,Female|Birthday,audience_group,female,audience_group,female,observed_refinement_signature,18th birthday decorations for girls,True,,gift,female,,,,,birthday,,,1224,16064,602928.5,4,declining,28.72,18th birthday decorations for girls | 13th birthday decorations for girls | 1st birthday girl gift | first birthday gift for girls | birthday girl | 10th birthday decorations for girl | winter onederland 1st birthday girl | birthday girl sash
SEG000038,CD000017,Dog Lover Gift,Dog Lover,lifestyle:dog lover,lifestyle,dog lover,Dog Lover,lifestyle,dog lover,lifestyle,dog lover,observed_refinement_signature,gift for dog lovers,True,,gift,,,dog lover,,,,,dog lover,22,28541,334038.0,4,growing,28.68,gift for dog lovers | dog lover gift | gift for dog lover | unusual gift for dog lovers | dog lovers gift | dog lovers gift ideas | dog person gift | rescue dog lover gift
SEG000039,CD000008,Husband Gift,Birthday,occasion:birthday,occasion,birthday,Birthday,occasion,birthday,occasion,birthday,observed_refinement_signature,husband birthday card,True,Card,gift,husband,,,,,birthday,,,115,20284,492370.0,4,declining,28.66,husband birthday card | husband birthday gift | birthday card for husband | birthday cards for husband | birthday card husband | gift for husband birthday | birthday gift for husband | husband birthday gift ideas
SEG000040,CD000001,Mom Gift,From Daughter,relationship:daughter,relationship,daughter,From Daughter,relationship,daughter,relationship,daughter,observed_refinement_signature,gift for mom from daughter,True,,gift,mom,,,,,,,,32,25334,465630.5,4,growing,28.63,gift for mom from daughter | mother daughter gift | mom gift from daughters | mom gift from daughter | mom daughter gift | mother gift from daughter | gift from daughter to mom | mom from daughter gift
SEG000041,CD000011,Reading Gift,Book Lover,lifestyle:book lover,lifestyle,book lover,Book Lover,lifestyle,book lover,lifestyle,book lover,observed_refinement_signature,book lover gift,True,,gift,,,reading,,,,,book lover,51,21887,564758.0,4,growing,28.46,book lover gift | unique gift for book lover | book reader gift | reader gift | bookworm gift | gift for book lover | reading gift for book lovers | gift for reader
SEG000042,CD000017,Dog Lover Gift,Female,audience_modifier:female|lifestyle:dog lover,audience_group|lifestyle,female|dog lover,Female|Dog Lover,audience_group,female,audience_group,female,observed_refinement_signature,dog lovers gift for women,True,,gift,female,,dog lover,,,,,dog lover,13,35625,311155.0,4,growing,28.45,dog lovers gift for women | gift for dog lovers women | dog lover gift for women
SEG000043,CD000005,Teacher Gift,Teacher,audience_modifier:teacher|intent:appreciation,audience_group|intent,teacher|appreciation,Teacher|Appreciation,audience_group,teacher,audience_group,teacher,observed_refinement_signature,teacher appreciation gift,True,Card,gift,teacher,teacher,,,,appreciation,,,33,15075,688020.0,4,growing,28.36,teacher appreciation gift | teacher appreciation gift in bulk | teacher appreciation gift bulk | daycare teacher appreciation gift | teacher thank you cards | thank you teacher gift | teacher appreciation | teacher thank you gift
SEG000044,CD000008,Husband Gift,Male,audience_modifier:male,audience_group,male,Male,audience_group,male,audience_group,male,observed_refinement_signature,gift for him husband,True,,gift,male,,,,,,,,12,25467,479268.5,4,growing,27.93,gift for him husband | for him gift husband | husband gift for men | mens gift ideas for husband | mr fix it gift for men
SEG000045,CD000003,Girl Gift,Female,audience_modifier:female|audience_modifier:toddler|holiday:christmas,audience_group|audience_group|holiday,female|toddler|christmas,Female|Toddler|Christmas,audience_group,female,audience_group,female,observed_refinement_signature,toddler girl christmas outfit,True,,gift,toddler,,,,christmas,,,,162,21805,734332.0,4,growing,27.66,toddler girl christmas outfit | christmas dress toddler girl | toddler girl christmas gift | toddler girl christmas dress | christmas outfits for toddler girls | toddler girl christmas pajamas | toddler christmas outfit girl | christmas outfit toddler girl
SEG000046,CD000017,Dog Lover Gift,Memorial,occasion:memorial,occasion,memorial,Memorial,occasion,memorial,occasion,memorial,observed_refinement_signature,dog memorial gift for loss of dog,True,,gift,,,dog lover,,,memorial,,,107,25738,718305.0,4,stable,27.54,dog memorial gift for loss of dog | pet memorial gift for dogs | dog memorial gift | dog memorial | dog remembrance gift | dog memorial stone | rainbow bridge dog memorial gift | dog bereavement gift
SEG000047,CD000001,Mom Gift,Christmas,holiday:christmas|relationship:daughter,holiday|relationship,christmas|daughter,Christmas|From Daughter,holiday,christmas,holiday,christmas,observed_refinement_signature,mom christmas gift from daughter,True,,gift,mom,,,,christmas,,,,14,21704,400023.0,3,growing,27.38,mom christmas gift from daughter | christmas gift for mom from daughter | mother christmas gift from daughter | gift for mom christmas from daughter | christmas presents for mom from daughter | gift for mom for christmas from daughter
SEG000048,CD000017,Dog Lover Gift,Female,audience_modifier:female,audience_group,female,Female,audience_group,female,audience_group,female,observed_refinement_signature,weiner dog gift for women,True,,gift,female,,dog lover,,,,,,25,23423,690343.0,4,growing,26.89,weiner dog gift for women | dog gift for women | dog groomer gift for women | dog owner gift for women | dog themed gift for women | boxer dog gift for women | wiener dog gift for women | weenie dog gift for women
SEG000049,CD000003,Girl Gift,Female,audience_modifier:female|audience_modifier:teen|occasion:birthday,audience_group|audience_group|occasion,female|teen|birthday,Female|Teen|Birthday,audience_group,female,audience_group,female,observed_refinement_signature,birthday gift for teen girls,True,,gift,teen,,,,,birthday,,,29,45126,474538.0,4,declining,26.78,birthday gift for teen girls | teen girl birthday gift | teenage girl birthday gift | teen birthday gift for girls | birthday gift for teen girl | teen girl birthday decorations | birthday gift for teenage girls | 15th birthday gift for teen girls
SEG000050,CD000002,Dad Gift,Male,audience_modifier:male|lifestyle:dog lover|pet:dog,audience_group|lifestyle|pet,male|dog lover|dog,Male|Dog Lover|Dog,audience_group,male,audience_group,male,observed_refinement_signature,dog dad gift for men,True,,gift,male,,,dog,,,,dog lover,4,56121,321505.5,4,growing,26.69,dog dad gift for men
SEG000051,CD000015,Coffee Lover Gift,Female,audience_modifier:female,audience_group,female,Female,audience_group,female,audience_group,female,observed_refinement_signature,coffee gift for women,True,Cup,gift,female,,coffee lover,,,,,,11,37113,532402.0,4,growing,26.6,coffee gift for women | coffee gift sets for women | coffee gift baskets for women | coffee related gift for women | coffee cups for women gift | espresso martini gift for women
SEG000052,CD000003,Girl Gift,Female,audience_modifier:female|theme:floral,audience_group|niche,female|floral,Female|Floral,audience_group,female,audience_group,female,observed_refinement_signature,flower girl gift,True,,gift,female,,,,,,floral,,14,59369,371342.5,4,declining,26.54,flower girl gift | flower girl proposal gift | flower girl gift from bride
SEG000053,CD000004,Grandma Gift,Birthday,occasion:birthday,occasion,birthday,Birthday,occasion,birthday,occasion,birthday,observed_refinement_signature,grandma birthday gift,True,Card,gift,grandma,,,,,birthday,,,62,36922,485352.0,4,declining,26.52,grandma birthday gift | gift for grandma birthday | birthday gift for grandma | nana birthday gift | grandma birthday card | grandma gift for birthday | happy birthday grandma | birthday card for grandma
SEG000054,CD000003,Girl Gift,Female,audience_modifier:female|audience_modifier:toddler,audience_group|audience_group,female|toddler,Female|Toddler,audience_group,female,audience_group,female,observed_refinement_signature,gift for toddler girls,True,,gift,toddler,,,,,,,,36,28910,760520.5,4,growing,26.28,gift for toddler girls | gift for toddler girl | toddler gift for girls | gift for toddler girls age 3 5 | toddler girls gift | gift for toddlers 1 3 girls | gift for toddler girls age 2 | gift for toddlers girls
SEG000055,CD000015,Coffee Lover Gift,Coffee Lover,audience_modifier:female|lifestyle:coffee lover,audience_group|lifestyle,female|coffee lover,Female|Coffee Lover,lifestyle,coffee lover,lifestyle,coffee lover,observed_refinement_signature,coffee lover gift for women,True,,gift,female,,coffee lover,,,,,coffee lover,12,51249,358717.0,4,growing,26.21,coffee lover gift for women | gift for coffee lovers women | coffee lovers gift for women
SEG000056,CD000002,Dad Gift,Funny,theme:funny,niche,funny,Funny,niche,funny,niche,funny,observed_refinement_signature,funny dad gift,True,,gift,dad,,,,,,funny,,31,34369,563341.0,4,growing,26.09,funny dad gift | funny gift for dad | gag gift for dad | dad joke gift | dad gift funny | dad gag gift | dad funny gift | gift for dad funny
SEG000057,CD000002,Dad Gift,From Son,relationship:son,relationship,son,From Son,relationship,son,relationship,son,observed_refinement_signature,gift for dad from son,True,,gift,dad,,,,,,,,18,46318,636876.5,4,growing,26.03,gift for dad from son | dad gift from son | father son gift | gift from son to dad | gift to dad from son | best dad gift from son | dad from son gift
SEG000058,CD000009,Cat Lover Gift,Memorial,occasion:memorial,occasion,memorial,Memorial,occasion,memorial,occasion,memorial,observed_refinement_signature,cat memorial gift for loss of cat,True,Frame,gift,,,cat lover,,,memorial,,,28,66093,350232.5,4,declining,25.79,cat memorial gift for loss of cat | cat memorial | cat memorial gift | pet memorial gift for cats | cat memorial stones | cat remembrance gift | cat memorial stone | cat memorial frame
SEG000059,CD000009,Cat Lover Gift,Funny,theme:funny,niche,funny,Funny,niche,funny,niche,funny,observed_refinement_signature,funny cat gift,True,,gift,,,cat lover,,,,funny,,7,50894,446144.0,4,growing,25.66,funny cat gift | cat gag gift | cat funny gift
SEG000060,CD000015,Coffee Lover Gift,Christmas,holiday:christmas,holiday,christmas,Christmas,holiday,christmas,holiday,christmas,observed_refinement_signature,christmas coffee cups,True,Cup,gift,,,coffee lover,,christmas,,,,201,34602,763177.0,4,growing,25.54,christmas coffee cups | christmas coffee cups disposable | christmas coffee | christmas coffee table book | christmas coffee table decor | christmas disposable coffee cups | christmas coffee bar decor | coffee table christmas decor
SEG000061,CD000013,Daughter Gift,Birthday,occasion:birthday,occasion,birthday,Birthday,occasion,birthday,occasion,birthday,observed_refinement_signature,daughter birthday card,True,Card,gift,daughter,,,,,birthday,,,69,59616,473232.0,4,declining,25.24,daughter birthday card | birthday card for daughter | daughter birthday gift | daughter in law birthday card | birthday card daughter | daughter in law birthday gift | birthday cards for daughter | birthday gift for daughter
SEG000062,CD000014,Camping Gift,Male,audience_modifier:male,audience_group,male,Male,audience_group,male,audience_group,male,observed_refinement_signature,camping gift for men,True,,gift,male,,camping,,,,,,8,43782,528538.5,4,growing,25.03,camping gift for men | mens camping gift | camper gift for men | cool camping gift for men | gift for men camping
SEG000063,CD000001,Mom Gift,From Son,relationship:son,relationship,son,From Son,relationship,son,relationship,son,observed_refinement_signature,gift for mom from son,True,,gift,mom,,,,,,,,22,39513,779320.0,4,growing,24.99,gift for mom from son | mom gift from son | mother son gift | gift from son to mom | to mom from son gift | mother in law gift from son in law | mom from son gift | mom son gift
SEG000064,CD000009,Cat Lover Gift,Birthday,occasion:birthday,occasion,birthday,Birthday,occasion,birthday,occasion,birthday,observed_refinement_signature,cat birthday decorations,True,Card,gift,,,cat lover,,,birthday,,,85,47068,784272.0,4,declining,24.71,cat birthday decorations | cat birthday | lego friends cat birthday party | cat birthday hat | cat birthday card | cat birthday cake | cat themed birthday party decorations | lego cat birthday party
SEG000065,CD000003,Girl Gift,Female,audience_modifier:female|interest:soccer,audience_group|interest,female|soccer,Female|Soccer,audience_group,female,audience_group,female,observed_refinement_signature,soccer gift for girls,True,,gift,female,,soccer,,,,,,20,60592,568452.5,4,growing,24.53,soccer gift for girls | girls soccer gift | soccer girl gift | soccer gift for girls 8 12 | girl soccer gift | soccer team gift for girls | gift for soccer players girls | soccer girls gift
SEG000066,CD000003,Girl Gift,Female,audience_modifier:female|occasion:wedding|theme:floral,audience_group|occasion|niche,female|wedding|floral,Female|Wedding|Floral,audience_group,female,audience_group,female,observed_refinement_signature,flower girl dresses for wedding,True,,gift,female,,,,,wedding,floral,,17,56578,952883.0,4,declining,24.17,flower girl dresses for wedding | flower girl shoes for wedding | fall flower girl dresses for wedding | flower girl robe for wedding day | flower girl headband for wedding | flower girl accessories for wedding | flower girl pajamas for wedding day | flower girls dresses for wedding
SEG000067,CD000012,Soccer Gift,Birthday,occasion:birthday,occasion,birthday,Birthday,occasion,birthday,occasion,birthday,observed_refinement_signature,football birthday party decorations,True,,gift,,,soccer,,,birthday,,,61,50897,648735.0,4,declining,24.1,football birthday party decorations | soccer birthday party decorations | football birthday decorations | soccer birthday decorations | football birthday banner | soccer birthday party favors | football birthday | soccer birthday
SEG000068,CD000004,Grandma Gift,Wedding,occasion:wedding,occasion,wedding,Wedding,occasion,wedding,occasion,wedding,observed_refinement_signature,grandmother of the bride dresses,True,,gift,grandma,,,,,wedding,,,42,47110,717756.0,4,declining,24.09,grandmother of the bride dresses | grandmother of the groom dresses | grandmother of the bride pant suits | grandmother of bride pant suits | dresses for grandmother of the bride | grandmother of bride dresses | grandmother of the bride dresses with jackets | grandma of the bride dress
SEG000069,CD000014,Camping Gift,Female,audience_modifier:female,audience_group,female,Female,audience_group,female,audience_group,female,observed_refinement_signature,camping gift for women,True,,gift,female,,camping,,,,,,5,86310,437495.0,4,growing,24.04,camping gift for women | camper gift for women
SEG000070,CD000016,Son Gift,Adult,audience_modifier:adult,audience_group,adult,Adult,audience_group,adult,audience_group,adult,observed_refinement_signature,gift for adult son,True,,gift,adult,,,,,,,,16,50484,758086.5,4,growing,23.94,gift for adult son | adult son gift | gift for an adult son | gift for son adult | cool gift for adult son | best gift for adult son | gift for my adult son | a gift for my adult son
SEG000071,CD000014,Camping Gift,Birthday,occasion:birthday,occasion,birthday,Birthday,occasion,birthday,occasion,birthday,observed_refinement_signature,one happy camper birthday decorations,True,,gift,,,camping,,,birthday,,,10,118005,321258.5,4,declining,23.77,one happy camper birthday decorations | camping birthday party decorations | camping birthday | camping birthday decorations
SEG000072,CD000017,Dog Lover Gift,Wedding,occasion:wedding,occasion,wedding,Wedding,occasion,wedding,occasion,wedding,observed_refinement_signature,silent groom pro for dogs,True,,gift,,,dog lover,,,wedding,,,59,59324,646558.0,4,declining,23.63,silent groom pro for dogs | dog wedding outfit | dog wedding dress | zoom groom for dogs | kong zoom groom dog brush | groom pro dog brush | heusom silent groom pro for dogs 2025 | heisom silent groom pro for dogs
SEG000073,CD000016,Son Gift,Birthday,occasion:birthday,occasion,birthday,Birthday,occasion,birthday,occasion,birthday,observed_refinement_signature,birthday card for son,True,Card,gift,son,,,,,birthday,,,55,79273,631604.0,4,declining,23.63,birthday card for son | son birthday card | son in law birthday card | birthday card son | birthday cards for son | son birthday gift | happy birthday card for son | happy birthday son
SEG000074,CD000010,Gardening Gift,Male,audience_modifier:male,audience_group,male,Male,audience_group,male,audience_group,male,observed_refinement_signature,gardening gift for men,True,,gift,male,,gardening,,,,,,9,73164,602158.0,4,growing,23.61,gardening gift for men | garden gift for men | gardener gift for men | plant lover gift for men
SEG000075,CD000011,Reading Gift,Female,audience_modifier:female,audience_group,female,Female,audience_group,female,audience_group,female,observed_refinement_signature,reading gift for women,True,,gift,female,,reading,,,,,,4,101290,530398.0,4,growing,23.54,reading gift for women
SEG000076,CD000003,Girl Gift,Female,audience_modifier:female|pet:cat,audience_group|pet,female|cat,Female|Cat,audience_group,female,audience_group,female,observed_refinement_signature,cat gift for girls,True,,gift,female,,,cat,,,,,10,107343,349075.5,4,growing,23.53,cat gift for girls | cat themed gift for girls | cat gift for girls 8 12 | cat girl gift
SEG000077,CD000006,Grandpa Gift,Christmas,holiday:christmas,holiday,christmas,Christmas,holiday,christmas,holiday,christmas,observed_refinement_signature,grandpa christmas gift,True,Card,gift,grandpa,,,,christmas,,,,25,41264,639909.0,3,growing,23.28,grandpa christmas gift | christmas gift for grandpa | grandpa gift for christmas | grandfather christmas gift | a grandpa for christmas | gift for grandpa christmas | grandpa christmas gift ideas | grandpa christmas card
SEG000078,CD000001,Mom Gift,Birthday,occasion:birthday|relationship:daughter,occasion|relationship,birthday|daughter,Birthday|From Daughter,occasion,birthday,occasion,birthday,observed_refinement_signature,mom birthday gift from daughter,True,,gift,mom,,,,,birthday,,,12,150143,344322.5,4,declining,22.95,mom birthday gift from daughter | birthday gift for mom from daughter
SEG000079,CD000013,Daughter Gift,Adult,audience_modifier:adult,audience_group,adult,Adult,audience_group,adult,audience_group,adult,observed_refinement_signature,gift for adult daughter,True,,gift,adult,,,,,,,,22,69631,677706.0,4,growing,22.72,gift for adult daughter | unique gift for adult daughter | adult daughter gift | cool gift for adult daughter | gift for my adult daughter | gift for daughter adult | unusual gift for adult daughter | best adult daughter gift
SEG000080,CD000001,Mom Gift,Funny,theme:funny,niche,funny,Funny,niche,funny,niche,funny,observed_refinement_signature,funny gift for mom,True,,gift,mom,,,,,,funny,,19,78682,771020.0,4,growing,22.7,funny gift for mom | funny mom gift | gag gift for mom | mom gift funny | gift for mom funny | funny mother in law gift | mom funny gift | funny gift for mother in law
SEG000081,CD000015,Coffee Lover Gift,Wedding,occasion:wedding,occasion,wedding,Wedding,occasion,wedding,occasion,wedding,observed_refinement_signature,espresso brown wedding guest dress,True,,gift,,,coffee lover,,,wedding,,,3,47895,249404.0,2,declining,22.67,espresso brown wedding guest dress
SEG000082,CD000001,Mom Gift,Memorial,occasion:memorial,occasion,memorial,Memorial,occasion,memorial,occasion,memorial,observed_refinement_signature,memorial gift for loss of mom,True,,gift,mom,,,,,memorial,,,29,64152,833345.0,4,growing,22.38,memorial gift for loss of mom | bereavement gift for loss of mother | in memory of mom | mom memorial gift for loss of mother | mom memorial gift | remembrance gift for loss of mother | memorial gift for loss of mother | memorial wind chimes for loss of mother
SEG000083,CD000002,Dad Gift,Memorial,occasion:memorial,occasion,memorial,Memorial,occasion,memorial,occasion,memorial,observed_refinement_signature,memorial gift for loss of dad,True,,gift,dad,,,,,memorial,,,17,97879,538738.0,4,growing,22.13,memorial gift for loss of dad | bereavement gift for loss of father | dad memorial gift | in memory of dad | dad memorial gift for loss of father | memorial wind chimes for loss of father
SEG000084,CD000015,Coffee Lover Gift,Male,audience_modifier:male,audience_group,male,Male,audience_group,male,audience_group,male,observed_refinement_signature,coffee gift for men,True,,gift,male,,coffee lover,,,,,,9,81591,790669.0,4,growing,22.12,coffee gift for men | unique coffee gift for men | coffee gift sets for men | coffee related gift for men | espresso gift for men | coffee gift baskets for men
SEG000085,CD000018,Hairstylist Gift,Female,audience_modifier:female,audience_group,female,Female,audience_group,female,audience_group,female,observed_refinement_signature,gift for hairstylist women,True,,gift,female,hairstylist,,,,,,,11,100756,339050.0,3,growing,22.11,gift for hairstylist women | hairstylist gift women | hairdresser gift for women | gift for hairdresser women
SEG000086,CD000013,Daughter Gift,Christmas,holiday:christmas,holiday,christmas,Christmas,holiday,christmas,holiday,christmas,observed_refinement_signature,christmas card for daughter,True,Card,gift,daughter,,,,christmas,,,,55,78603,456205.0,3,growing,22.02,christmas card for daughter | daughter in law christmas gift | son and daughter in law christmas card | daughter christmas card | christmas card for son and daughter in law | christmas gift for daughter | daughter christmas gift | christmas card daughter
SEG000087,CD000005,Teacher Gift,Teacher,audience_modifier:teacher|theme:funny,audience_group|niche,teacher|funny,Teacher|Funny,audience_group,teacher,audience_group,teacher,observed_refinement_signature,funny teacher gift,True,,gift,teacher,teacher,,,,,funny,,9,79237,746123.0,4,growing,21.97,funny teacher gift | teacher gift funny | teacher funny gift | teacher gag gift | funny teacher gift for co workers
SEG000088,CD000012,Soccer Gift,Male,audience_modifier:male,audience_group,male,Male,audience_group,male,audience_group,male,observed_refinement_signature,soccer gift for men,True,,gift,male,,soccer,,,,,,20,103876,766030.5,4,growing,21.72,soccer gift for men | football gift for men | football coach gift for men | soccer coach gift for men | football lovers gift for men | fantasy football gift for men | football fan gift for men | mens football gift
SEG000089,CD000003,Girl Gift,Female,audience_modifier:female|lifestyle:country girl,audience_group|lifestyle,female|country girl,Female|Country Girl,audience_group,female,audience_group,female,observed_refinement_signature,country girl gift,True,,gift,female,,,,,,,country girl,5,147111,709644.0,4,growing,21.62,country girl gift | country girl gift for women
SEG000090,CD000002,Dad Gift,Dog,lifestyle:dog lover|pet:dog,lifestyle|pet,dog lover|dog,Dog Lover|Dog,pet,dog,pet,dog,observed_refinement_signature,dog dad gift,True,,gift,dad,,,dog,,,,dog lover,7,114607,801018.0,4,growing,21.45,dog dad gift | gift for dog dad | best dog dad gift
SEG000091,CD000008,Husband Gift,Anniversary,audience_modifier:male|occasion:anniversary,audience_group|occasion,male|anniversary,Male|Anniversary,occasion,anniversary,occasion,anniversary,observed_refinement_signature,mens anniversary gift for husband,True,,gift,male,,,,,anniversary,,,8,182114,423835.0,4,declining,21.25,mens anniversary gift for husband | men anniversary gift husband
SEG000092,CD000015,Coffee Lover Gift,Coffee Lover,audience_modifier:male|lifestyle:coffee lover,audience_group|lifestyle,male|coffee lover,Male|Coffee Lover,lifestyle,coffee lover,lifestyle,coffee lover,observed_refinement_signature,coffee lover gift for men,True,,gift,male,,coffee lover,,,,,coffee lover,6,116108,393116.0,3,growing,21.16,coffee lover gift for men | gift for coffee lovers men
SEG000093,CD000009,Cat Lover Gift,Male,audience_modifier:male,audience_group,male,Male,audience_group,male,audience_group,male,observed_refinement_signature,cat gift for men,True,,gift,male,,cat lover,,,,,,6,121009,844402.0,4,growing,21.02,cat gift for men | cat themed gift for men | black cat gift for men
SEG000094,CD000002,Dad Gift,Birthday,occasion:birthday|relationship:daughter,occasion|relationship,birthday|daughter,Birthday|From Daughter,occasion,birthday,occasion,birthday,observed_refinement_signature,dad birthday gift from daughter,True,,gift,dad,,,,,birthday,,,13,190538,500578.0,4,declining,20.93,dad birthday gift from daughter | birthday gift for dad from daughter
SEG000095,CD000003,Girl Gift,Female,audience_modifier:female|occasion:wedding,audience_group|occasion,female|wedding,Female|Wedding,audience_group,female,audience_group,female,observed_refinement_signature,girls wedding guest dress,True,,gift,female,,,,,wedding,,,34,114321,770080.0,4,declining,20.86,girls wedding guest dress | zombie bride costume for girls | corpse bride costume girls | girls wedding guest dresses | girls wedding shoes | bride costume for girls | girls wedding guest dresses size 10 12 | girls dress for wedding guest
SEG000096,CD000005,Teacher Gift,Teacher,audience_modifier:male|audience_modifier:teacher,audience_group|audience_group,male|teacher,Male|Teacher,audience_group,teacher,audience_group,teacher,observed_refinement_signature,male teacher gift,True,,gift,teacher,teacher,,,,,,,18,120336,985782.5,4,growing,20.77,male teacher gift | teacher gift for men | gift for male teacher | men teacher gift | male teacher gift ideas | teacher gift men | cool male teacher gift | music teacher gift for men
SEG000097,CD000008,Husband Gift,Memorial,occasion:memorial,occasion,memorial,Memorial,occasion,memorial,occasion,memorial,observed_refinement_signature,memorial gift for loss of husband,True,,gift,husband,,,,,memorial,,,4,231051,360053.5,4,growing,20.75,memorial gift for loss of husband
SEG000098,CD000019,Electrician Gift,Male,audience_modifier:male,audience_group,male,Male,audience_group,male,audience_group,male,observed_refinement_signature,electrician gift for men,True,,gift,male,electrician,,,,,,,6,110339,430669.0,3,growing,20.63,electrician gift for men | lineman gift for men | gift for electrician man
SEG000099,CD000001,Mom Gift,Female,audience_modifier:female,audience_group,female,Female,audience_group,female,audience_group,female,observed_refinement_signature,god mother gift for women,True,,gift,female,,,,,,,,18,172601,659283.5,4,growing,20.61,god mother gift for women | woman gift mom | gift for pregnant women mom to be | mom gift for women | new mom gift for women | mama gift for women | new mom gift for women after birth | gift for women mom
SEG000100,CD000003,Girl Gift,Female,audience_modifier:female|holiday:christmas|pet:dog,audience_group|holiday|pet,female|christmas|dog,Female|Christmas|Dog,audience_group,female,audience_group,female,observed_refinement_signature,christmas dog collar girl,True,,gift,female,,,dog,christmas,,,,32,67870,804861.5,3,growing,20.52,christmas dog collar girl | dog christmas collar girl | dog christmas outfit girl | girl dog christmas outfit | girl dog christmas collar | christmas collars for girl dogs | girl dog christmas dress | christmas dog clothes girl
SEG000101,CD000005,Teacher Gift,Teacher,audience_modifier:teacher|holiday:halloween,audience_group|holiday,teacher|halloween,Teacher|Halloween,audience_group,teacher,audience_group,teacher,observed_refinement_signature,halloween teacher gift,True,,gift,teacher,teacher,,,halloween,,,,7,82132,357593.0,2,growing,20.36,halloween teacher gift | teacher halloween gift | halloween gift for teacher
SEG000102,CD000006,Grandpa Gift,Birthday,occasion:birthday,occasion,birthday,Birthday,occasion,birthday,occasion,birthday,observed_refinement_signature,grandpa birthday gift,True,Card,gift,grandpa,,,,,birthday,,,24,143641,841953.0,4,declining,20.23,grandpa birthday gift | grandpa birthday card | birthday gift for grandpa | gift for grandpa birthday | grandpa gift for birthday | happy birthday grandpa | birthday card for grandpa
SEG000103,CD000003,Girl Gift,Female,audience_modifier:baby|audience_modifier:female|occasion:birthday,audience_group|audience_group|occasion,baby|female|birthday,Baby|Female|Birthday,audience_group,female,audience_group,female,observed_refinement_signature,half birthday outfit baby girl,True,,gift,female,,,,,birthday,,,63,159166,696801.0,4,declining,20.23,half birthday outfit baby girl | baby girl 1st birthday gift | baby girl first birthday outfit | baby girl first birthday gift | baby girl 1st birthday outfit | baby girl birthday dress | first birthday dress baby girl | baby 1st birthday gift for girls
SEG000104,CD000003,Girl Gift,Female,audience_modifier:female|theme:american,audience_group|niche,female|american,Female|American,audience_group,female,audience_group,female,observed_refinement_signature,american girl gift card,True,Card,gift,female,,,,,,american,,6,213425,558225.5,4,growing,20.12,american girl gift card | american girl doll gift card
SEG000105,CD000007,Wife Gift,Appreciation,intent:appreciation,intent,appreciation,Appreciation,intent,appreciation,intent,appreciation,observed_refinement_signature,pastor wife appreciation gift,True,Card,appreciation,wife,,,,,appreciation,,,9,203185,625230.0,4,declining,20.05,pastor wife appreciation gift | pastors wife appreciation gift | pastor and wife appreciation cards | pastor and wife appreciation gift
SEG000106,CD000002,Dad Gift,Christmas,holiday:christmas|relationship:son,holiday|relationship,christmas|son,Christmas|From Son,holiday,christmas,holiday,christmas,observed_refinement_signature,dad christmas gift from son,True,,gift,dad,,,,christmas,,,,6,88737,336000.5,2,growing,19.8,dad christmas gift from son | christmas gift for dad from son
SEG000107,CD000008,Husband Gift,Valentine,holiday:valentine|occasion:valentine's day,holiday|occasion,valentine|valentine's day,Valentine|Valentine's Day,holiday,valentine,holiday,valentine,observed_refinement_signature,husband valentines day gift,True,,gift,husband,,,,valentine,valentine's day,,,2,92549,108799.5,1,emerging,19.78,husband valentines day gift | valentines day gift for husband
SEG000108,CD000001,Mom Gift,Christmas,holiday:christmas|relationship:son,holiday|relationship,christmas|son,Christmas|From Son,holiday,christmas,holiday,christmas,observed_refinement_signature,christmas gift for mom from son,True,,gift,mom,,,,christmas,,,,9,88033,397558.0,2,growing,19.6,christmas gift for mom from son | mom christmas gift from son | mother christmas gift from son | gift for mom christmas from son | christmas presents for mom from son
SEG000109,CD000005,Teacher Gift,Teacher,audience_modifier:teacher|occasion:birthday,audience_group|occasion,teacher|birthday,Teacher|Birthday,audience_group,teacher,audience_group,teacher,observed_refinement_signature,teacher birthday gift,True,Card,gift,teacher,teacher,,,,birthday,,,9,215144,720191.0,4,declining,19.52,teacher birthday gift | student birthday gift from teacher | teacher birthday card | birthday gift for students from teacher
SEG000110,CD000004,Grandma Gift,Anniversary,occasion:anniversary,occasion,anniversary,Anniversary,occasion,anniversary,occasion,anniversary,observed_refinement_signature,nana 25th anniversary edition,True,,gift,grandma,,,,,anniversary,,,4,187132,308571.0,3,declining,19.34,nana 25th anniversary edition | nana anniversary edition
SEG000111,CD000003,Girl Gift,Female,audience_modifier:female|audience_modifier:teen|theme:faith,audience_group|audience_group|niche,female|teen|faith,Female|Teen|Faith,audience_group,female,audience_group,female,observed_refinement_signature,christian gift for teen girls,True,,gift,teen,,,,,,faith,,9,205186,775942.0,4,growing,19.24,christian gift for teen girls | christian teen girl gift | christian gift for teenage girls | teen girl christian gift
SEG000112,CD000001,Mom Gift,Adult,audience_modifier:adult,audience_group,adult,Adult,audience_group,adult,audience_group,adult,observed_refinement_signature,gift for adult mom,True,,gift,adult,,,,,,,,8,101526,742827.5,3,growing,18.93,gift for adult mom | gift for adult sons from mom | gift for adult daughter from mom | gift for adult son from mom
SEG000113,CD000016,Son Gift,Memorial,occasion:memorial,occasion,memorial,Memorial,occasion,memorial,occasion,memorial,observed_refinement_signature,memorial gift for loss of son,True,,gift,son,,,,,memorial,,,4,316382,466342.5,4,growing,18.89,memorial gift for loss of son
SEG000114,CD000003,Girl Gift,Female,audience_modifier:female|audience_modifier:kid|holiday:christmas,audience_group|audience_group|holiday,female|kid|christmas,Female|Kid|Christmas,audience_group,female,audience_group,female,observed_refinement_signature,kids christmas pajamas girls,True,,gift,kid,,,,christmas,,,,32,148614,604459.0,3,growing,18.67,kids christmas pajamas girls | christmas gift for kids 8 12 girls | christmas pajamas kids girls | christmas pajamas for kids girls | kids christmas dresses for girls | kids christmas gift girls | kids christmas outfits girls | christmas pjs kids girls
SEG000115,CD000016,Son Gift,Christmas,holiday:christmas,holiday,christmas,Christmas,holiday,christmas,holiday,christmas,observed_refinement_signature,christmas card for son,True,Card,gift,son,,,,christmas,,,,37,73428,690343.0,2,growing,18.56,christmas card for son | son in law christmas gift | son christmas card | christmas card son | christmas gift for son | gift for son in law christmas | son christmas gift | christmas cards for son
SEG000116,CD000001,Mom Gift,Baby,audience_modifier:baby,audience_group,baby,Baby,audience_group,baby,audience_group,baby,observed_refinement_signature,baby shower gift for mom,True,,gift,baby,,,,,,,,18,210362,919577.0,4,declining,18.52,baby shower gift for mom | mom and baby gift | baby loss gift for mom | baby mom gift | baby gift for mom | gift for mom from baby | mommy gift after baby | baby mama gift
SEG000117,CD000001,Mom Gift,Senior,audience_modifier:senior,audience_group,senior,Senior,audience_group,senior,audience_group,senior,observed_refinement_signature,gift for elderly mom,True,,gift,senior,,,,,,,,12,153479,599705.0,3,growing,18.42,gift for elderly mom | best gift for elderly mom | cool gift for elderly mom | unique gift for elderly mom | useful gift for elderly mom | gift for elderly mother | gift for elderly mother in law | gift for senior mom
SEG000118,CD000003,Girl Gift,Female,audience_modifier:female|theme:faith,audience_group|niche,female|faith,Female|Faith,audience_group,female,audience_group,female,observed_refinement_signature,christian gift for girls,True,,gift,female,,,,,,faith,,9,300520,748238.0,4,growing,18.28,christian gift for girls | christian girl gift | girls christian gift
SEG000119,CD000010,Gardening Gift,Memorial,occasion:memorial,occasion,memorial,Memorial,occasion,memorial,occasion,memorial,observed_refinement_signature,memorial garden stones,True,,gift,,,gardening,,,memorial,,,5,338421,690977.0,4,declining,18.16,memorial garden stones | memorial garden stone
SEG000120,CD000003,Girl Gift,Female,audience_modifier:female|audience_modifier:toddler|occasion:birthday,audience_group|audience_group|occasion,female|toddler|birthday,Female|Toddler|Birthday,audience_group,female,audience_group,female,observed_refinement_signature,toddler girl birthday gift,True,,gift,toddler,,,,,birthday,,,12,260021,846303.5,4,declining,18.13,toddler girl birthday gift | toddler girl birthday dress | toddler girl birthday outfits | toddler girl birthday decorations
SEG000121,CD000008,Husband Gift,Anniversary,occasion:anniversary|occasion:wedding,occasion|occasion,anniversary|wedding,Anniversary|Wedding,occasion,anniversary,occasion,anniversary,observed_refinement_signature,wedding anniversary card for husband,True,Card,gift,husband,,,,,wedding,,,4,340961,758511.0,4,declining,17.94,wedding anniversary card for husband
SEG000122,CD000008,Husband Gift,Valentine,holiday:valentine,holiday,valentine,Valentine,holiday,valentine,holiday,valentine,observed_refinement_signature,valentines gift for husband,True,,gift,husband,,,,valentine,,,,1,134688,134688.0,1,emerging,17.76,valentines gift for husband
SEG000123,CD000013,Daughter Gift,Birthday,audience_modifier:adult|occasion:birthday,audience_group|occasion,adult|birthday,Adult|Birthday,occasion,birthday,occasion,birthday,observed_refinement_signature,birthday gift for daughter adult,True,Card,gift,adult,,,,,birthday,,,23,270810,901243.0,4,declining,17.75,birthday gift for daughter adult | birthday cards for daughter adult | birthday card for daughter adult | adult daughter birthday gift | birthday card daughter adult | birthday card for adult daughter | birthday gift for adult daughter
SEG000124,CD000016,Son Gift,Birthday,audience_modifier:adult|occasion:birthday,audience_group|occasion,adult|birthday,Adult|Birthday,occasion,birthday,occasion,birthday,observed_refinement_signature,birthday gift for son adult,True,Card,gift,adult,,,,,birthday,,,15,298710,769000.0,4,declining,17.73,birthday gift for son adult | birthday card for son adult | birthday cards for son adult | birthday card for adult son
SEG000125,CD000012,Soccer Gift,Christmas,holiday:christmas,holiday,christmas,Christmas,holiday,christmas,holiday,christmas,observed_refinement_signature,football christmas wrapping paper,True,,gift,,,soccer,,christmas,,,,28,291461,876753.5,4,growing,17.66,football christmas wrapping paper | football christmas tree | soccer christmas wrapping paper | soccer christmas gift | football christmas tree topper | soccer wrapping paper christmas | football wrapping paper christmas | football christmas tree decorations
SEG000126,CD000010,Gardening Gift,Wedding,occasion:wedding,occasion,wedding,Wedding,occasion,wedding,occasion,wedding,observed_refinement_signature,pretty garden wedding guest dresses,True,,gift,,,gardening,,,wedding,,,9,227165,645652.0,3,declining,17.58,pretty garden wedding guest dresses | garden wedding guest dress | garden party wedding guest dress | garden formal dresses for wedding guest
SEG000127,CD000001,Mom Gift,Faith,theme:faith,niche,faith,Faith,niche,faith,niche,faith,observed_refinement_signature,christian gift for mom,True,,gift,mom,,,,,,faith,,10,157352,1027838.0,3,growing,17.33,christian gift for mom | christian mom gift | religious gift for mom | mom christian gift | gift for mom christian | gift for christian mom
SEG000128,CD000017,Dog Lover Gift,Sympathy,occasion:sympathy,occasion,sympathy,Sympathy,occasion,sympathy,occasion,sympathy,observed_refinement_signature,dog sympathy card,True,Card,gift,,,dog lover,,,sympathy,,,17,357999,694021.0,4,declining,17.33,dog sympathy card | pet sympathy cards for dogs | loss of dog sympathy card | sympathy card for loss of dog | sympathy card for loss of pet dog
SEG000129,CD000001,Mom Gift,Birthday,occasion:birthday|relationship:son,occasion|relationship,birthday|son,Birthday|From Son,occasion,birthday,occasion,birthday,observed_refinement_signature,mom birthday gift from son,True,,gift,mom,,,,,birthday,,,9,412767,635441.0,4,declining,17.33,mom birthday gift from son | birthday gift for mom from son
SEG000130,CD000003,Girl Gift,Female,audience_modifier:female|interest:hunting,audience_group|interest,female|hunting,Female|Hunting,audience_group,female,audience_group,female,observed_refinement_signature,demon hunter gift for girls,True,,gift,female,,hunting,,,,,,8,230544,573343.0,3,growing,16.92,demon hunter gift for girls | kpop demon hunter gift for girls | k pop demon hunter gift for girls
SEG000131,CD000007,Wife Gift,Wedding,occasion:wedding,occasion,wedding,Wedding,occasion,wedding,occasion,wedding,observed_refinement_signature,mrs and mrs wedding gift,True,Sign,gift,wife,,,,,wedding,,,6,429148,700708.0,4,declining,16.87,mrs and mrs wedding gift | mr and mrs sign for wedding table
SEG000132,CD000001,Mom Gift,Sympathy,occasion:sympathy,occasion,sympathy,Sympathy,occasion,sympathy,occasion,sympathy,observed_refinement_signature,sympathy cards for loss of mother,True,Card,gift,mom,,,,,sympathy,,,11,443762,746389.0,4,declining,16.75,sympathy cards for loss of mother | sympathy card for loss of mother | loss of mother sympathy card | sympathy card loss of mother
SEG000133,CD000004,Grandma Gift,Dog,pet:dog,pet,dog,Dog,pet,dog,pet,dog,observed_refinement_signature,dog grandma gift,True,,gift,grandma,,,dog,,,,,2,174035,412969.0,2,growing,16.62,dog grandma gift
SEG000134,CD000015,Coffee Lover Gift,Birthday,occasion:birthday,occasion,birthday,Birthday,occasion,birthday,occasion,birthday,observed_refinement_signature,a tini bit older birthday espresso,True,,gift,,,coffee lover,,,birthday,,,9,446144,830189.0,4,declining,16.16,a tini bit older birthday espresso | coffee birthday decorations | espresso martini birthday decorations
SEG000135,CD000003,Girl Gift,Female,audience_modifier:female|occasion:birthday|pet:dog,audience_group|occasion|pet,female|birthday|dog,Female|Birthday|Dog,audience_group,female,audience_group,female,observed_refinement_signature,girl dog birthday,True,,gift,female,,,dog,,birthday,,,28,441073,912275.0,4,declining,15.95,girl dog birthday | dog birthday girl | dog birthday outfit girl | girl dog birthday outfit | dog 1st birthday girl | dog birthday decorations girl | dog birthday bandana girl | dog birthday hat girl
SEG000136,CD000008,Husband Gift,Birthday,occasion:birthday|theme:funny,occasion|niche,birthday|funny,Birthday|Funny,occasion,birthday,occasion,birthday,observed_refinement_signature,funny birthday card for husband,True,Card,gift,husband,,,,,birthday,funny,,16,482965,829867.0,4,declining,15.91,funny birthday card for husband | husband birthday card funny | funny husband birthday card | birthday card for husband funny | funny birthday cards for husband
SEG000137,CD000002,Dad Gift,Senior,audience_modifier:senior,audience_group,senior,Senior,audience_group,senior,audience_group,senior,observed_refinement_signature,gift for elderly dad,True,,gift,senior,,,,,,,,7,273989,788093.0,3,growing,15.84,gift for elderly dad | unique gift for elderly dad | best gift for elderly dad
SEG000138,CD000009,Cat Lover Gift,Cat Lover,audience_modifier:male|lifestyle:cat lover,audience_group|lifestyle,male|cat lover,Male|Cat Lover,lifestyle,cat lover,lifestyle,cat lover,observed_refinement_signature,cat lover gift for men,True,,gift,male,,cat lover,,,,,cat lover,5,179862,525886.0,2,growing,15.66,cat lover gift for men | gift for cat lovers men | cat lovers gift for men
SEG000139,CD000002,Dad Gift,Birthday,occasion:birthday|theme:funny,occasion|niche,birthday|funny,Birthday|Funny,occasion,birthday,occasion,birthday,observed_refinement_signature,funny dad birthday card,True,Card,gift,dad,,,,,birthday,funny,,13,499655,817391.0,4,declining,15.58,funny dad birthday card | funny birthday card for dad | dad birthday card funny | funny birthday cards for dad
SEG000140,CD000005,Teacher Gift,Teacher,audience_modifier:female|audience_modifier:teacher|holiday:christmas,audience_group|audience_group|holiday,female|teacher|christmas,Female|Teacher|Christmas,audience_group,teacher,audience_group,teacher,observed_refinement_signature,teacher christmas gift for women,True,,gift,teacher,teacher,,,christmas,,,,3,233947,400880.0,2,growing,15.55,teacher christmas gift for women | teacher gift for women christmas
SEG000141,CD000006,Grandpa Gift,Funny,theme:funny,niche,funny,Funny,niche,funny,niche,funny,observed_refinement_signature,funny grandpa gift,True,,gift,grandpa,,,,,,funny,,4,223423,519081.0,2,growing,15.45,funny grandpa gift | funny gift for grandpa
SEG000142,CD000021,Realtor Gift,Female,audience_modifier:female,audience_group,female,Female,audience_group,female,audience_group,female,observed_refinement_signature,realtor gift for women,True,,gift,female,realtor,,,,,,,3,290743,816712.0,3,growing,15.44,realtor gift for women
SEG000143,CD000002,Dad Gift,Baby,audience_modifier:baby,audience_group,baby,Baby,audience_group,baby,audience_group,baby,observed_refinement_signature,daddy gift from baby,True,,gift,baby,,,,,,,,8,579470,884398.0,4,growing,15.14,daddy gift from baby | dad gift for new baby | baby daddy gift | dad baby shower gift | gift for dad from baby
SEG000144,CD000012,Soccer Gift,Kid,audience_modifier:kid,audience_group,kid,Kid,audience_group,kid,audience_group,kid,observed_refinement_signature,soccer gift for kids,True,,gift,kid,,soccer,,,,,,13,567080,925646.0,4,growing,15.11,soccer gift for kids | kids football gift | football kids gift | football gift for kids | gift for kids who love soccer | end of season soccer gift for kids
SEG000145,CD000004,Grandma Gift,Baby,audience_modifier:baby,audience_group,baby,Baby,audience_group,baby,audience_group,baby,observed_refinement_signature,grandma gift for new baby,True,,gift,baby,,,,,,,,4,605156,795180.0,4,growing,15.09,grandma gift for new baby
SEG000146,CD000003,Girl Gift,Female,audience_modifier:female|audience_modifier:kid|occasion:birthday,audience_group|audience_group|occasion,female|kid|birthday,Female|Kid|Birthday,audience_group,female,audience_group,female,observed_refinement_signature,birthday girl sash for kids,True,,gift,kid,,,,,birthday,,,8,609840,934096.5,4,declining,15.0,birthday girl sash for kids | birthday girl headband kids
SEG000147,CD000008,Husband Gift,Funny,theme:funny,niche,funny,Funny,niche,funny,niche,funny,observed_refinement_signature,funny gift for husband,True,,gift,husband,,,,,,funny,,7,205821,569141.0,2,growing,14.8,funny gift for husband | funny husband gift | funny husband gift from wife | gag gift for husband
SEG000148,CD000007,Wife Gift,Anniversary,occasion:anniversary|theme:funny,occasion|niche,anniversary|funny,Anniversary|Funny,occasion,anniversary,occasion,anniversary,observed_refinement_signature,funny anniversary cards for wife,True,Card,gift,wife,,,,,anniversary,funny,,3,470442,485083.0,3,declining,14.78,funny anniversary cards for wife
SEG000149,CD000009,Cat Lover Gift,Christmas,holiday:christmas|theme:funny,holiday|niche,christmas|funny,Christmas|Funny,holiday,christmas,holiday,christmas,observed_refinement_signature,funny cat christmas cards,True,Card,gift,,,cat lover,,christmas,,funny,,2,302809,357626.0,2,growing,14.77,funny cat christmas cards
SEG000150,CD000002,Dad Gift,Male,audience_modifier:male,audience_group,male,Male,audience_group,male,audience_group,male,observed_refinement_signature,god father gift for men,True,,gift,male,,,,,,,,6,308561,901742.5,3,growing,14.77,god father gift for men | new dad gift for men | new daddy gift for men | new father gift for men
SEG000151,CD000017,Dog Lover Gift,Graduation,occasion:graduation,occasion,graduation,Graduation,occasion,graduation,occasion,graduation,observed_refinement_signature,dog graduation cap and gown,True,,gift,,,dog lover,,,graduation,,,8,680558,796824.5,4,declining,14.69,dog graduation cap and gown | dog graduation cap
SEG000152,CD000003,Girl Gift,Female,audience_modifier:female|holiday:halloween,audience_group|holiday,female|halloween,Female|Halloween,audience_group,female,audience_group,female,observed_refinement_signature,halloween gift for girls,True,,gift,female,,,,halloween,,,,8,176823,969294.0,2,growing,14.54,halloween gift for girls | halloween girl gift | halloween gift for college girls | girls halloween gift | girl halloween gift | halloween gift for girls 8 10
SEG000153,CD000002,Dad Gift,Kid,audience_modifier:kid|relationship:kids,audience_group|relationship,kid|kids,Kid|From Kids,audience_group,kid,audience_group,kid,observed_refinement_signature,gift for dad from kids,True,,gift,kid,,,,,,,,10,183134,781396.0,2,growing,14.49,gift for dad from kids | dad gift from kids | gift from kids to dad | gift to dad from kids | best dad gift from kids | gift for father from kids
SEG000154,CD000012,Soccer Gift,Senior,audience_modifier:senior,audience_group,senior,Senior,audience_group,senior,audience_group,senior,observed_refinement_signature,football senior night gift,True,,gift,senior,,soccer,,,,,,16,217562,694917.0,2,growing,14.49,football senior night gift | senior football gift | senior night football gift | soccer senior night gift | senior football player gift | senior soccer gift | senior night football gift ideas | senior night gift football
SEG000155,CD000002,Dad Gift,Sympathy,occasion:sympathy,occasion,sympathy,Sympathy,occasion,sympathy,occasion,sympathy,observed_refinement_signature,sympathy card loss of father,True,Card,gift,dad,,,,,sympathy,,,4,717630,809887.5,4,declining,14.38,sympathy card loss of father
SEG000156,CD000017,Dog Lover Gift,Dog Lover,audience_modifier:male|lifestyle:dog lover,audience_group|lifestyle,male|dog lover,Male|Dog Lover,lifestyle,dog lover,lifestyle,dog lover,observed_refinement_signature,dog lover gift for men,True,,gift,male,,dog lover,,,,,dog lover,3,254553,593443.0,2,growing,14.26,dog lover gift for men | gift for dog lovers men
SEG000157,CD000001,Mom Gift,Birthday,occasion:birthday|theme:funny,occasion|niche,birthday|funny,Birthday|Funny,occasion,birthday,occasion,birthday,observed_refinement_signature,funny birthday card for mom,True,Card,gift,mom,,,,,birthday,funny,,12,680989,937671.0,4,declining,14.15,funny birthday card for mom | mom birthday card funny | funny mom birthday card | birthday card for mom funny | funny birthday cards for mom
SEG000158,CD000004,Grandma Gift,Funny,theme:funny,niche,funny,Funny,niche,funny,niche,funny,observed_refinement_signature,funny grandma gift,True,,gift,grandma,,,,,,funny,,8,234457,841921.5,2,growing,13.94,funny grandma gift | funny gift for grandma | granny panties gag gift | gag gift for grandma | giant granny panties gag gift
SEG000159,CD000005,Teacher Gift,Teacher,audience_modifier:teacher|holiday:thanksgiving,audience_group|holiday,teacher|thanksgiving,Teacher|Thanksgiving,audience_group,teacher,audience_group,teacher,observed_refinement_signature,thanksgiving teacher gift,True,,gift,teacher,teacher,,,thanksgiving,,,,4,245731,272987.5,1,stable,13.75,thanksgiving teacher gift | thanksgiving gift for teacher | teacher thanksgiving gift
SEG000160,CD000007,Wife Gift,Anniversary,occasion:anniversary|occasion:wedding,occasion|occasion,anniversary|wedding,Anniversary|Wedding,occasion,anniversary,occasion,anniversary,observed_refinement_signature,wedding anniversary card for wife,True,Card,gift,wife,,,,,wedding,,,3,509828,680558.0,3,declining,13.7,wedding anniversary card for wife
SEG000161,CD000003,Girl Gift,Female,audience_modifier:female|interest:gaming,audience_group|interest,female|gaming,Female|Gaming,audience_group,female,audience_group,female,observed_refinement_signature,gamer girl gift,True,,gift,female,,gaming,,,,,,5,235414,648834.0,2,growing,13.68,gamer girl gift | gift for gamer girls | girl gamer gift
SEG000162,CD000009,Cat Lover Gift,Kid,audience_modifier:kid,audience_group,kid,Kid,audience_group,kid,audience_group,kid,observed_refinement_signature,cat gift for kids,True,,gift,kid,,cat lover,,,,,,5,445528,978938.0,3,growing,13.62,cat gift for kids | cat themed gift for kids
SEG000163,CD000013,Daughter Gift,Memorial,occasion:memorial,occasion,memorial,Memorial,occasion,memorial,occasion,memorial,observed_refinement_signature,memorial gift for loss of daughter,True,,gift,daughter,,,,,memorial,,,4,766218,1039421.0,4,growing,13.54,memorial gift for loss of daughter
SEG000164,CD000009,Cat Lover Gift,Female,audience_modifier:female|theme:funny,audience_group|niche,female|funny,Female|Funny,audience_group,female,audience_group,female,observed_refinement_signature,funny cat gift for women,True,,gift,female,,cat lover,,,,funny,,2,315038,576056.5,2,growing,13.51,funny cat gift for women
SEG000165,CD000013,Daughter Gift,Christmas,audience_modifier:adult|holiday:christmas,audience_group|holiday,adult|christmas,Adult|Christmas,holiday,christmas,holiday,christmas,observed_refinement_signature,christmas gift for adult daughter,True,Card,gift,adult,,,,christmas,,,,9,325663,545005.0,2,growing,13.42,christmas gift for adult daughter | adult daughter christmas gift | daughter christmas cards adult | christmas gift for daughter adult | adult daughter christmas gift ideas
SEG000166,CD000003,Girl Gift,Female,audience_modifier:female|audience_modifier:senior,audience_group|audience_group,female|senior,Female|Senior,audience_group,female,audience_group,female,observed_refinement_signature,senior gift for girls 2026,True,,gift,senior,,,,,,,,3,340126,526694.0,2,growing,13.42,senior gift for girls 2026 | senior night gift for girls
SEG000167,CD000001,Mom Gift,Kid,audience_modifier:kid|relationship:kids,audience_group|relationship,kid|kids,Kid|From Kids,audience_group,kid,audience_group,kid,observed_refinement_signature,gift for mom from kids,True,,gift,kid,,,,,,,,6,188717,926663.0,2,growing,13.41,gift for mom from kids | mom gift from kids | gift from kids to mom | gift from kid to mom
SEG000168,CD000011,Reading Gift,Christmas,holiday:christmas,holiday,christmas,Christmas,holiday,christmas,holiday,christmas,observed_refinement_signature,christmas reading glasses,True,,gift,,,reading,,christmas,,,,2,386270,448128.5,2,declining,13.27,christmas reading glasses
SEG000169,CD000003,Girl Gift,Female,audience_modifier:baby|audience_modifier:female|intent:appreciation,audience_group|audience_group|intent,baby|female|appreciation,Baby|Female|Appreciation,audience_group,female,audience_group,female,observed_refinement_signature,thanks giving outfit baby girl,True,Card,gift,female,,,,,appreciation,,,9,426248,927814.0,3,growing,13.21,thanks giving outfit baby girl | baby shower thank you cards girl | baby girl thank you cards | thank you cards baby shower girl | thanks giving baby girl outfit
SEG000170,CD000008,Husband Gift,Sympathy,occasion:sympathy,occasion,sympathy,Sympathy,occasion,sympathy,occasion,sympathy,observed_refinement_signature,sympathy card loss of husband,True,Card,gift,husband,,,,,sympathy,,,5,836136,1010570.0,4,declining,13.17,sympathy card loss of husband | sympathy card for loss of husband
SEG000171,CD000008,Husband Gift,Wedding,occasion:wedding,occasion,wedding,Wedding,occasion,wedding,occasion,wedding,observed_refinement_signature,to my husband on our wedding day card,True,Card,gift,husband,,,,,wedding,,,7,436793,1076790.0,3,declining,13.11,to my husband on our wedding day card | gift for husband on wedding day | wedding gift for husband | husband wedding day gift
SEG000172,CD000001,Mom Gift,Soccer,interest:soccer,interest,soccer,Soccer,interest,soccer,interest,soccer,observed_refinement_signature,soccer mom gift,True,,gift,mom,,soccer,,,,,,4,441233,1074857.5,3,growing,12.88,soccer mom gift | team mom gift football | football mom gift
SEG000173,CD000001,Mom Gift,Birthday,audience_modifier:female|occasion:birthday,audience_group|occasion,female|birthday,Female|Birthday,occasion,birthday,occasion,birthday,observed_refinement_signature,candle warmer lamp with timer dimmable birthday gift for women mom house warming gift new home d,True,,gift,female,,,,,birthday,,,3,367690,585828.0,2,growing,12.86,candle warmer lamp with timer dimmable birthday gift for women mom house warming gift new home d | candle warmer lamp with timer dimmer birthday gift for mom women friend sister house warming gift
SEG000174,CD000016,Son Gift,Christmas,audience_modifier:adult|holiday:christmas,audience_group|holiday,adult|christmas,Adult|Christmas,holiday,christmas,holiday,christmas,observed_refinement_signature,adult son christmas gift ideas,True,Card,gift,adult,,,,christmas,,,,9,266686,922240.0,2,growing,12.79,adult son christmas gift ideas | christmas gift for adult son | christmas gift for son adult | son christmas cards adult | christmas card for adult son
SEG000175,CD000007,Wife Gift,Funny,theme:funny,niche,funny,Funny,niche,funny,niche,funny,observed_refinement_signature,funny gift for wife,True,,gift,wife,,,,,,funny,,6,284821,905565.0,2,growing,12.71,funny gift for wife | funny wife gift | gag gift for wife
SEG000176,CD000002,Dad Gift,From Daughter,relationship:daughter|theme:funny,relationship|niche,daughter|funny,From Daughter|Funny,relationship,daughter,relationship,daughter,observed_refinement_signature,funny dad gift from daughter,True,,gift,dad,,,,,,funny,,4,327388,719983.0,2,growing,12.61,funny dad gift from daughter | funny gift for dad from daughter | dad gift from daughter funny
SEG000177,CD000012,Soccer Gift,Appreciation,intent:appreciation,intent,appreciation,Appreciation,intent,appreciation,intent,appreciation,observed_refinement_signature,football thank you cards,True,Card,appreciation,,,soccer,,,appreciation,,,5,566707,933236.0,3,declining,12.58,football thank you cards | soccer thank you cards | soccer coach thank you card
SEG000178,CD000003,Girl Gift,Female,audience_modifier:adult|audience_modifier:female,audience_group|audience_group,adult|female,Adult|Female,audience_group,female,audience_group,female,observed_refinement_signature,young adult girl gift,True,,gift,female,,,,,,,,7,341845,665213.0,2,growing,12.55,young adult girl gift | adult girl gift | gift for girl friendship adult | gift for girl best friend adult | gift for young adult girls
SEG000179,CD000009,Cat Lover Gift,Appreciation,intent:appreciation,intent,appreciation,Appreciation,intent,appreciation,intent,appreciation,observed_refinement_signature,cat thank you cards,True,Card,appreciation,,,cat lover,,,appreciation,,,4,990766,1071121.5,4,stable,12.51,cat thank you cards
SEG000180,CD000003,Girl Gift,Female,audience_modifier:baby|audience_modifier:female|occasion:wedding,audience_group|audience_group|occasion,baby|female|wedding,Baby|Female|Wedding,audience_group,female,audience_group,female,observed_refinement_signature,baby girl wedding guest dress,True,,gift,female,,,,,wedding,,,4,374625,615344.5,2,declining,12.49,baby girl wedding guest dress | baby wedding outfit girl
SEG000181,CD000003,Girl Gift,Female,audience_modifier:female|lifestyle:cat lover|pet:cat,audience_group|lifestyle|pet,female|cat lover|cat,Female|Cat Lover|Cat,audience_group,female,audience_group,female,observed_refinement_signature,cat lover gift for girls,True,,gift,female,,,cat,,,,cat lover,2,422251,540301.0,2,growing,12.49,cat lover gift for girls
SEG000182,CD000003,Girl Gift,American,theme:american,niche,american,American,niche,american,niche,american,observed_refinement_signature,american pie presents girls' rules,True,,gift,girl,,,,,,american,,3,574182,1033357.0,3,declining,12.25,american pie presents girls' rules
SEG000183,CD000008,Husband Gift,Christmas,audience_modifier:male|holiday:christmas,audience_group|holiday,male|christmas,Male|Christmas,holiday,christmas,holiday,christmas,observed_refinement_signature,christmas gift for him husband,True,,gift,male,,,,christmas,,,,2,472269,541948.5,2,growing,12.02,christmas gift for him husband
SEG000184,CD000002,Dad Gift,Christmas,audience_modifier:male|holiday:christmas,audience_group|holiday,male|christmas,Male|Christmas,holiday,christmas,holiday,christmas,observed_refinement_signature,men gift for christmas for dad,True,,gift,male,,,,christmas,,,,1,347109,347109.0,1,emerging,11.76,men gift for christmas for dad
SEG000185,CD000005,Teacher Gift,Teacher,audience_modifier:teacher|theme:faith,audience_group|niche,teacher|faith,Teacher|Faith,audience_group,teacher,audience_group,teacher,observed_refinement_signature,christian teacher gift,True,,gift,teacher,teacher,,,,,faith,,2,432820,724980.5,2,growing,11.71,christian teacher gift
SEG000186,CD000009,Cat Lover Gift,Birthday,occasion:birthday|theme:funny,occasion|niche,birthday|funny,Birthday|Funny,occasion,birthday,occasion,birthday,observed_refinement_signature,funny cat birthday card,True,Card,gift,,,cat lover,,,birthday,funny,,3,696346,953610.0,3,declining,11.67,funny cat birthday card
SEG000187,CD000003,Girl Gift,Female,audience_modifier:female|lifestyle:book lover,audience_group|lifestyle,female|book lover,Female|Book Lover,audience_group,female,audience_group,female,observed_refinement_signature,gift for book lovers girls,True,,gift,female,,,,,,,book lover,2,512204,560253.0,2,growing,11.61,gift for book lovers girls
SEG000188,CD000004,Grandma Gift,Female,audience_modifier:female,audience_group,female,Female,audience_group,female,audience_group,female,observed_refinement_signature,nana gift for women,True,,gift,female,,,,,,,,1,363673,363673.0,1,emerging,11.47,nana gift for women
SEG000189,CD000002,Dad Gift,Fishing,interest:fishing,interest,fishing,Fishing,interest,fishing,interest,fishing,observed_refinement_signature,fishing gift for dad,True,,gift,dad,,fishing,,,,,,7,347109,926826.0,2,growing,11.46,fishing gift for dad | dad fishing gift | gift for dad fishing | fishing gift dad | fishing dad gift | gift for fishing dad
SEG000190,CD000007,Wife Gift,Female,audience_modifier:female,audience_group,female,Female,audience_group,female,audience_group,female,observed_refinement_signature,work wife gift for women,True,,gift,female,,,,,,,,2,424246,854277.5,2,growing,11.39,work wife gift for women
SEG000191,CD000003,Girl Gift,Female,audience_modifier:female|audience_modifier:kid,audience_group|audience_group,female|kid,Female|Kid,audience_group,female,audience_group,female,observed_refinement_signature,kids gift girls,True,,gift,kid,,,,,,,,15,365847,1004114.0,2,growing,11.33,kids gift girls | kids gift 8 12 girls | gift for kids girls | kids gift for girls | kids gift girls ages 8 12 | gift for girls kids toys 6 7 8 9 10 years old | gift for kids 8 12 girls | kids girls gift
SEG000192,CD000013,Daughter Gift,Anniversary,occasion:anniversary,occasion,anniversary,Anniversary,occasion,anniversary,occasion,anniversary,observed_refinement_signature,anniversary card for daughter and son in law,True,Card,gift,daughter,,,,,anniversary,,,4,506961,623435.5,2,declining,11.33,anniversary card for daughter and son in law | anniversary card for son and daughter in law
SEG000193,CD000016,Son Gift,Birthday,occasion:birthday|theme:funny,occasion|niche,birthday|funny,Birthday|Funny,occasion,birthday,occasion,birthday,observed_refinement_signature,funny birthday card for son,True,Card,gift,son,,,,,birthday,funny,,2,443224,832069.0,2,declining,11.29,funny birthday card for son
SEG000194,CD000003,Girl Gift,Female,audience_modifier:female|audience_modifier:toddler|occasion:wedding,audience_group|audience_group|occasion,female|toddler|wedding,Female|Toddler|Wedding,audience_group,female,audience_group,female,observed_refinement_signature,toddler girl wedding guest dress,True,,gift,toddler,,,,,wedding,,,2,492521,695103.5,2,declining,11.29,toddler girl wedding guest dress
SEG000195,CD000003,Girl Gift,Female,audience_modifier:female|audience_modifier:teen|holiday:halloween,audience_group|audience_group|holiday,female|teen|halloween,Female|Teen|Halloween,audience_group,female,audience_group,female,observed_refinement_signature,halloween gift for teen girls,True,,gift,teen,,,,halloween,,,,2,497387,718742.5,2,growing,11.18,halloween gift for teen girls
SEG000196,CD000010,Gardening Gift,Birthday,occasion:birthday,occasion,birthday,Birthday,occasion,birthday,occasion,birthday,observed_refinement_signature,grow a garden roblox birthday decorations,True,,gift,,,gardening,,,birthday,,,6,409553,918308.0,2,declining,11.17,grow a garden roblox birthday decorations | happy birthday garden flag | garden birthday party decorations | birthday garden flag
SEG000197,CD000017,Dog Lover Gift,Funny,theme:funny,niche,funny,Funny,niche,funny,niche,funny,observed_refinement_signature,funny dog gift,True,,gift,,,dog lover,,,,funny,,3,387409,1076210.0,2,growing,11.15,funny dog gift | funny hot dog gift
SEG000198,CD000013,Daughter Gift,Wedding,occasion:wedding,occasion,wedding,Wedding,occasion,wedding,occasion,wedding,observed_refinement_signature,daughter in law wedding gift,True,Card,gift,daughter,,,,,wedding,,,9,439625,865971.0,2,declining,11.15,daughter in law wedding gift | wedding card for son and daughter in law | wedding card for daughter | gift for daughter on wedding day | wedding card for daughter and son in law | daughter of the bride
SEG000199,CD000012,Soccer Gift,Christmas,audience_modifier:kid|holiday:christmas,audience_group|holiday,kid|christmas,Kid|Christmas,holiday,christmas,holiday,christmas,observed_refinement_signature,soccer ball with pump deflated operation christmas child,True,,gift,kid,,soccer,,christmas,,,,2,563341,580116.5,2,stable,11.14,soccer ball with pump deflated operation christmas child
SEG000200,CD000012,Soccer Gift,Kid,audience_modifier:kid|relationship:kids,audience_group|relationship,kid|kids,Kid|From Kids,audience_group,kid,audience_group,kid,observed_refinement_signature,soccer kids gift,True,,gift,kid,,soccer,,,,,,4,495446,743356.0,2,growing,11.12,soccer kids gift | kids soccer gift
